$timescale
	1ns
$end
$scope module tb $end
$var wire 1 ! clk $end
$var wire 1 " rst_n $end
$var wire 8 # counter [7:0] $end
$scope module i2c $end
$var wire 1 ) scl $end
$var wire 1 * sda $end
$upscope $end
$scope module spi $end
$var wire 1 $ sclk $end
$var wire 1 % cs_n $end
$var wire 1 & mosi $end
$var wire 1 ' miso $end
$upscope $end
$scope module uart $end
$var wire 1 ( tx $end
$upscope $end
$upscope $end
$enddefinitions $end
#0
$dumpvars
0!
0"
b00000000 #
1%
0$
0&
0'
1(
1)
1*
$end
#5
1!
#10
0!
#15
1!
#20
0!
#25
1!
#30
0!
#35
1!
#40
0!
#45
1!
#50
0!
#55
1!
#60
0!
#65
1!
#70
0!
#75
1!
#80
0!
#85
1!
#90
0!
#95
1!
#100
0!
#105
1!
#110
0!
#115
1!
#120
0!
#125
1!
#130
0!
#135
1!
#140
0!
#145
1!
#150
0!
#155
1!
#160
0!
#165
1!
#170
0!
#175
1!
#180
0!
#185
1!
#190
0!
#195
1!
#200
0!
1"
b00000001 #
#205
1!
#210
0!
b00000010 #
#215
1!
#220
0!
b00000011 #
#225
1!
#230
0!
b00000100 #
#235
1!
#240
0!
b00000101 #
#245
1!
#250
0!
b00000110 #
#255
1!
#260
0!
b00000111 #
#265
1!
#270
0!
b00001000 #
#275
1!
#280
0!
b00001001 #
#285
1!
#290
0!
b00001010 #
#295
1!
#300
0!
b00001011 #
#305
1!
#310
0!
b00001100 #
#315
1!
#320
0!
b00001101 #
#325
1!
#330
0!
b00001110 #
#335
1!
#340
0!
b00001111 #
#345
1!
#350
0!
b00010000 #
#355
1!
#360
0!
b00010001 #
#365
1!
#370
0!
b00010010 #
#375
1!
#380
0!
b00010011 #
#385
1!
#390
0!
b00010100 #
#395
1!
#400
0!
b00010101 #
#405
1!
#410
0!
b00010110 #
#415
1!
#420
0!
b00010111 #
#425
1!
#430
0!
b00011000 #
#435
1!
#440
0!
b00011001 #
#445
1!
#450
0!
b00011010 #
#455
1!
#460
0!
b00011011 #
#465
1!
#470
0!
b00011100 #
#475
1!
#480
0!
b00011101 #
#485
1!
#490
0!
b00011110 #
#495
1!
#500
0!
b00011111 #
#505
1!
#510
0!
b00100000 #
#515
1!
#520
0!
b00100001 #
#525
1!
#530
0!
b00100010 #
#535
1!
#540
0!
b00100011 #
#545
1!
#550
0!
b00100100 #
#555
1!
#560
0!
b00100101 #
#565
1!
#570
0!
b00100110 #
#575
1!
#580
0!
b00100111 #
#585
1!
#590
0!
b00101000 #
#595
1!
#600
0!
b00101001 #
#605
1!
#610
0!
b00101010 #
#615
1!
#620
0!
b00101011 #
#625
1!
#630
0!
b00101100 #
#635
1!
#640
0!
b00101101 #
#645
1!
#650
0!
b00101110 #
#655
1!
#660
0!
b00101111 #
#665
1!
#670
0!
b00110000 #
#675
1!
#680
0!
b00110001 #
#685
1!
#690
0!
b00110010 #
#695
1!
#700
0!
b00110011 #
#705
1!
#710
0!
b00110100 #
#715
1!
#720
0!
b00110101 #
#725
1!
#730
0!
b00110110 #
#735
1!
#740
0!
b00110111 #
#745
1!
#750
0!
b00111000 #
#755
1!
#760
0!
b00111001 #
#765
1!
#770
0!
b00111010 #
#775
1!
#780
0!
b00111011 #
#785
1!
#790
0!
b00111100 #
#795
1!
#800
0!
b00111101 #
#805
1!
#810
0!
b00111110 #
#815
1!
#820
0!
b00111111 #
#825
1!
#830
0!
b01000000 #
#835
1!
#840
0!
b01000001 #
#845
1!
#850
0!
b01000010 #
#855
1!
#860
0!
b01000011 #
#865
1!
#870
0!
b01000100 #
#875
1!
#880
0!
b01000101 #
#885
1!
#890
0!
b01000110 #
#895
1!
#900
0!
b01000111 #
#905
1!
#910
0!
b01001000 #
#915
1!
#920
0!
b01001001 #
#925
1!
#930
0!
b01001010 #
#935
1!
#940
0!
b01001011 #
#945
1!
#950
0!
b01001100 #
#955
1!
#960
0!
b01001101 #
#965
1!
#970
0!
b01001110 #
#975
1!
#980
0!
b01001111 #
#985
1!
#990
0!
b01010000 #
#995
1!
#1000
0!
b01010001 #
0%
#1005
1!
#1010
0!
b01010010 #
#1015
1!
#1020
0!
b01010011 #
#1025
1!
#1030
0!
b01010100 #
#1035
1!
#1040
0!
b01010101 #
#1045
1!
#1050
0!
b01010110 #
1&
0'
#1055
1!
#1060
0!
b01010111 #
#1065
1!
#1070
0!
b01011000 #
#1075
1!
#1080
0!
b01011001 #
#1085
1!
#1090
0!
b01011010 #
#1095
1!
#1100
0!
b01011011 #
1$
#1105
1!
#1110
0!
b01011100 #
#1115
1!
#1120
0!
b01011101 #
#1125
1!
#1130
0!
b01011110 #
#1135
1!
#1140
0!
b01011111 #
#1145
1!
#1150
0!
b01100000 #
0$
0&
0'
#1155
1!
#1160
0!
b01100001 #
#1165
1!
#1170
0!
b01100010 #
#1175
1!
#1180
0!
b01100011 #
#1185
1!
#1190
0!
b01100100 #
#1195
1!
#1200
0!
b01100101 #
1$
#1205
1!
#1210
0!
b01100110 #
#1215
1!
#1220
0!
b01100111 #
#1225
1!
#1230
0!
b01101000 #
#1235
1!
#1240
0!
b01101001 #
#1245
1!
#1250
0!
b01101010 #
0$
0&
0'
#1255
1!
#1260
0!
b01101011 #
#1265
1!
#1270
0!
b01101100 #
#1275
1!
#1280
0!
b01101101 #
#1285
1!
#1290
0!
b01101110 #
#1295
1!
#1300
0!
b01101111 #
1$
#1305
1!
#1310
0!
b01110000 #
#1315
1!
#1320
0!
b01110001 #
#1325
1!
#1330
0!
b01110010 #
#1335
1!
#1340
0!
b01110011 #
#1345
1!
#1350
0!
b01110100 #
0$
1&
0'
#1355
1!
#1360
0!
b01110101 #
#1365
1!
#1370
0!
b01110110 #
#1375
1!
#1380
0!
b01110111 #
#1385
1!
#1390
0!
b01111000 #
#1395
1!
#1400
0!
b01111001 #
1$
#1405
1!
#1410
0!
b01111010 #
#1415
1!
#1420
0!
b01111011 #
#1425
1!
#1430
0!
b01111100 #
#1435
1!
#1440
0!
b01111101 #
#1445
1!
#1450
0!
b01111110 #
0$
1&
0'
#1455
1!
#1460
0!
b01111111 #
#1465
1!
#1470
0!
b10000000 #
#1475
1!
#1480
0!
b10000001 #
#1485
1!
#1490
0!
b10000010 #
#1495
1!
#1500
0!
b10000011 #
1$
#1505
1!
#1510
0!
b10000100 #
#1515
1!
#1520
0!
b10000101 #
#1525
1!
#1530
0!
b10000110 #
#1535
1!
#1540
0!
b10000111 #
#1545
1!
#1550
0!
b10001000 #
0$
1&
0'
#1555
1!
#1560
0!
b10001001 #
#1565
1!
#1570
0!
b10001010 #
#1575
1!
#1580
0!
b10001011 #
#1585
1!
#1590
0!
b10001100 #
#1595
1!
#1600
0!
b10001101 #
1$
#1605
1!
#1610
0!
b10001110 #
#1615
1!
#1620
0!
b10001111 #
#1625
1!
#1630
0!
b10010000 #
#1635
1!
#1640
0!
b10010001 #
#1645
1!
#1650
0!
b10010010 #
0$
1&
0'
#1655
1!
#1660
0!
b10010011 #
#1665
1!
#1670
0!
b10010100 #
#1675
1!
#1680
0!
b10010101 #
#1685
1!
#1690
0!
b10010110 #
#1695
1!
#1700
0!
b10010111 #
1$
#1705
1!
#1710
0!
b10011000 #
#1715
1!
#1720
0!
b10011001 #
#1725
1!
#1730
0!
b10011010 #
#1735
1!
#1740
0!
b10011011 #
#1745
1!
#1750
0!
b10011100 #
0$
1&
0'
#1755
1!
#1760
0!
b10011101 #
#1765
1!
#1770
0!
b10011110 #
#1775
1!
#1780
0!
b10011111 #
#1785
1!
#1790
0!
b10100000 #
#1795
1!
#1800
0!
b10100001 #
1$
#1805
1!
#1810
0!
b10100010 #
#1815
1!
#1820
0!
b10100011 #
#1825
1!
#1830
0!
b10100100 #
#1835
1!
#1840
0!
b10100101 #
#1845
1!
#1850
0!
b10100110 #
0$
0&
1'
#1855
1!
#1860
0!
b10100111 #
#1865
1!
#1870
0!
b10101000 #
#1875
1!
#1880
0!
b10101001 #
#1885
1!
#1890
0!
b10101010 #
#1895
1!
#1900
0!
b10101011 #
1$
#1905
1!
#1910
0!
b10101100 #
#1915
1!
#1920
0!
b10101101 #
#1925
1!
#1930
0!
b10101110 #
#1935
1!
#1940
0!
b10101111 #
#1945
1!
#1950
0!
b10110000 #
0$
0&
1'
#1955
1!
#1960
0!
b10110001 #
#1965
1!
#1970
0!
b10110010 #
#1975
1!
#1980
0!
b10110011 #
#1985
1!
#1990
0!
b10110100 #
#1995
1!
#2000
0!
b10110101 #
1$
#2005
1!
#2010
0!
b10110110 #
#2015
1!
#2020
0!
b10110111 #
#2025
1!
#2030
0!
b10111000 #
#2035
1!
#2040
0!
b10111001 #
#2045
1!
#2050
0!
b10111010 #
0$
0&
1'
#2055
1!
#2060
0!
b10111011 #
#2065
1!
#2070
0!
b10111100 #
#2075
1!
#2080
0!
b10111101 #
#2085
1!
#2090
0!
b10111110 #
#2095
1!
#2100
0!
b10111111 #
1$
#2105
1!
#2110
0!
b11000000 #
#2115
1!
#2120
0!
b11000001 #
#2125
1!
#2130
0!
b11000010 #
#2135
1!
#2140
0!
b11000011 #
#2145
1!
#2150
0!
b11000100 #
0$
0&
0'
#2155
1!
#2160
0!
b11000101 #
#2165
1!
#2170
0!
b11000110 #
#2175
1!
#2180
0!
b11000111 #
#2185
1!
#2190
0!
b11001000 #
#2195
1!
#2200
0!
b11001001 #
1$
#2205
1!
#2210
0!
b11001010 #
#2215
1!
#2220
0!
b11001011 #
#2225
1!
#2230
0!
b11001100 #
#2235
1!
#2240
0!
b11001101 #
#2245
1!
#2250
0!
b11001110 #
0$
0&
1'
#2255
1!
#2260
0!
b11001111 #
#2265
1!
#2270
0!
b11010000 #
#2275
1!
#2280
0!
b11010001 #
#2285
1!
#2290
0!
b11010010 #
#2295
1!
#2300
0!
b11010011 #
1$
#2305
1!
#2310
0!
b11010100 #
#2315
1!
#2320
0!
b11010101 #
#2325
1!
#2330
0!
b11010110 #
#2335
1!
#2340
0!
b11010111 #
#2345
1!
#2350
0!
b11011000 #
0$
0&
1'
#2355
1!
#2360
0!
b11011001 #
#2365
1!
#2370
0!
b11011010 #
#2375
1!
#2380
0!
b11011011 #
#2385
1!
#2390
0!
b11011100 #
#2395
1!
#2400
0!
b11011101 #
1$
#2405
1!
#2410
0!
b11011110 #
#2415
1!
#2420
0!
b11011111 #
#2425
1!
#2430
0!
b11100000 #
#2435
1!
#2440
0!
b11100001 #
#2445
1!
#2450
0!
b11100010 #
0$
0&
1'
#2455
1!
#2460
0!
b11100011 #
#2465
1!
#2470
0!
b11100100 #
#2475
1!
#2480
0!
b11100101 #
#2485
1!
#2490
0!
b11100110 #
#2495
1!
#2500
0!
b11100111 #
1$
#2505
1!
#2510
0!
b11101000 #
#2515
1!
#2520
0!
b11101001 #
#2525
1!
#2530
0!
b11101010 #
#2535
1!
#2540
0!
b11101011 #
#2545
1!
#2550
0!
b11101100 #
0$
0&
1'
#2555
1!
#2560
0!
b11101101 #
#2565
1!
#2570
0!
b11101110 #
#2575
1!
#2580
0!
b11101111 #
#2585
1!
#2590
0!
b11110000 #
#2595
1!
#2600
0!
b11110001 #
1$
#2605
1!
#2610
0!
b11110010 #
#2615
1!
#2620
0!
b11110011 #
#2625
1!
#2630
0!
b11110100 #
#2635
1!
#2640
0!
b11110101 #
#2645
1!
#2650
0!
b11110110 #
0$
0&
0'
#2655
1!
#2660
0!
b11110111 #
#2665
1!
#2670
0!
b11111000 #
#2675
1!
#2680
0!
b11111001 #
#2685
1!
#2690
0!
b11111010 #
#2695
1!
#2700
0!
b11111011 #
1$
#2705
1!
#2710
0!
b11111100 #
#2715
1!
#2720
0!
b11111101 #
#2725
1!
#2730
0!
b11111110 #
#2735
1!
#2740
0!
b11111111 #
#2745
1!
#2750
0!
b00000000 #
0$
0&
1'
#2755
1!
#2760
0!
b00000001 #
#2765
1!
#2770
0!
b00000010 #
#2775
1!
#2780
0!
b00000011 #
#2785
1!
#2790
0!
b00000100 #
#2795
1!
#2800
0!
b00000101 #
1$
#2805
1!
#2810
0!
b00000110 #
#2815
1!
#2820
0!
b00000111 #
#2825
1!
#2830
0!
b00001000 #
#2835
1!
#2840
0!
b00001001 #
#2845
1!
#2850
0!
b00001010 #
0$
0&
0'
#2855
1!
#2860
0!
b00001011 #
#2865
1!
#2870
0!
b00001100 #
#2875
1!
#2880
0!
b00001101 #
#2885
1!
#2890
0!
b00001110 #
#2895
1!
#2900
0!
b00001111 #
1$
#2905
1!
#2910
0!
b00010000 #
#2915
1!
#2920
0!
b00010001 #
#2925
1!
#2930
0!
b00010010 #
#2935
1!
#2940
0!
b00010011 #
#2945
1!
#2950
0!
b00010100 #
0$
0&
0'
#2955
1!
#2960
0!
b00010101 #
#2965
1!
#2970
0!
b00010110 #
#2975
1!
#2980
0!
b00010111 #
#2985
1!
#2990
0!
b00011000 #
#2995
1!
#3000
0!
b00011001 #
1$
#3005
1!
#3010
0!
b00011010 #
#3015
1!
#3020
0!
b00011011 #
#3025
1!
#3030
0!
b00011100 #
#3035
1!
#3040
0!
b00011101 #
#3045
1!
#3050
0!
b00011110 #
0$
0&
0'
#3055
1!
#3060
0!
b00011111 #
#3065
1!
#3070
0!
b00100000 #
#3075
1!
#3080
0!
b00100001 #
#3085
1!
#3090
0!
b00100010 #
#3095
1!
#3100
0!
b00100011 #
1$
#3105
1!
#3110
0!
b00100100 #
#3115
1!
#3120
0!
b00100101 #
#3125
1!
#3130
0!
b00100110 #
#3135
1!
#3140
0!
b00100111 #
#3145
1!
#3150
0!
b00101000 #
0$
0&
0'
#3155
1!
#3160
0!
b00101001 #
#3165
1!
#3170
0!
b00101010 #
#3175
1!
#3180
0!
b00101011 #
#3185
1!
#3190
0!
b00101100 #
#3195
1!
#3200
0!
b00101101 #
1$
#3205
1!
#3210
0!
b00101110 #
#3215
1!
#3220
0!
b00101111 #
#3225
1!
#3230
0!
b00110000 #
#3235
1!
#3240
0!
b00110001 #
#3245
1!
#3250
0!
b00110010 #
0$
0&
0'
#3255
1!
#3260
0!
b00110011 #
#3265
1!
#3270
0!
b00110100 #
#3275
1!
#3280
0!
b00110101 #
#3285
1!
#3290
0!
b00110110 #
#3295
1!
#3300
0!
b00110111 #
1$
#3305
1!
#3310
0!
b00111000 #
#3315
1!
#3320
0!
b00111001 #
#3325
1!
#3330
0!
b00111010 #
#3335
1!
#3340
0!
b00111011 #
#3345
1!
#3350
0!
b00111100 #
0$
0&
0'
#3355
1!
#3360
0!
b00111101 #
#3365
1!
#3370
0!
b00111110 #
#3375
1!
#3380
0!
b00111111 #
#3385
1!
#3390
0!
b01000000 #
#3395
1!
#3400
0!
b01000001 #
1$
#3405
1!
#3410
0!
b01000010 #
#3415
1!
#3420
0!
b01000011 #
#3425
1!
#3430
0!
b01000100 #
#3435
1!
#3440
0!
b01000101 #
#3445
1!
#3450
0!
b01000110 #
0$
0&
0'
#3455
1!
#3460
0!
b01000111 #
#3465
1!
#3470
0!
b01001000 #
#3475
1!
#3480
0!
b01001001 #
#3485
1!
#3490
0!
b01001010 #
#3495
1!
#3500
0!
b01001011 #
1$
#3505
1!
#3510
0!
b01001100 #
#3515
1!
#3520
0!
b01001101 #
#3525
1!
#3530
0!
b01001110 #
#3535
1!
#3540
0!
b01001111 #
#3545
1!
#3550
0!
b01010000 #
0$
0&
0'
#3555
1!
#3560
0!
b01010001 #
#3565
1!
#3570
0!
b01010010 #
#3575
1!
#3580
0!
b01010011 #
#3585
1!
#3590
0!
b01010100 #
#3595
1!
#3600
0!
b01010101 #
1$
#3605
1!
#3610
0!
b01010110 #
#3615
1!
#3620
0!
b01010111 #
#3625
1!
#3630
0!
b01011000 #
#3635
1!
#3640
0!
b01011001 #
#3645
1!
#3650
0!
b01011010 #
0$
0&
0'
#3655
1!
#3660
0!
b01011011 #
#3665
1!
#3670
0!
b01011100 #
#3675
1!
#3680
0!
b01011101 #
#3685
1!
#3690
0!
b01011110 #
#3695
1!
#3700
0!
b01011111 #
1$
#3705
1!
#3710
0!
b01100000 #
#3715
1!
#3720
0!
b01100001 #
#3725
1!
#3730
0!
b01100010 #
#3735
1!
#3740
0!
b01100011 #
#3745
1!
#3750
0!
b01100100 #
0$
0&
1'
#3755
1!
#3760
0!
b01100101 #
#3765
1!
#3770
0!
b01100110 #
#3775
1!
#3780
0!
b01100111 #
#3785
1!
#3790
0!
b01101000 #
#3795
1!
#3800
0!
b01101001 #
1$
#3805
1!
#3810
0!
b01101010 #
#3815
1!
#3820
0!
b01101011 #
#3825
1!
#3830
0!
b01101100 #
#3835
1!
#3840
0!
b01101101 #
#3845
1!
#3850
0!
b01101110 #
0$
0&
1'
#3855
1!
#3860
0!
b01101111 #
#3865
1!
#3870
0!
b01110000 #
#3875
1!
#3880
0!
b01110001 #
#3885
1!
#3890
0!
b01110010 #
#3895
1!
#3900
0!
b01110011 #
1$
#3905
1!
#3910
0!
b01110100 #
#3915
1!
#3920
0!
b01110101 #
#3925
1!
#3930
0!
b01110110 #
#3935
1!
#3940
0!
b01110111 #
#3945
1!
#3950
0!
b01111000 #
0$
0&
0'
#3955
1!
#3960
0!
b01111001 #
#3965
1!
#3970
0!
b01111010 #
#3975
1!
#3980
0!
b01111011 #
#3985
1!
#3990
0!
b01111100 #
#3995
1!
#4000
0!
b01111101 #
1$
#4005
1!
#4010
0!
b01111110 #
#4015
1!
#4020
0!
b01111111 #
#4025
1!
#4030
0!
b10000000 #
#4035
1!
#4040
0!
b10000001 #
#4045
1!
#4050
0!
b10000010 #
0$
0&
0'
#4055
1!
#4060
0!
b10000011 #
#4065
1!
#4070
0!
b10000100 #
#4075
1!
#4080
0!
b10000101 #
#4085
1!
#4090
0!
b10000110 #
#4095
1!
#4100
0!
b10000111 #
1$
#4105
1!
#4110
0!
b10001000 #
#4115
1!
#4120
0!
b10001001 #
#4125
1!
#4130
0!
b10001010 #
#4135
1!
#4140
0!
b10001011 #
#4145
1!
#4150
0!
b10001100 #
0$
0&
0'
#4155
1!
#4160
0!
b10001101 #
#4165
1!
#4170
0!
b10001110 #
#4175
1!
#4180
0!
b10001111 #
#4185
1!
#4190
0!
b10010000 #
#4195
1!
#4200
0!
b10010001 #
1$
#4205
1!
#4210
0!
b10010010 #
#4215
1!
#4220
0!
b10010011 #
#4225
1!
#4230
0!
b10010100 #
#4235
1!
#4240
0!
b10010101 #
#4245
1!
#4250
0!
b10010110 #
0$
#4255
1!
#4260
0!
b10010111 #
#4265
1!
#4270
0!
b10011000 #
#4275
1!
#4280
0!
b10011001 #
#4285
1!
#4290
0!
b10011010 #
#4295
1!
#4300
0!
b10011011 #
1%
0&
0'
#4305
1!
#4310
0!
b10011100 #
#4315
1!
#4320
0!
b10011101 #
#4325
1!
#4330
0!
b10011110 #
#4335
1!
#4340
0!
b10011111 #
#4345
1!
#4350
0!
b10100000 #
#4355
1!
#4360
0!
b10100001 #
#4365
1!
#4370
0!
b10100010 #
#4375
1!
#4380
0!
b10100011 #
#4385
1!
#4390
0!
b10100100 #
#4395
1!
#4400
0!
b10100101 #
#4405
1!
#4410
0!
b10100110 #
#4415
1!
#4420
0!
b10100111 #
#4425
1!
#4430
0!
b10101000 #
#4435
1!
#4440
0!
b10101001 #
#4445
1!
#4450
0!
b10101010 #
#4455
1!
#4460
0!
b10101011 #
#4465
1!
#4470
0!
b10101100 #
#4475
1!
#4480
0!
b10101101 #
#4485
1!
#4490
0!
b10101110 #
#4495
1!
#4500
0!
b10101111 #
#4505
1!
#4510
0!
b10110000 #
#4515
1!
#4520
0!
b10110001 #
#4525
1!
#4530
0!
b10110010 #
#4535
1!
#4540
0!
b10110011 #
#4545
1!
#4550
0!
b10110100 #
#4555
1!
#4560
0!
b10110101 #
#4565
1!
#4570
0!
b10110110 #
#4575
1!
#4580
0!
b10110111 #
#4585
1!
#4590
0!
b10111000 #
#4595
1!
#4600
0!
b10111001 #
#4605
1!
#4610
0!
b10111010 #
#4615
1!
#4620
0!
b10111011 #
#4625
1!
#4630
0!
b10111100 #
#4635
1!
#4640
0!
b10111101 #
#4645
1!
#4650
0!
b10111110 #
#4655
1!
#4660
0!
b10111111 #
#4665
1!
#4670
0!
b11000000 #
#4675
1!
#4680
0!
b11000001 #
#4685
1!
#4690
0!
b11000010 #
#4695
1!
#4700
0!
b11000011 #
#4705
1!
#4710
0!
b11000100 #
#4715
1!
#4720
0!
b11000101 #
#4725
1!
#4730
0!
b11000110 #
#4735
1!
#4740
0!
b11000111 #
#4745
1!
#4750
0!
b11001000 #
#4755
1!
#4760
0!
b11001001 #
#4765
1!
#4770
0!
b11001010 #
#4775
1!
#4780
0!
b11001011 #
#4785
1!
#4790
0!
b11001100 #
#4795
1!
#4800
0!
b11001101 #
#4805
1!
#4810
0!
b11001110 #
#4815
1!
#4820
0!
b11001111 #
#4825
1!
#4830
0!
b11010000 #
#4835
1!
#4840
0!
b11010001 #
#4845
1!
#4850
0!
b11010010 #
#4855
1!
#4860
0!
b11010011 #
#4865
1!
#4870
0!
b11010100 #
#4875
1!
#4880
0!
b11010101 #
#4885
1!
#4890
0!
b11010110 #
#4895
1!
#4900
0!
b11010111 #
#4905
1!
#4910
0!
b11011000 #
#4915
1!
#4920
0!
b11011001 #
#4925
1!
#4930
0!
b11011010 #
#4935
1!
#4940
0!
b11011011 #
#4945
1!
#4950
0!
b11011100 #
#4955
1!
#4960
0!
b11011101 #
#4965
1!
#4970
0!
b11011110 #
#4975
1!
#4980
0!
b11011111 #
#4985
1!
#4990
0!
b11100000 #
#4995
1!
#5000
0!
b11100001 #
#5005
1!
#5010
0!
b11100010 #
#5015
1!
#5020
0!
b11100011 #
#5025
1!
#5030
0!
b11100100 #
#5035
1!
#5040
0!
b11100101 #
#5045
1!
#5050
0!
b11100110 #
#5055
1!
#5060
0!
b11100111 #
#5065
1!
#5070
0!
b11101000 #
#5075
1!
#5080
0!
b11101001 #
#5085
1!
#5090
0!
b11101010 #
#5095
1!
#5100
0!
b11101011 #
#5105
1!
#5110
0!
b11101100 #
#5115
1!
#5120
0!
b11101101 #
#5125
1!
#5130
0!
b11101110 #
#5135
1!
#5140
0!
b11101111 #
#5145
1!
#5150
0!
b11110000 #
#5155
1!
#5160
0!
b11110001 #
#5165
1!
#5170
0!
b11110010 #
#5175
1!
#5180
0!
b11110011 #
#5185
1!
#5190
0!
b11110100 #
#5195
1!
#5200
0!
b11110101 #
#5205
1!
#5210
0!
b11110110 #
#5215
1!
#5220
0!
b11110111 #
#5225
1!
#5230
0!
b11111000 #
#5235
1!
#5240
0!
b11111001 #
#5245
1!
#5250
0!
b11111010 #
#5255
1!
#5260
0!
b11111011 #
#5265
1!
#5270
0!
b11111100 #
#5275
1!
#5280
0!
b11111101 #
#5285
1!
#5290
0!
b11111110 #
#5295
1!
#5300
0!
b11111111 #
#5305
1!
#5310
0!
b00000000 #
#5315
1!
#5320
0!
b00000001 #
#5325
1!
#5330
0!
b00000010 #
#5335
1!
#5340
0!
b00000011 #
#5345
1!
#5350
0!
b00000100 #
#5355
1!
#5360
0!
b00000101 #
#5365
1!
#5370
0!
b00000110 #
#5375
1!
#5380
0!
b00000111 #
#5385
1!
#5390
0!
b00001000 #
#5395
1!
#5400
0!
b00001001 #
#5405
1!
#5410
0!
b00001010 #
#5415
1!
#5420
0!
b00001011 #
#5425
1!
#5430
0!
b00001100 #
#5435
1!
#5440
0!
b00001101 #
#5445
1!
#5450
0!
b00001110 #
#5455
1!
#5460
0!
b00001111 #
#5465
1!
#5470
0!
b00010000 #
#5475
1!
#5480
0!
b00010001 #
#5485
1!
#5490
0!
b00010010 #
#5495
1!
#5500
0!
b00010011 #
#5505
1!
#5510
0!
b00010100 #
#5515
1!
#5520
0!
b00010101 #
#5525
1!
#5530
0!
b00010110 #
#5535
1!
#5540
0!
b00010111 #
#5545
1!
#5550
0!
b00011000 #
#5555
1!
#5560
0!
b00011001 #
#5565
1!
#5570
0!
b00011010 #
#5575
1!
#5580
0!
b00011011 #
#5585
1!
#5590
0!
b00011100 #
#5595
1!
#5600
0!
b00011101 #
#5605
1!
#5610
0!
b00011110 #
#5615
1!
#5620
0!
b00011111 #
#5625
1!
#5630
0!
b00100000 #
#5635
1!
#5640
0!
b00100001 #
#5645
1!
#5650
0!
b00100010 #
#5655
1!
#5660
0!
b00100011 #
#5665
1!
#5670
0!
b00100100 #
#5675
1!
#5680
0!
b00100101 #
#5685
1!
#5690
0!
b00100110 #
#5695
1!
#5700
0!
b00100111 #
#5705
1!
#5710
0!
b00101000 #
#5715
1!
#5720
0!
b00101001 #
#5725
1!
#5730
0!
b00101010 #
#5735
1!
#5740
0!
b00101011 #
#5745
1!
#5750
0!
b00101100 #
#5755
1!
#5760
0!
b00101101 #
#5765
1!
#5770
0!
b00101110 #
#5775
1!
#5780
0!
b00101111 #
#5785
1!
#5790
0!
b00110000 #
#5795
1!
#5800
0!
b00110001 #
#5805
1!
#5810
0!
b00110010 #
#5815
1!
#5820
0!
b00110011 #
#5825
1!
#5830
0!
b00110100 #
#5835
1!
#5840
0!
b00110101 #
#5845
1!
#5850
0!
b00110110 #
#5855
1!
#5860
0!
b00110111 #
#5865
1!
#5870
0!
b00111000 #
#5875
1!
#5880
0!
b00111001 #
#5885
1!
#5890
0!
b00111010 #
#5895
1!
#5900
0!
b00111011 #
#5905
1!
#5910
0!
b00111100 #
#5915
1!
#5920
0!
b00111101 #
#5925
1!
#5930
0!
b00111110 #
#5935
1!
#5940
0!
b00111111 #
#5945
1!
#5950
0!
b01000000 #
#5955
1!
#5960
0!
b01000001 #
#5965
1!
#5970
0!
b01000010 #
#5975
1!
#5980
0!
b01000011 #
#5985
1!
#5990
0!
b01000100 #
#5995
1!
#6000
0!
b01000101 #
#6005
1!
#6010
0!
b01000110 #
#6015
1!
#6020
0!
b01000111 #
#6025
1!
#6030
0!
b01001000 #
#6035
1!
#6040
0!
b01001001 #
#6045
1!
#6050
0!
b01001010 #
#6055
1!
#6060
0!
b01001011 #
#6065
1!
#6070
0!
b01001100 #
#6075
1!
#6080
0!
b01001101 #
#6085
1!
#6090
0!
b01001110 #
#6095
1!
#6100
0!
b01001111 #
#6105
1!
#6110
0!
b01010000 #
#6115
1!
#6120
0!
b01010001 #
#6125
1!
#6130
0!
b01010010 #
#6135
1!
#6140
0!
b01010011 #
#6145
1!
#6150
0!
b01010100 #
#6155
1!
#6160
0!
b01010101 #
#6165
1!
#6170
0!
b01010110 #
#6175
1!
#6180
0!
b01010111 #
#6185
1!
#6190
0!
b01011000 #
#6195
1!
#6200
0!
b01011001 #
#6205
1!
#6210
0!
b01011010 #
#6215
1!
#6220
0!
b01011011 #
#6225
1!
#6230
0!
b01011100 #
#6235
1!
#6240
0!
b01011101 #
#6245
1!
#6250
0!
b01011110 #
#6255
1!
#6260
0!
b01011111 #
#6265
1!
#6270
0!
b01100000 #
#6275
1!
#6280
0!
b01100001 #
#6285
1!
#6290
0!
b01100010 #
#6295
1!
#6300
0!
b01100011 #
#6305
1!
#6310
0!
b01100100 #
#6315
1!
#6320
0!
b01100101 #
#6325
1!
#6330
0!
b01100110 #
#6335
1!
#6340
0!
b01100111 #
#6345
1!
#6350
0!
b01101000 #
#6355
1!
#6360
0!
b01101001 #
#6365
1!
#6370
0!
b01101010 #
#6375
1!
#6380
0!
b01101011 #
#6385
1!
#6390
0!
b01101100 #
#6395
1!
#6400
0!
b01101101 #
#6405
1!
#6410
0!
b01101110 #
#6415
1!
#6420
0!
b01101111 #
#6425
1!
#6430
0!
b01110000 #
#6435
1!
#6440
0!
b01110001 #
#6445
1!
#6450
0!
b01110010 #
#6455
1!
#6460
0!
b01110011 #
#6465
1!
#6470
0!
b01110100 #
#6475
1!
#6480
0!
b01110101 #
#6485
1!
#6490
0!
b01110110 #
#6495
1!
#6500
0!
b01110111 #
#6505
1!
#6510
0!
b01111000 #
#6515
1!
#6520
0!
b01111001 #
#6525
1!
#6530
0!
b01111010 #
#6535
1!
#6540
0!
b01111011 #
#6545
1!
#6550
0!
b01111100 #
#6555
1!
#6560
0!
b01111101 #
#6565
1!
#6570
0!
b01111110 #
#6575
1!
#6580
0!
b01111111 #
#6585
1!
#6590
0!
b10000000 #
#6595
1!
#6600
0!
b10000001 #
#6605
1!
#6610
0!
b10000010 #
#6615
1!
#6620
0!
b10000011 #
#6625
1!
#6630
0!
b10000100 #
#6635
1!
#6640
0!
b10000101 #
#6645
1!
#6650
0!
b10000110 #
#6655
1!
#6660
0!
b10000111 #
#6665
1!
#6670
0!
b10001000 #
#6675
1!
#6680
0!
b10001001 #
#6685
1!
#6690
0!
b10001010 #
#6695
1!
#6700
0!
b10001011 #
#6705
1!
#6710
0!
b10001100 #
#6715
1!
#6720
0!
b10001101 #
#6725
1!
#6730
0!
b10001110 #
#6735
1!
#6740
0!
b10001111 #
#6745
1!
#6750
0!
b10010000 #
#6755
1!
#6760
0!
b10010001 #
#6765
1!
#6770
0!
b10010010 #
#6775
1!
#6780
0!
b10010011 #
#6785
1!
#6790
0!
b10010100 #
#6795
1!
#6800
0!
b10010101 #
#6805
1!
#6810
0!
b10010110 #
#6815
1!
#6820
0!
b10010111 #
#6825
1!
#6830
0!
b10011000 #
#6835
1!
#6840
0!
b10011001 #
#6845
1!
#6850
0!
b10011010 #
#6855
1!
#6860
0!
b10011011 #
#6865
1!
#6870
0!
b10011100 #
#6875
1!
#6880
0!
b10011101 #
#6885
1!
#6890
0!
b10011110 #
#6895
1!
#6900
0!
b10011111 #
#6905
1!
#6910
0!
b10100000 #
#6915
1!
#6920
0!
b10100001 #
#6925
1!
#6930
0!
b10100010 #
#6935
1!
#6940
0!
b10100011 #
#6945
1!
#6950
0!
b10100100 #
#6955
1!
#6960
0!
b10100101 #
#6965
1!
#6970
0!
b10100110 #
#6975
1!
#6980
0!
b10100111 #
#6985
1!
#6990
0!
b10101000 #
#6995
1!
#7000
0!
b10101001 #
#7005
1!
#7010
0!
b10101010 #
#7015
1!
#7020
0!
b10101011 #
#7025
1!
#7030
0!
b10101100 #
#7035
1!
#7040
0!
b10101101 #
#7045
1!
#7050
0!
b10101110 #
#7055
1!
#7060
0!
b10101111 #
#7065
1!
#7070
0!
b10110000 #
#7075
1!
#7080
0!
b10110001 #
#7085
1!
#7090
0!
b10110010 #
#7095
1!
#7100
0!
b10110011 #
#7105
1!
#7110
0!
b10110100 #
#7115
1!
#7120
0!
b10110101 #
#7125
1!
#7130
0!
b10110110 #
#7135
1!
#7140
0!
b10110111 #
#7145
1!
#7150
0!
b10111000 #
#7155
1!
#7160
0!
b10111001 #
#7165
1!
#7170
0!
b10111010 #
#7175
1!
#7180
0!
b10111011 #
#7185
1!
#7190
0!
b10111100 #
#7195
1!
#7200
0!
b10111101 #
#7205
1!
#7210
0!
b10111110 #
#7215
1!
#7220
0!
b10111111 #
#7225
1!
#7230
0!
b11000000 #
#7235
1!
#7240
0!
b11000001 #
#7245
1!
#7250
0!
b11000010 #
#7255
1!
#7260
0!
b11000011 #
#7265
1!
#7270
0!
b11000100 #
#7275
1!
#7280
0!
b11000101 #
#7285
1!
#7290
0!
b11000110 #
#7295
1!
#7300
0!
b11000111 #
#7305
1!
#7310
0!
b11001000 #
#7315
1!
#7320
0!
b11001001 #
#7325
1!
#7330
0!
b11001010 #
#7335
1!
#7340
0!
b11001011 #
#7345
1!
#7350
0!
b11001100 #
#7355
1!
#7360
0!
b11001101 #
#7365
1!
#7370
0!
b11001110 #
#7375
1!
#7380
0!
b11001111 #
#7385
1!
#7390
0!
b11010000 #
#7395
1!
#7400
0!
b11010001 #
#7405
1!
#7410
0!
b11010010 #
#7415
1!
#7420
0!
b11010011 #
#7425
1!
#7430
0!
b11010100 #
#7435
1!
#7440
0!
b11010101 #
#7445
1!
#7450
0!
b11010110 #
#7455
1!
#7460
0!
b11010111 #
#7465
1!
#7470
0!
b11011000 #
#7475
1!
#7480
0!
b11011001 #
#7485
1!
#7490
0!
b11011010 #
#7495
1!
#7500
0!
b11011011 #
#7505
1!
#7510
0!
b11011100 #
#7515
1!
#7520
0!
b11011101 #
#7525
1!
#7530
0!
b11011110 #
#7535
1!
#7540
0!
b11011111 #
#7545
1!
#7550
0!
b11100000 #
#7555
1!
#7560
0!
b11100001 #
#7565
1!
#7570
0!
b11100010 #
#7575
1!
#7580
0!
b11100011 #
#7585
1!
#7590
0!
b11100100 #
#7595
1!
#7600
0!
b11100101 #
#7605
1!
#7610
0!
b11100110 #
#7615
1!
#7620
0!
b11100111 #
#7625
1!
#7630
0!
b11101000 #
#7635
1!
#7640
0!
b11101001 #
#7645
1!
#7650
0!
b11101010 #
#7655
1!
#7660
0!
b11101011 #
#7665
1!
#7670
0!
b11101100 #
#7675
1!
#7680
0!
b11101101 #
#7685
1!
#7690
0!
b11101110 #
#7695
1!
#7700
0!
b11101111 #
#7705
1!
#7710
0!
b11110000 #
#7715
1!
#7720
0!
b11110001 #
#7725
1!
#7730
0!
b11110010 #
#7735
1!
#7740
0!
b11110011 #
#7745
1!
#7750
0!
b11110100 #
#7755
1!
#7760
0!
b11110101 #
#7765
1!
#7770
0!
b11110110 #
#7775
1!
#7780
0!
b11110111 #
#7785
1!
#7790
0!
b11111000 #
#7795
1!
#7800
0!
b11111001 #
#7805
1!
#7810
0!
b11111010 #
#7815
1!
#7820
0!
b11111011 #
#7825
1!
#7830
0!
b11111100 #
#7835
1!
#7840
0!
b11111101 #
#7845
1!
#7850
0!
b11111110 #
#7855
1!
#7860
0!
b11111111 #
#7865
1!
#7870
0!
b00000000 #
#7875
1!
#7880
0!
b00000001 #
#7885
1!
#7890
0!
b00000010 #
#7895
1!
#7900
0!
b00000011 #
#7905
1!
#7910
0!
b00000100 #
#7915
1!
#7920
0!
b00000101 #
#7925
1!
#7930
0!
b00000110 #
#7935
1!
#7940
0!
b00000111 #
#7945
1!
#7950
0!
b00001000 #
#7955
1!
#7960
0!
b00001001 #
#7965
1!
#7970
0!
b00001010 #
#7975
1!
#7980
0!
b00001011 #
#7985
1!
#7990
0!
b00001100 #
#7995
1!
#8000
0!
b00001101 #
#8005
1!
#8010
0!
b00001110 #
#8015
1!
#8020
0!
b00001111 #
#8025
1!
#8030
0!
b00010000 #
#8035
1!
#8040
0!
b00010001 #
#8045
1!
#8050
0!
b00010010 #
#8055
1!
#8060
0!
b00010011 #
#8065
1!
#8070
0!
b00010100 #
#8075
1!
#8080
0!
b00010101 #
#8085
1!
#8090
0!
b00010110 #
#8095
1!
#8100
0!
b00010111 #
#8105
1!
#8110
0!
b00011000 #
#8115
1!
#8120
0!
b00011001 #
#8125
1!
#8130
0!
b00011010 #
#8135
1!
#8140
0!
b00011011 #
#8145
1!
#8150
0!
b00011100 #
#8155
1!
#8160
0!
b00011101 #
#8165
1!
#8170
0!
b00011110 #
#8175
1!
#8180
0!
b00011111 #
#8185
1!
#8190
0!
b00100000 #
#8195
1!
#8200
0!
b00100001 #
#8205
1!
#8210
0!
b00100010 #
#8215
1!
#8220
0!
b00100011 #
#8225
1!
#8230
0!
b00100100 #
#8235
1!
#8240
0!
b00100101 #
#8245
1!
#8250
0!
b00100110 #
#8255
1!
#8260
0!
b00100111 #
#8265
1!
#8270
0!
b00101000 #
#8275
1!
#8280
0!
b00101001 #
#8285
1!
#8290
0!
b00101010 #
#8295
1!
#8300
0!
b00101011 #
#8305
1!
#8310
0!
b00101100 #
#8315
1!
#8320
0!
b00101101 #
#8325
1!
#8330
0!
b00101110 #
#8335
1!
#8340
0!
b00101111 #
#8345
1!
#8350
0!
b00110000 #
#8355
1!
#8360
0!
b00110001 #
#8365
1!
#8370
0!
b00110010 #
#8375
1!
#8380
0!
b00110011 #
#8385
1!
#8390
0!
b00110100 #
#8395
1!
#8400
0!
b00110101 #
#8405
1!
#8410
0!
b00110110 #
#8415
1!
#8420
0!
b00110111 #
#8425
1!
#8430
0!
b00111000 #
#8435
1!
#8440
0!
b00111001 #
#8445
1!
#8450
0!
b00111010 #
#8455
1!
#8460
0!
b00111011 #
#8465
1!
#8470
0!
b00111100 #
#8475
1!
#8480
0!
b00111101 #
#8485
1!
#8490
0!
b00111110 #
#8495
1!
#8500
0!
b00111111 #
#8505
1!
#8510
0!
b01000000 #
#8515
1!
#8520
0!
b01000001 #
#8525
1!
#8530
0!
b01000010 #
#8535
1!
#8540
0!
b01000011 #
#8545
1!
#8550
0!
b01000100 #
#8555
1!
#8560
0!
b01000101 #
#8565
1!
#8570
0!
b01000110 #
#8575
1!
#8580
0!
b01000111 #
#8585
1!
#8590
0!
b01001000 #
#8595
1!
#8600
0!
b01001001 #
#8605
1!
#8610
0!
b01001010 #
#8615
1!
#8620
0!
b01001011 #
#8625
1!
#8630
0!
b01001100 #
#8635
1!
#8640
0!
b01001101 #
#8645
1!
#8650
0!
b01001110 #
#8655
1!
#8660
0!
b01001111 #
#8665
1!
#8670
0!
b01010000 #
#8675
1!
#8680
0!
b01010001 #
#8685
1!
#8690
0!
b01010010 #
#8695
1!
#8700
0!
b01010011 #
#8705
1!
#8710
0!
b01010100 #
#8715
1!
#8720
0!
b01010101 #
#8725
1!
#8730
0!
b01010110 #
#8735
1!
#8740
0!
b01010111 #
#8745
1!
#8750
0!
b01011000 #
#8755
1!
#8760
0!
b01011001 #
#8765
1!
#8770
0!
b01011010 #
#8775
1!
#8780
0!
b01011011 #
#8785
1!
#8790
0!
b01011100 #
#8795
1!
#8800
0!
b01011101 #
#8805
1!
#8810
0!
b01011110 #
#8815
1!
#8820
0!
b01011111 #
#8825
1!
#8830
0!
b01100000 #
#8835
1!
#8840
0!
b01100001 #
#8845
1!
#8850
0!
b01100010 #
#8855
1!
#8860
0!
b01100011 #
#8865
1!
#8870
0!
b01100100 #
#8875
1!
#8880
0!
b01100101 #
#8885
1!
#8890
0!
b01100110 #
#8895
1!
#8900
0!
b01100111 #
#8905
1!
#8910
0!
b01101000 #
#8915
1!
#8920
0!
b01101001 #
#8925
1!
#8930
0!
b01101010 #
#8935
1!
#8940
0!
b01101011 #
#8945
1!
#8950
0!
b01101100 #
#8955
1!
#8960
0!
b01101101 #
#8965
1!
#8970
0!
b01101110 #
#8975
1!
#8980
0!
b01101111 #
#8985
1!
#8990
0!
b01110000 #
#8995
1!
#9000
0!
b01110001 #
#9005
1!
#9010
0!
b01110010 #
#9015
1!
#9020
0!
b01110011 #
#9025
1!
#9030
0!
b01110100 #
#9035
1!
#9040
0!
b01110101 #
#9045
1!
#9050
0!
b01110110 #
#9055
1!
#9060
0!
b01110111 #
#9065
1!
#9070
0!
b01111000 #
#9075
1!
#9080
0!
b01111001 #
#9085
1!
#9090
0!
b01111010 #
#9095
1!
#9100
0!
b01111011 #
#9105
1!
#9110
0!
b01111100 #
#9115
1!
#9120
0!
b01111101 #
#9125
1!
#9130
0!
b01111110 #
#9135
1!
#9140
0!
b01111111 #
#9145
1!
#9150
0!
b10000000 #
#9155
1!
#9160
0!
b10000001 #
#9165
1!
#9170
0!
b10000010 #
#9175
1!
#9180
0!
b10000011 #
#9185
1!
#9190
0!
b10000100 #
#9195
1!
#9200
0!
b10000101 #
#9205
1!
#9210
0!
b10000110 #
#9215
1!
#9220
0!
b10000111 #
#9225
1!
#9230
0!
b10001000 #
#9235
1!
#9240
0!
b10001001 #
#9245
1!
#9250
0!
b10001010 #
#9255
1!
#9260
0!
b10001011 #
#9265
1!
#9270
0!
b10001100 #
#9275
1!
#9280
0!
b10001101 #
#9285
1!
#9290
0!
b10001110 #
#9295
1!
#9300
0!
b10001111 #
#9305
1!
#9310
0!
b10010000 #
#9315
1!
#9320
0!
b10010001 #
#9325
1!
#9330
0!
b10010010 #
#9335
1!
#9340
0!
b10010011 #
#9345
1!
#9350
0!
b10010100 #
#9355
1!
#9360
0!
b10010101 #
#9365
1!
#9370
0!
b10010110 #
#9375
1!
#9380
0!
b10010111 #
#9385
1!
#9390
0!
b10011000 #
#9395
1!
#9400
0!
b10011001 #
#9405
1!
#9410
0!
b10011010 #
#9415
1!
#9420
0!
b10011011 #
#9425
1!
#9430
0!
b10011100 #
#9435
1!
#9440
0!
b10011101 #
#9445
1!
#9450
0!
b10011110 #
#9455
1!
#9460
0!
b10011111 #
#9465
1!
#9470
0!
b10100000 #
#9475
1!
#9480
0!
b10100001 #
#9485
1!
#9490
0!
b10100010 #
#9495
1!
#9500
0!
b10100011 #
#9505
1!
#9510
0!
b10100100 #
#9515
1!
#9520
0!
b10100101 #
#9525
1!
#9530
0!
b10100110 #
#9535
1!
#9540
0!
b10100111 #
#9545
1!
#9550
0!
b10101000 #
#9555
1!
#9560
0!
b10101001 #
#9565
1!
#9570
0!
b10101010 #
#9575
1!
#9580
0!
b10101011 #
#9585
1!
#9590
0!
b10101100 #
#9595
1!
#9600
0!
b10101101 #
#9605
1!
#9610
0!
b10101110 #
#9615
1!
#9620
0!
b10101111 #
#9625
1!
#9630
0!
b10110000 #
#9635
1!
#9640
0!
b10110001 #
#9645
1!
#9650
0!
b10110010 #
#9655
1!
#9660
0!
b10110011 #
#9665
1!
#9670
0!
b10110100 #
#9675
1!
#9680
0!
b10110101 #
#9685
1!
#9690
0!
b10110110 #
#9695
1!
#9700
0!
b10110111 #
#9705
1!
#9710
0!
b10111000 #
#9715
1!
#9720
0!
b10111001 #
#9725
1!
#9730
0!
b10111010 #
#9735
1!
#9740
0!
b10111011 #
#9745
1!
#9750
0!
b10111100 #
#9755
1!
#9760
0!
b10111101 #
#9765
1!
#9770
0!
b10111110 #
#9775
1!
#9780
0!
b10111111 #
#9785
1!
#9790
0!
b11000000 #
#9795
1!
#9800
0!
b11000001 #
#9805
1!
#9810
0!
b11000010 #
#9815
1!
#9820
0!
b11000011 #
#9825
1!
#9830
0!
b11000100 #
#9835
1!
#9840
0!
b11000101 #
#9845
1!
#9850
0!
b11000110 #
#9855
1!
#9860
0!
b11000111 #
#9865
1!
#9870
0!
b11001000 #
#9875
1!
#9880
0!
b11001001 #
#9885
1!
#9890
0!
b11001010 #
#9895
1!
#9900
0!
b11001011 #
#9905
1!
#9910
0!
b11001100 #
#9915
1!
#9920
0!
b11001101 #
#9925
1!
#9930
0!
b11001110 #
#9935
1!
#9940
0!
b11001111 #
#9945
1!
#9950
0!
b11010000 #
#9955
1!
#9960
0!
b11010001 #
#9965
1!
#9970
0!
b11010010 #
#9975
1!
#9980
0!
b11010011 #
#9985
1!
#9990
0!
b11010100 #
#9995
1!
#10000
0!
b11010101 #
#10005
1!
#10010
0!
b11010110 #
#10015
1!
#10020
0!
b11010111 #
#10025
1!
#10030
0!
b11011000 #
#10035
1!
#10040
0!
b11011001 #
#10045
1!
#10050
0!
b11011010 #
#10055
1!
#10060
0!
b11011011 #
#10065
1!
#10070
0!
b11011100 #
#10075
1!
#10080
0!
b11011101 #
#10085
1!
#10090
0!
b11011110 #
#10095
1!
#10100
0!
b11011111 #
#10105
1!
#10110
0!
b11100000 #
#10115
1!
#10120
0!
b11100001 #
#10125
1!
#10130
0!
b11100010 #
#10135
1!
#10140
0!
b11100011 #
#10145
1!
#10150
0!
b11100100 #
#10155
1!
#10160
0!
b11100101 #
#10165
1!
#10170
0!
b11100110 #
#10175
1!
#10180
0!
b11100111 #
#10185
1!
#10190
0!
b11101000 #
#10195
1!
#10200
0!
b11101001 #
#10205
1!
#10210
0!
b11101010 #
#10215
1!
#10220
0!
b11101011 #
#10225
1!
#10230
0!
b11101100 #
#10235
1!
#10240
0!
b11101101 #
#10245
1!
#10250
0!
b11101110 #
#10255
1!
#10260
0!
b11101111 #
#10265
1!
#10270
0!
b11110000 #
#10275
1!
#10280
0!
b11110001 #
#10285
1!
#10290
0!
b11110010 #
#10295
1!
#10300
0!
b11110011 #
#10305
1!
#10310
0!
b11110100 #
#10315
1!
#10320
0!
b11110101 #
#10325
1!
#10330
0!
b11110110 #
#10335
1!
#10340
0!
b11110111 #
#10345
1!
#10350
0!
b11111000 #
#10355
1!
#10360
0!
b11111001 #
#10365
1!
#10370
0!
b11111010 #
#10375
1!
#10380
0!
b11111011 #
#10385
1!
#10390
0!
b11111100 #
#10395
1!
#10400
0!
b11111101 #
#10405
1!
#10410
0!
b11111110 #
#10415
1!
#10420
0!
b11111111 #
#10425
1!
#10430
0!
b00000000 #
#10435
1!
#10440
0!
b00000001 #
#10445
1!
#10450
0!
b00000010 #
#10455
1!
#10460
0!
b00000011 #
#10465
1!
#10470
0!
b00000100 #
#10475
1!
#10480
0!
b00000101 #
#10485
1!
#10490
0!
b00000110 #
#10495
1!
#10500
0!
b00000111 #
#10505
1!
#10510
0!
b00001000 #
#10515
1!
#10520
0!
b00001001 #
#10525
1!
#10530
0!
b00001010 #
#10535
1!
#10540
0!
b00001011 #
#10545
1!
#10550
0!
b00001100 #
#10555
1!
#10560
0!
b00001101 #
#10565
1!
#10570
0!
b00001110 #
#10575
1!
#10580
0!
b00001111 #
#10585
1!
#10590
0!
b00010000 #
#10595
1!
#10600
0!
b00010001 #
#10605
1!
#10610
0!
b00010010 #
#10615
1!
#10620
0!
b00010011 #
#10625
1!
#10630
0!
b00010100 #
#10635
1!
#10640
0!
b00010101 #
#10645
1!
#10650
0!
b00010110 #
#10655
1!
#10660
0!
b00010111 #
#10665
1!
#10670
0!
b00011000 #
#10675
1!
#10680
0!
b00011001 #
#10685
1!
#10690
0!
b00011010 #
#10695
1!
#10700
0!
b00011011 #
#10705
1!
#10710
0!
b00011100 #
#10715
1!
#10720
0!
b00011101 #
#10725
1!
#10730
0!
b00011110 #
#10735
1!
#10740
0!
b00011111 #
#10745
1!
#10750
0!
b00100000 #
#10755
1!
#10760
0!
b00100001 #
#10765
1!
#10770
0!
b00100010 #
#10775
1!
#10780
0!
b00100011 #
#10785
1!
#10790
0!
b00100100 #
#10795
1!
#10800
0!
b00100101 #
#10805
1!
#10810
0!
b00100110 #
#10815
1!
#10820
0!
b00100111 #
#10825
1!
#10830
0!
b00101000 #
#10835
1!
#10840
0!
b00101001 #
#10845
1!
#10850
0!
b00101010 #
#10855
1!
#10860
0!
b00101011 #
#10865
1!
#10870
0!
b00101100 #
#10875
1!
#10880
0!
b00101101 #
#10885
1!
#10890
0!
b00101110 #
#10895
1!
#10900
0!
b00101111 #
#10905
1!
#10910
0!
b00110000 #
#10915
1!
#10920
0!
b00110001 #
#10925
1!
#10930
0!
b00110010 #
#10935
1!
#10940
0!
b00110011 #
#10945
1!
#10950
0!
b00110100 #
#10955
1!
#10960
0!
b00110101 #
#10965
1!
#10970
0!
b00110110 #
#10975
1!
#10980
0!
b00110111 #
#10985
1!
#10990
0!
b00111000 #
#10995
1!
#11000
0!
b00111001 #
#11005
1!
#11010
0!
b00111010 #
#11015
1!
#11020
0!
b00111011 #
#11025
1!
#11030
0!
b00111100 #
#11035
1!
#11040
0!
b00111101 #
#11045
1!
#11050
0!
b00111110 #
#11055
1!
#11060
0!
b00111111 #
#11065
1!
#11070
0!
b01000000 #
#11075
1!
#11080
0!
b01000001 #
#11085
1!
#11090
0!
b01000010 #
#11095
1!
#11100
0!
b01000011 #
#11105
1!
#11110
0!
b01000100 #
#11115
1!
#11120
0!
b01000101 #
#11125
1!
#11130
0!
b01000110 #
#11135
1!
#11140
0!
b01000111 #
#11145
1!
#11150
0!
b01001000 #
#11155
1!
#11160
0!
b01001001 #
#11165
1!
#11170
0!
b01001010 #
#11175
1!
#11180
0!
b01001011 #
#11185
1!
#11190
0!
b01001100 #
#11195
1!
#11200
0!
b01001101 #
#11205
1!
#11210
0!
b01001110 #
#11215
1!
#11220
0!
b01001111 #
#11225
1!
#11230
0!
b01010000 #
#11235
1!
#11240
0!
b01010001 #
#11245
1!
#11250
0!
b01010010 #
#11255
1!
#11260
0!
b01010011 #
#11265
1!
#11270
0!
b01010100 #
#11275
1!
#11280
0!
b01010101 #
#11285
1!
#11290
0!
b01010110 #
#11295
1!
#11300
0!
b01010111 #
#11305
1!
#11310
0!
b01011000 #
#11315
1!
#11320
0!
b01011001 #
#11325
1!
#11330
0!
b01011010 #
#11335
1!
#11340
0!
b01011011 #
#11345
1!
#11350
0!
b01011100 #
#11355
1!
#11360
0!
b01011101 #
#11365
1!
#11370
0!
b01011110 #
#11375
1!
#11380
0!
b01011111 #
#11385
1!
#11390
0!
b01100000 #
#11395
1!
#11400
0!
b01100001 #
#11405
1!
#11410
0!
b01100010 #
#11415
1!
#11420
0!
b01100011 #
#11425
1!
#11430
0!
b01100100 #
#11435
1!
#11440
0!
b01100101 #
#11445
1!
#11450
0!
b01100110 #
#11455
1!
#11460
0!
b01100111 #
#11465
1!
#11470
0!
b01101000 #
#11475
1!
#11480
0!
b01101001 #
#11485
1!
#11490
0!
b01101010 #
#11495
1!
#11500
0!
b01101011 #
#11505
1!
#11510
0!
b01101100 #
#11515
1!
#11520
0!
b01101101 #
#11525
1!
#11530
0!
b01101110 #
#11535
1!
#11540
0!
b01101111 #
#11545
1!
#11550
0!
b01110000 #
#11555
1!
#11560
0!
b01110001 #
#11565
1!
#11570
0!
b01110010 #
#11575
1!
#11580
0!
b01110011 #
#11585
1!
#11590
0!
b01110100 #
#11595
1!
#11600
0!
b01110101 #
#11605
1!
#11610
0!
b01110110 #
#11615
1!
#11620
0!
b01110111 #
#11625
1!
#11630
0!
b01111000 #
#11635
1!
#11640
0!
b01111001 #
#11645
1!
#11650
0!
b01111010 #
#11655
1!
#11660
0!
b01111011 #
#11665
1!
#11670
0!
b01111100 #
#11675
1!
#11680
0!
b01111101 #
#11685
1!
#11690
0!
b01111110 #
#11695
1!
#11700
0!
b01111111 #
#11705
1!
#11710
0!
b10000000 #
#11715
1!
#11720
0!
b10000001 #
#11725
1!
#11730
0!
b10000010 #
#11735
1!
#11740
0!
b10000011 #
#11745
1!
#11750
0!
b10000100 #
#11755
1!
#11760
0!
b10000101 #
#11765
1!
#11770
0!
b10000110 #
#11775
1!
#11780
0!
b10000111 #
#11785
1!
#11790
0!
b10001000 #
#11795
1!
#11800
0!
b10001001 #
#11805
1!
#11810
0!
b10001010 #
#11815
1!
#11820
0!
b10001011 #
#11825
1!
#11830
0!
b10001100 #
#11835
1!
#11840
0!
b10001101 #
#11845
1!
#11850
0!
b10001110 #
#11855
1!
#11860
0!
b10001111 #
#11865
1!
#11870
0!
b10010000 #
#11875
1!
#11880
0!
b10010001 #
#11885
1!
#11890
0!
b10010010 #
#11895
1!
#11900
0!
b10010011 #
#11905
1!
#11910
0!
b10010100 #
#11915
1!
#11920
0!
b10010101 #
#11925
1!
#11930
0!
b10010110 #
#11935
1!
#11940
0!
b10010111 #
#11945
1!
#11950
0!
b10011000 #
#11955
1!
#11960
0!
b10011001 #
#11965
1!
#11970
0!
b10011010 #
#11975
1!
#11980
0!
b10011011 #
#11985
1!
#11990
0!
b10011100 #
#11995
1!
#12000
0!
b10011101 #
#12005
1!
#12010
0!
b10011110 #
#12015
1!
#12020
0!
b10011111 #
#12025
1!
#12030
0!
b10100000 #
#12035
1!
#12040
0!
b10100001 #
#12045
1!
#12050
0!
b10100010 #
#12055
1!
#12060
0!
b10100011 #
#12065
1!
#12070
0!
b10100100 #
#12075
1!
#12080
0!
b10100101 #
#12085
1!
#12090
0!
b10100110 #
#12095
1!
#12100
0!
b10100111 #
#12105
1!
#12110
0!
b10101000 #
#12115
1!
#12120
0!
b10101001 #
#12125
1!
#12130
0!
b10101010 #
#12135
1!
#12140
0!
b10101011 #
#12145
1!
#12150
0!
b10101100 #
#12155
1!
#12160
0!
b10101101 #
#12165
1!
#12170
0!
b10101110 #
#12175
1!
#12180
0!
b10101111 #
#12185
1!
#12190
0!
b10110000 #
#12195
1!
#12200
0!
b10110001 #
#12205
1!
#12210
0!
b10110010 #
#12215
1!
#12220
0!
b10110011 #
#12225
1!
#12230
0!
b10110100 #
#12235
1!
#12240
0!
b10110101 #
#12245
1!
#12250
0!
b10110110 #
#12255
1!
#12260
0!
b10110111 #
#12265
1!
#12270
0!
b10111000 #
#12275
1!
#12280
0!
b10111001 #
#12285
1!
#12290
0!
b10111010 #
#12295
1!
#12300
0!
b10111011 #
#12305
1!
#12310
0!
b10111100 #
#12315
1!
#12320
0!
b10111101 #
#12325
1!
#12330
0!
b10111110 #
#12335
1!
#12340
0!
b10111111 #
#12345
1!
#12350
0!
b11000000 #
#12355
1!
#12360
0!
b11000001 #
#12365
1!
#12370
0!
b11000010 #
#12375
1!
#12380
0!
b11000011 #
#12385
1!
#12390
0!
b11000100 #
#12395
1!
#12400
0!
b11000101 #
#12405
1!
#12410
0!
b11000110 #
#12415
1!
#12420
0!
b11000111 #
#12425
1!
#12430
0!
b11001000 #
#12435
1!
#12440
0!
b11001001 #
#12445
1!
#12450
0!
b11001010 #
#12455
1!
#12460
0!
b11001011 #
#12465
1!
#12470
0!
b11001100 #
#12475
1!
#12480
0!
b11001101 #
#12485
1!
#12490
0!
b11001110 #
#12495
1!
#12500
0!
b11001111 #
#12505
1!
#12510
0!
b11010000 #
#12515
1!
#12520
0!
b11010001 #
#12525
1!
#12530
0!
b11010010 #
#12535
1!
#12540
0!
b11010011 #
#12545
1!
#12550
0!
b11010100 #
#12555
1!
#12560
0!
b11010101 #
#12565
1!
#12570
0!
b11010110 #
#12575
1!
#12580
0!
b11010111 #
#12585
1!
#12590
0!
b11011000 #
#12595
1!
#12600
0!
b11011001 #
#12605
1!
#12610
0!
b11011010 #
#12615
1!
#12620
0!
b11011011 #
#12625
1!
#12630
0!
b11011100 #
#12635
1!
#12640
0!
b11011101 #
#12645
1!
#12650
0!
b11011110 #
#12655
1!
#12660
0!
b11011111 #
#12665
1!
#12670
0!
b11100000 #
#12675
1!
#12680
0!
b11100001 #
#12685
1!
#12690
0!
b11100010 #
#12695
1!
#12700
0!
b11100011 #
#12705
1!
#12710
0!
b11100100 #
#12715
1!
#12720
0!
b11100101 #
#12725
1!
#12730
0!
b11100110 #
#12735
1!
#12740
0!
b11100111 #
#12745
1!
#12750
0!
b11101000 #
#12755
1!
#12760
0!
b11101001 #
#12765
1!
#12770
0!
b11101010 #
#12775
1!
#12780
0!
b11101011 #
#12785
1!
#12790
0!
b11101100 #
#12795
1!
#12800
0!
b11101101 #
#12805
1!
#12810
0!
b11101110 #
#12815
1!
#12820
0!
b11101111 #
#12825
1!
#12830
0!
b11110000 #
#12835
1!
#12840
0!
b11110001 #
#12845
1!
#12850
0!
b11110010 #
#12855
1!
#12860
0!
b11110011 #
#12865
1!
#12870
0!
b11110100 #
#12875
1!
#12880
0!
b11110101 #
#12885
1!
#12890
0!
b11110110 #
#12895
1!
#12900
0!
b11110111 #
#12905
1!
#12910
0!
b11111000 #
#12915
1!
#12920
0!
b11111001 #
#12925
1!
#12930
0!
b11111010 #
#12935
1!
#12940
0!
b11111011 #
#12945
1!
#12950
0!
b11111100 #
#12955
1!
#12960
0!
b11111101 #
#12965
1!
#12970
0!
b11111110 #
#12975
1!
#12980
0!
b11111111 #
#12985
1!
#12990
0!
b00000000 #
#12995
1!
#13000
0!
b00000001 #
#13005
1!
#13010
0!
b00000010 #
#13015
1!
#13020
0!
b00000011 #
#13025
1!
#13030
0!
b00000100 #
#13035
1!
#13040
0!
b00000101 #
#13045
1!
#13050
0!
b00000110 #
#13055
1!
#13060
0!
b00000111 #
#13065
1!
#13070
0!
b00001000 #
#13075
1!
#13080
0!
b00001001 #
#13085
1!
#13090
0!
b00001010 #
#13095
1!
#13100
0!
b00001011 #
#13105
1!
#13110
0!
b00001100 #
#13115
1!
#13120
0!
b00001101 #
#13125
1!
#13130
0!
b00001110 #
#13135
1!
#13140
0!
b00001111 #
#13145
1!
#13150
0!
b00010000 #
#13155
1!
#13160
0!
b00010001 #
#13165
1!
#13170
0!
b00010010 #
#13175
1!
#13180
0!
b00010011 #
#13185
1!
#13190
0!
b00010100 #
#13195
1!
#13200
0!
b00010101 #
#13205
1!
#13210
0!
b00010110 #
#13215
1!
#13220
0!
b00010111 #
#13225
1!
#13230
0!
b00011000 #
#13235
1!
#13240
0!
b00011001 #
#13245
1!
#13250
0!
b00011010 #
#13255
1!
#13260
0!
b00011011 #
#13265
1!
#13270
0!
b00011100 #
#13275
1!
#13280
0!
b00011101 #
#13285
1!
#13290
0!
b00011110 #
#13295
1!
#13300
0!
b00011111 #
#13305
1!
#13310
0!
b00100000 #
#13315
1!
#13320
0!
b00100001 #
#13325
1!
#13330
0!
b00100010 #
#13335
1!
#13340
0!
b00100011 #
#13345
1!
#13350
0!
b00100100 #
#13355
1!
#13360
0!
b00100101 #
#13365
1!
#13370
0!
b00100110 #
#13375
1!
#13380
0!
b00100111 #
#13385
1!
#13390
0!
b00101000 #
#13395
1!
#13400
0!
b00101001 #
#13405
1!
#13410
0!
b00101010 #
#13415
1!
#13420
0!
b00101011 #
#13425
1!
#13430
0!
b00101100 #
#13435
1!
#13440
0!
b00101101 #
#13445
1!
#13450
0!
b00101110 #
#13455
1!
#13460
0!
b00101111 #
#13465
1!
#13470
0!
b00110000 #
#13475
1!
#13480
0!
b00110001 #
#13485
1!
#13490
0!
b00110010 #
#13495
1!
#13500
0!
b00110011 #
#13505
1!
#13510
0!
b00110100 #
#13515
1!
#13520
0!
b00110101 #
#13525
1!
#13530
0!
b00110110 #
#13535
1!
#13540
0!
b00110111 #
#13545
1!
#13550
0!
b00111000 #
#13555
1!
#13560
0!
b00111001 #
#13565
1!
#13570
0!
b00111010 #
#13575
1!
#13580
0!
b00111011 #
#13585
1!
#13590
0!
b00111100 #
#13595
1!
#13600
0!
b00111101 #
#13605
1!
#13610
0!
b00111110 #
#13615
1!
#13620
0!
b00111111 #
#13625
1!
#13630
0!
b01000000 #
#13635
1!
#13640
0!
b01000001 #
#13645
1!
#13650
0!
b01000010 #
#13655
1!
#13660
0!
b01000011 #
#13665
1!
#13670
0!
b01000100 #
#13675
1!
#13680
0!
b01000101 #
#13685
1!
#13690
0!
b01000110 #
#13695
1!
#13700
0!
b01000111 #
#13705
1!
#13710
0!
b01001000 #
#13715
1!
#13720
0!
b01001001 #
#13725
1!
#13730
0!
b01001010 #
#13735
1!
#13740
0!
b01001011 #
#13745
1!
#13750
0!
b01001100 #
#13755
1!
#13760
0!
b01001101 #
#13765
1!
#13770
0!
b01001110 #
#13775
1!
#13780
0!
b01001111 #
#13785
1!
#13790
0!
b01010000 #
#13795
1!
#13800
0!
b01010001 #
#13805
1!
#13810
0!
b01010010 #
#13815
1!
#13820
0!
b01010011 #
#13825
1!
#13830
0!
b01010100 #
#13835
1!
#13840
0!
b01010101 #
#13845
1!
#13850
0!
b01010110 #
#13855
1!
#13860
0!
b01010111 #
#13865
1!
#13870
0!
b01011000 #
#13875
1!
#13880
0!
b01011001 #
#13885
1!
#13890
0!
b01011010 #
#13895
1!
#13900
0!
b01011011 #
#13905
1!
#13910
0!
b01011100 #
#13915
1!
#13920
0!
b01011101 #
#13925
1!
#13930
0!
b01011110 #
#13935
1!
#13940
0!
b01011111 #
#13945
1!
#13950
0!
b01100000 #
#13955
1!
#13960
0!
b01100001 #
#13965
1!
#13970
0!
b01100010 #
#13975
1!
#13980
0!
b01100011 #
#13985
1!
#13990
0!
b01100100 #
#13995
1!
#14000
0!
b01100101 #
#14005
1!
#14010
0!
b01100110 #
#14015
1!
#14020
0!
b01100111 #
#14025
1!
#14030
0!
b01101000 #
#14035
1!
#14040
0!
b01101001 #
#14045
1!
#14050
0!
b01101010 #
#14055
1!
#14060
0!
b01101011 #
#14065
1!
#14070
0!
b01101100 #
#14075
1!
#14080
0!
b01101101 #
#14085
1!
#14090
0!
b01101110 #
#14095
1!
#14100
0!
b01101111 #
#14105
1!
#14110
0!
b01110000 #
#14115
1!
#14120
0!
b01110001 #
#14125
1!
#14130
0!
b01110010 #
#14135
1!
#14140
0!
b01110011 #
#14145
1!
#14150
0!
b01110100 #
#14155
1!
#14160
0!
b01110101 #
#14165
1!
#14170
0!
b01110110 #
#14175
1!
#14180
0!
b01110111 #
#14185
1!
#14190
0!
b01111000 #
#14195
1!
#14200
0!
b01111001 #
#14205
1!
#14210
0!
b01111010 #
#14215
1!
#14220
0!
b01111011 #
#14225
1!
#14230
0!
b01111100 #
#14235
1!
#14240
0!
b01111101 #
#14245
1!
#14250
0!
b01111110 #
#14255
1!
#14260
0!
b01111111 #
#14265
1!
#14270
0!
b10000000 #
#14275
1!
#14280
0!
b10000001 #
#14285
1!
#14290
0!
b10000010 #
#14295
1!
#14300
0!
b10000011 #
#14305
1!
#14310
0!
b10000100 #
#14315
1!
#14320
0!
b10000101 #
#14325
1!
#14330
0!
b10000110 #
#14335
1!
#14340
0!
b10000111 #
#14345
1!
#14350
0!
b10001000 #
#14355
1!
#14360
0!
b10001001 #
#14365
1!
#14370
0!
b10001010 #
#14375
1!
#14380
0!
b10001011 #
#14385
1!
#14390
0!
b10001100 #
#14395
1!
#14400
0!
b10001101 #
#14405
1!
#14410
0!
b10001110 #
#14415
1!
#14420
0!
b10001111 #
#14425
1!
#14430
0!
b10010000 #
#14435
1!
#14440
0!
b10010001 #
#14445
1!
#14450
0!
b10010010 #
#14455
1!
#14460
0!
b10010011 #
#14465
1!
#14470
0!
b10010100 #
#14475
1!
#14480
0!
b10010101 #
#14485
1!
#14490
0!
b10010110 #
#14495
1!
#14500
0!
b10010111 #
#14505
1!
#14510
0!
b10011000 #
#14515
1!
#14520
0!
b10011001 #
#14525
1!
#14530
0!
b10011010 #
#14535
1!
#14540
0!
b10011011 #
#14545
1!
#14550
0!
b10011100 #
#14555
1!
#14560
0!
b10011101 #
#14565
1!
#14570
0!
b10011110 #
#14575
1!
#14580
0!
b10011111 #
#14585
1!
#14590
0!
b10100000 #
#14595
1!
#14600
0!
b10100001 #
#14605
1!
#14610
0!
b10100010 #
#14615
1!
#14620
0!
b10100011 #
#14625
1!
#14630
0!
b10100100 #
#14635
1!
#14640
0!
b10100101 #
#14645
1!
#14650
0!
b10100110 #
#14655
1!
#14660
0!
b10100111 #
#14665
1!
#14670
0!
b10101000 #
#14675
1!
#14680
0!
b10101001 #
#14685
1!
#14690
0!
b10101010 #
#14695
1!
#14700
0!
b10101011 #
#14705
1!
#14710
0!
b10101100 #
#14715
1!
#14720
0!
b10101101 #
#14725
1!
#14730
0!
b10101110 #
#14735
1!
#14740
0!
b10101111 #
#14745
1!
#14750
0!
b10110000 #
#14755
1!
#14760
0!
b10110001 #
#14765
1!
#14770
0!
b10110010 #
#14775
1!
#14780
0!
b10110011 #
#14785
1!
#14790
0!
b10110100 #
#14795
1!
#14800
0!
b10110101 #
#14805
1!
#14810
0!
b10110110 #
#14815
1!
#14820
0!
b10110111 #
#14825
1!
#14830
0!
b10111000 #
#14835
1!
#14840
0!
b10111001 #
#14845
1!
#14850
0!
b10111010 #
#14855
1!
#14860
0!
b10111011 #
#14865
1!
#14870
0!
b10111100 #
#14875
1!
#14880
0!
b10111101 #
#14885
1!
#14890
0!
b10111110 #
#14895
1!
#14900
0!
b10111111 #
#14905
1!
#14910
0!
b11000000 #
#14915
1!
#14920
0!
b11000001 #
#14925
1!
#14930
0!
b11000010 #
#14935
1!
#14940
0!
b11000011 #
#14945
1!
#14950
0!
b11000100 #
#14955
1!
#14960
0!
b11000101 #
#14965
1!
#14970
0!
b11000110 #
#14975
1!
#14980
0!
b11000111 #
#14985
1!
#14990
0!
b11001000 #
#14995
1!
#15000
0!
b11001001 #
#15005
1!
#15010
0!
b11001010 #
#15015
1!
#15020
0!
b11001011 #
#15025
1!
#15030
0!
b11001100 #
#15035
1!
#15040
0!
b11001101 #
#15045
1!
#15050
0!
b11001110 #
#15055
1!
#15060
0!
b11001111 #
#15065
1!
#15070
0!
b11010000 #
#15075
1!
#15080
0!
b11010001 #
#15085
1!
#15090
0!
b11010010 #
#15095
1!
#15100
0!
b11010011 #
#15105
1!
#15110
0!
b11010100 #
#15115
1!
#15120
0!
b11010101 #
#15125
1!
#15130
0!
b11010110 #
#15135
1!
#15140
0!
b11010111 #
#15145
1!
#15150
0!
b11011000 #
#15155
1!
#15160
0!
b11011001 #
#15165
1!
#15170
0!
b11011010 #
#15175
1!
#15180
0!
b11011011 #
#15185
1!
#15190
0!
b11011100 #
#15195
1!
#15200
0!
b11011101 #
#15205
1!
#15210
0!
b11011110 #
#15215
1!
#15220
0!
b11011111 #
#15225
1!
#15230
0!
b11100000 #
#15235
1!
#15240
0!
b11100001 #
#15245
1!
#15250
0!
b11100010 #
#15255
1!
#15260
0!
b11100011 #
#15265
1!
#15270
0!
b11100100 #
#15275
1!
#15280
0!
b11100101 #
#15285
1!
#15290
0!
b11100110 #
#15295
1!
#15300
0!
b11100111 #
#15305
1!
#15310
0!
b11101000 #
#15315
1!
#15320
0!
b11101001 #
#15325
1!
#15330
0!
b11101010 #
#15335
1!
#15340
0!
b11101011 #
#15345
1!
#15350
0!
b11101100 #
#15355
1!
#15360
0!
b11101101 #
#15365
1!
#15370
0!
b11101110 #
#15375
1!
#15380
0!
b11101111 #
#15385
1!
#15390
0!
b11110000 #
#15395
1!
#15400
0!
b11110001 #
#15405
1!
#15410
0!
b11110010 #
#15415
1!
#15420
0!
b11110011 #
#15425
1!
#15430
0!
b11110100 #
#15435
1!
#15440
0!
b11110101 #
#15445
1!
#15450
0!
b11110110 #
#15455
1!
#15460
0!
b11110111 #
#15465
1!
#15470
0!
b11111000 #
#15475
1!
#15480
0!
b11111001 #
#15485
1!
#15490
0!
b11111010 #
#15495
1!
#15500
0!
b11111011 #
#15505
1!
#15510
0!
b11111100 #
#15515
1!
#15520
0!
b11111101 #
#15525
1!
#15530
0!
b11111110 #
#15535
1!
#15540
0!
b11111111 #
#15545
1!
#15550
0!
b00000000 #
#15555
1!
#15560
0!
b00000001 #
#15565
1!
#15570
0!
b00000010 #
#15575
1!
#15580
0!
b00000011 #
#15585
1!
#15590
0!
b00000100 #
#15595
1!
#15600
0!
b00000101 #
#15605
1!
#15610
0!
b00000110 #
#15615
1!
#15620
0!
b00000111 #
#15625
1!
#15630
0!
b00001000 #
#15635
1!
#15640
0!
b00001001 #
#15645
1!
#15650
0!
b00001010 #
#15655
1!
#15660
0!
b00001011 #
#15665
1!
#15670
0!
b00001100 #
#15675
1!
#15680
0!
b00001101 #
#15685
1!
#15690
0!
b00001110 #
#15695
1!
#15700
0!
b00001111 #
#15705
1!
#15710
0!
b00010000 #
#15715
1!
#15720
0!
b00010001 #
#15725
1!
#15730
0!
b00010010 #
#15735
1!
#15740
0!
b00010011 #
#15745
1!
#15750
0!
b00010100 #
#15755
1!
#15760
0!
b00010101 #
#15765
1!
#15770
0!
b00010110 #
#15775
1!
#15780
0!
b00010111 #
#15785
1!
#15790
0!
b00011000 #
#15795
1!
#15800
0!
b00011001 #
#15805
1!
#15810
0!
b00011010 #
#15815
1!
#15820
0!
b00011011 #
#15825
1!
#15830
0!
b00011100 #
#15835
1!
#15840
0!
b00011101 #
#15845
1!
#15850
0!
b00011110 #
#15855
1!
#15860
0!
b00011111 #
#15865
1!
#15870
0!
b00100000 #
#15875
1!
#15880
0!
b00100001 #
#15885
1!
#15890
0!
b00100010 #
#15895
1!
#15900
0!
b00100011 #
#15905
1!
#15910
0!
b00100100 #
#15915
1!
#15920
0!
b00100101 #
#15925
1!
#15930
0!
b00100110 #
#15935
1!
#15940
0!
b00100111 #
#15945
1!
#15950
0!
b00101000 #
#15955
1!
#15960
0!
b00101001 #
#15965
1!
#15970
0!
b00101010 #
#15975
1!
#15980
0!
b00101011 #
#15985
1!
#15990
0!
b00101100 #
#15995
1!
#16000
0!
b00101101 #
#16005
1!
#16010
0!
b00101110 #
#16015
1!
#16020
0!
b00101111 #
#16025
1!
#16030
0!
b00110000 #
#16035
1!
#16040
0!
b00110001 #
#16045
1!
#16050
0!
b00110010 #
#16055
1!
#16060
0!
b00110011 #
#16065
1!
#16070
0!
b00110100 #
#16075
1!
#16080
0!
b00110101 #
#16085
1!
#16090
0!
b00110110 #
#16095
1!
#16100
0!
b00110111 #
#16105
1!
#16110
0!
b00111000 #
#16115
1!
#16120
0!
b00111001 #
#16125
1!
#16130
0!
b00111010 #
#16135
1!
#16140
0!
b00111011 #
#16145
1!
#16150
0!
b00111100 #
#16155
1!
#16160
0!
b00111101 #
#16165
1!
#16170
0!
b00111110 #
#16175
1!
#16180
0!
b00111111 #
#16185
1!
#16190
0!
b01000000 #
#16195
1!
#16200
0!
b01000001 #
#16205
1!
#16210
0!
b01000010 #
#16215
1!
#16220
0!
b01000011 #
#16225
1!
#16230
0!
b01000100 #
#16235
1!
#16240
0!
b01000101 #
#16245
1!
#16250
0!
b01000110 #
#16255
1!
#16260
0!
b01000111 #
#16265
1!
#16270
0!
b01001000 #
#16275
1!
#16280
0!
b01001001 #
#16285
1!
#16290
0!
b01001010 #
#16295
1!
#16300
0!
b01001011 #
#16305
1!
#16310
0!
b01001100 #
#16315
1!
#16320
0!
b01001101 #
#16325
1!
#16330
0!
b01001110 #
#16335
1!
#16340
0!
b01001111 #
#16345
1!
#16350
0!
b01010000 #
#16355
1!
#16360
0!
b01010001 #
#16365
1!
#16370
0!
b01010010 #
#16375
1!
#16380
0!
b01010011 #
#16385
1!
#16390
0!
b01010100 #
#16395
1!
#16400
0!
b01010101 #
#16405
1!
#16410
0!
b01010110 #
#16415
1!
#16420
0!
b01010111 #
#16425
1!
#16430
0!
b01011000 #
#16435
1!
#16440
0!
b01011001 #
#16445
1!
#16450
0!
b01011010 #
#16455
1!
#16460
0!
b01011011 #
#16465
1!
#16470
0!
b01011100 #
#16475
1!
#16480
0!
b01011101 #
#16485
1!
#16490
0!
b01011110 #
#16495
1!
#16500
0!
b01011111 #
#16505
1!
#16510
0!
b01100000 #
#16515
1!
#16520
0!
b01100001 #
#16525
1!
#16530
0!
b01100010 #
#16535
1!
#16540
0!
b01100011 #
#16545
1!
#16550
0!
b01100100 #
#16555
1!
#16560
0!
b01100101 #
#16565
1!
#16570
0!
b01100110 #
#16575
1!
#16580
0!
b01100111 #
#16585
1!
#16590
0!
b01101000 #
#16595
1!
#16600
0!
b01101001 #
#16605
1!
#16610
0!
b01101010 #
#16615
1!
#16620
0!
b01101011 #
#16625
1!
#16630
0!
b01101100 #
#16635
1!
#16640
0!
b01101101 #
#16645
1!
#16650
0!
b01101110 #
#16655
1!
#16660
0!
b01101111 #
#16665
1!
#16670
0!
b01110000 #
#16675
1!
#16680
0!
b01110001 #
#16685
1!
#16690
0!
b01110010 #
#16695
1!
#16700
0!
b01110011 #
#16705
1!
#16710
0!
b01110100 #
#16715
1!
#16720
0!
b01110101 #
#16725
1!
#16730
0!
b01110110 #
#16735
1!
#16740
0!
b01110111 #
#16745
1!
#16750
0!
b01111000 #
#16755
1!
#16760
0!
b01111001 #
#16765
1!
#16770
0!
b01111010 #
#16775
1!
#16780
0!
b01111011 #
#16785
1!
#16790
0!
b01111100 #
#16795
1!
#16800
0!
b01111101 #
#16805
1!
#16810
0!
b01111110 #
#16815
1!
#16820
0!
b01111111 #
#16825
1!
#16830
0!
b10000000 #
#16835
1!
#16840
0!
b10000001 #
#16845
1!
#16850
0!
b10000010 #
#16855
1!
#16860
0!
b10000011 #
#16865
1!
#16870
0!
b10000100 #
#16875
1!
#16880
0!
b10000101 #
#16885
1!
#16890
0!
b10000110 #
#16895
1!
#16900
0!
b10000111 #
#16905
1!
#16910
0!
b10001000 #
#16915
1!
#16920
0!
b10001001 #
#16925
1!
#16930
0!
b10001010 #
#16935
1!
#16940
0!
b10001011 #
#16945
1!
#16950
0!
b10001100 #
#16955
1!
#16960
0!
b10001101 #
#16965
1!
#16970
0!
b10001110 #
#16975
1!
#16980
0!
b10001111 #
#16985
1!
#16990
0!
b10010000 #
#16995
1!
#17000
0!
b10010001 #
#17005
1!
#17010
0!
b10010010 #
#17015
1!
#17020
0!
b10010011 #
#17025
1!
#17030
0!
b10010100 #
#17035
1!
#17040
0!
b10010101 #
#17045
1!
#17050
0!
b10010110 #
#17055
1!
#17060
0!
b10010111 #
#17065
1!
#17070
0!
b10011000 #
#17075
1!
#17080
0!
b10011001 #
#17085
1!
#17090
0!
b10011010 #
#17095
1!
#17100
0!
b10011011 #
#17105
1!
#17110
0!
b10011100 #
#17115
1!
#17120
0!
b10011101 #
#17125
1!
#17130
0!
b10011110 #
#17135
1!
#17140
0!
b10011111 #
#17145
1!
#17150
0!
b10100000 #
#17155
1!
#17160
0!
b10100001 #
#17165
1!
#17170
0!
b10100010 #
#17175
1!
#17180
0!
b10100011 #
#17185
1!
#17190
0!
b10100100 #
#17195
1!
#17200
0!
b10100101 #
#17205
1!
#17210
0!
b10100110 #
#17215
1!
#17220
0!
b10100111 #
#17225
1!
#17230
0!
b10101000 #
#17235
1!
#17240
0!
b10101001 #
#17245
1!
#17250
0!
b10101010 #
#17255
1!
#17260
0!
b10101011 #
#17265
1!
#17270
0!
b10101100 #
#17275
1!
#17280
0!
b10101101 #
#17285
1!
#17290
0!
b10101110 #
#17295
1!
#17300
0!
b10101111 #
#17305
1!
#17310
0!
b10110000 #
#17315
1!
#17320
0!
b10110001 #
#17325
1!
#17330
0!
b10110010 #
#17335
1!
#17340
0!
b10110011 #
#17345
1!
#17350
0!
b10110100 #
#17355
1!
#17360
0!
b10110101 #
#17365
1!
#17370
0!
b10110110 #
#17375
1!
#17380
0!
b10110111 #
#17385
1!
#17390
0!
b10111000 #
#17395
1!
#17400
0!
b10111001 #
#17405
1!
#17410
0!
b10111010 #
#17415
1!
#17420
0!
b10111011 #
#17425
1!
#17430
0!
b10111100 #
#17435
1!
#17440
0!
b10111101 #
#17445
1!
#17450
0!
b10111110 #
#17455
1!
#17460
0!
b10111111 #
#17465
1!
#17470
0!
b11000000 #
#17475
1!
#17480
0!
b11000001 #
#17485
1!
#17490
0!
b11000010 #
#17495
1!
#17500
0!
b11000011 #
#17505
1!
#17510
0!
b11000100 #
#17515
1!
#17520
0!
b11000101 #
#17525
1!
#17530
0!
b11000110 #
#17535
1!
#17540
0!
b11000111 #
#17545
1!
#17550
0!
b11001000 #
#17555
1!
#17560
0!
b11001001 #
#17565
1!
#17570
0!
b11001010 #
#17575
1!
#17580
0!
b11001011 #
#17585
1!
#17590
0!
b11001100 #
#17595
1!
#17600
0!
b11001101 #
#17605
1!
#17610
0!
b11001110 #
#17615
1!
#17620
0!
b11001111 #
#17625
1!
#17630
0!
b11010000 #
#17635
1!
#17640
0!
b11010001 #
#17645
1!
#17650
0!
b11010010 #
#17655
1!
#17660
0!
b11010011 #
#17665
1!
#17670
0!
b11010100 #
#17675
1!
#17680
0!
b11010101 #
#17685
1!
#17690
0!
b11010110 #
#17695
1!
#17700
0!
b11010111 #
#17705
1!
#17710
0!
b11011000 #
#17715
1!
#17720
0!
b11011001 #
#17725
1!
#17730
0!
b11011010 #
#17735
1!
#17740
0!
b11011011 #
#17745
1!
#17750
0!
b11011100 #
#17755
1!
#17760
0!
b11011101 #
#17765
1!
#17770
0!
b11011110 #
#17775
1!
#17780
0!
b11011111 #
#17785
1!
#17790
0!
b11100000 #
#17795
1!
#17800
0!
b11100001 #
#17805
1!
#17810
0!
b11100010 #
#17815
1!
#17820
0!
b11100011 #
#17825
1!
#17830
0!
b11100100 #
#17835
1!
#17840
0!
b11100101 #
#17845
1!
#17850
0!
b11100110 #
#17855
1!
#17860
0!
b11100111 #
#17865
1!
#17870
0!
b11101000 #
#17875
1!
#17880
0!
b11101001 #
#17885
1!
#17890
0!
b11101010 #
#17895
1!
#17900
0!
b11101011 #
#17905
1!
#17910
0!
b11101100 #
#17915
1!
#17920
0!
b11101101 #
#17925
1!
#17930
0!
b11101110 #
#17935
1!
#17940
0!
b11101111 #
#17945
1!
#17950
0!
b11110000 #
#17955
1!
#17960
0!
b11110001 #
#17965
1!
#17970
0!
b11110010 #
#17975
1!
#17980
0!
b11110011 #
#17985
1!
#17990
0!
b11110100 #
#17995
1!
#18000
0!
b11110101 #
#18005
1!
#18010
0!
b11110110 #
#18015
1!
#18020
0!
b11110111 #
#18025
1!
#18030
0!
b11111000 #
#18035
1!
#18040
0!
b11111001 #
#18045
1!
#18050
0!
b11111010 #
#18055
1!
#18060
0!
b11111011 #
#18065
1!
#18070
0!
b11111100 #
#18075
1!
#18080
0!
b11111101 #
#18085
1!
#18090
0!
b11111110 #
#18095
1!
#18100
0!
b11111111 #
#18105
1!
#18110
0!
b00000000 #
#18115
1!
#18120
0!
b00000001 #
#18125
1!
#18130
0!
b00000010 #
#18135
1!
#18140
0!
b00000011 #
#18145
1!
#18150
0!
b00000100 #
#18155
1!
#18160
0!
b00000101 #
#18165
1!
#18170
0!
b00000110 #
#18175
1!
#18180
0!
b00000111 #
#18185
1!
#18190
0!
b00001000 #
#18195
1!
#18200
0!
b00001001 #
#18205
1!
#18210
0!
b00001010 #
#18215
1!
#18220
0!
b00001011 #
#18225
1!
#18230
0!
b00001100 #
#18235
1!
#18240
0!
b00001101 #
#18245
1!
#18250
0!
b00001110 #
#18255
1!
#18260
0!
b00001111 #
#18265
1!
#18270
0!
b00010000 #
#18275
1!
#18280
0!
b00010001 #
#18285
1!
#18290
0!
b00010010 #
#18295
1!
#18300
0!
b00010011 #
#18305
1!
#18310
0!
b00010100 #
#18315
1!
#18320
0!
b00010101 #
#18325
1!
#18330
0!
b00010110 #
#18335
1!
#18340
0!
b00010111 #
#18345
1!
#18350
0!
b00011000 #
#18355
1!
#18360
0!
b00011001 #
#18365
1!
#18370
0!
b00011010 #
#18375
1!
#18380
0!
b00011011 #
#18385
1!
#18390
0!
b00011100 #
#18395
1!
#18400
0!
b00011101 #
#18405
1!
#18410
0!
b00011110 #
#18415
1!
#18420
0!
b00011111 #
#18425
1!
#18430
0!
b00100000 #
#18435
1!
#18440
0!
b00100001 #
#18445
1!
#18450
0!
b00100010 #
#18455
1!
#18460
0!
b00100011 #
#18465
1!
#18470
0!
b00100100 #
#18475
1!
#18480
0!
b00100101 #
#18485
1!
#18490
0!
b00100110 #
#18495
1!
#18500
0!
b00100111 #
#18505
1!
#18510
0!
b00101000 #
#18515
1!
#18520
0!
b00101001 #
#18525
1!
#18530
0!
b00101010 #
#18535
1!
#18540
0!
b00101011 #
#18545
1!
#18550
0!
b00101100 #
#18555
1!
#18560
0!
b00101101 #
#18565
1!
#18570
0!
b00101110 #
#18575
1!
#18580
0!
b00101111 #
#18585
1!
#18590
0!
b00110000 #
#18595
1!
#18600
0!
b00110001 #
#18605
1!
#18610
0!
b00110010 #
#18615
1!
#18620
0!
b00110011 #
#18625
1!
#18630
0!
b00110100 #
#18635
1!
#18640
0!
b00110101 #
#18645
1!
#18650
0!
b00110110 #
#18655
1!
#18660
0!
b00110111 #
#18665
1!
#18670
0!
b00111000 #
#18675
1!
#18680
0!
b00111001 #
#18685
1!
#18690
0!
b00111010 #
#18695
1!
#18700
0!
b00111011 #
#18705
1!
#18710
0!
b00111100 #
#18715
1!
#18720
0!
b00111101 #
#18725
1!
#18730
0!
b00111110 #
#18735
1!
#18740
0!
b00111111 #
#18745
1!
#18750
0!
b01000000 #
#18755
1!
#18760
0!
b01000001 #
#18765
1!
#18770
0!
b01000010 #
#18775
1!
#18780
0!
b01000011 #
#18785
1!
#18790
0!
b01000100 #
#18795
1!
#18800
0!
b01000101 #
#18805
1!
#18810
0!
b01000110 #
#18815
1!
#18820
0!
b01000111 #
#18825
1!
#18830
0!
b01001000 #
#18835
1!
#18840
0!
b01001001 #
#18845
1!
#18850
0!
b01001010 #
#18855
1!
#18860
0!
b01001011 #
#18865
1!
#18870
0!
b01001100 #
#18875
1!
#18880
0!
b01001101 #
#18885
1!
#18890
0!
b01001110 #
#18895
1!
#18900
0!
b01001111 #
#18905
1!
#18910
0!
b01010000 #
#18915
1!
#18920
0!
b01010001 #
#18925
1!
#18930
0!
b01010010 #
#18935
1!
#18940
0!
b01010011 #
#18945
1!
#18950
0!
b01010100 #
#18955
1!
#18960
0!
b01010101 #
#18965
1!
#18970
0!
b01010110 #
#18975
1!
#18980
0!
b01010111 #
#18985
1!
#18990
0!
b01011000 #
#18995
1!
#19000
0!
b01011001 #
#19005
1!
#19010
0!
b01011010 #
#19015
1!
#19020
0!
b01011011 #
#19025
1!
#19030
0!
b01011100 #
#19035
1!
#19040
0!
b01011101 #
#19045
1!
#19050
0!
b01011110 #
#19055
1!
#19060
0!
b01011111 #
#19065
1!
#19070
0!
b01100000 #
#19075
1!
#19080
0!
b01100001 #
#19085
1!
#19090
0!
b01100010 #
#19095
1!
#19100
0!
b01100011 #
#19105
1!
#19110
0!
b01100100 #
#19115
1!
#19120
0!
b01100101 #
#19125
1!
#19130
0!
b01100110 #
#19135
1!
#19140
0!
b01100111 #
#19145
1!
#19150
0!
b01101000 #
#19155
1!
#19160
0!
b01101001 #
#19165
1!
#19170
0!
b01101010 #
#19175
1!
#19180
0!
b01101011 #
#19185
1!
#19190
0!
b01101100 #
#19195
1!
#19200
0!
b01101101 #
#19205
1!
#19210
0!
b01101110 #
#19215
1!
#19220
0!
b01101111 #
#19225
1!
#19230
0!
b01110000 #
#19235
1!
#19240
0!
b01110001 #
#19245
1!
#19250
0!
b01110010 #
#19255
1!
#19260
0!
b01110011 #
#19265
1!
#19270
0!
b01110100 #
#19275
1!
#19280
0!
b01110101 #
#19285
1!
#19290
0!
b01110110 #
#19295
1!
#19300
0!
b01110111 #
#19305
1!
#19310
0!
b01111000 #
#19315
1!
#19320
0!
b01111001 #
#19325
1!
#19330
0!
b01111010 #
#19335
1!
#19340
0!
b01111011 #
#19345
1!
#19350
0!
b01111100 #
#19355
1!
#19360
0!
b01111101 #
#19365
1!
#19370
0!
b01111110 #
#19375
1!
#19380
0!
b01111111 #
#19385
1!
#19390
0!
b10000000 #
#19395
1!
#19400
0!
b10000001 #
#19405
1!
#19410
0!
b10000010 #
#19415
1!
#19420
0!
b10000011 #
#19425
1!
#19430
0!
b10000100 #
#19435
1!
#19440
0!
b10000101 #
#19445
1!
#19450
0!
b10000110 #
#19455
1!
#19460
0!
b10000111 #
#19465
1!
#19470
0!
b10001000 #
#19475
1!
#19480
0!
b10001001 #
#19485
1!
#19490
0!
b10001010 #
#19495
1!
#19500
0!
b10001011 #
#19505
1!
#19510
0!
b10001100 #
#19515
1!
#19520
0!
b10001101 #
#19525
1!
#19530
0!
b10001110 #
#19535
1!
#19540
0!
b10001111 #
#19545
1!
#19550
0!
b10010000 #
#19555
1!
#19560
0!
b10010001 #
#19565
1!
#19570
0!
b10010010 #
#19575
1!
#19580
0!
b10010011 #
#19585
1!
#19590
0!
b10010100 #
#19595
1!
#19600
0!
b10010101 #
#19605
1!
#19610
0!
b10010110 #
#19615
1!
#19620
0!
b10010111 #
#19625
1!
#19630
0!
b10011000 #
#19635
1!
#19640
0!
b10011001 #
#19645
1!
#19650
0!
b10011010 #
#19655
1!
#19660
0!
b10011011 #
#19665
1!
#19670
0!
b10011100 #
#19675
1!
#19680
0!
b10011101 #
#19685
1!
#19690
0!
b10011110 #
#19695
1!
#19700
0!
b10011111 #
#19705
1!
#19710
0!
b10100000 #
#19715
1!
#19720
0!
b10100001 #
#19725
1!
#19730
0!
b10100010 #
#19735
1!
#19740
0!
b10100011 #
#19745
1!
#19750
0!
b10100100 #
#19755
1!
#19760
0!
b10100101 #
#19765
1!
#19770
0!
b10100110 #
#19775
1!
#19780
0!
b10100111 #
#19785
1!
#19790
0!
b10101000 #
#19795
1!
#19800
0!
b10101001 #
#19805
1!
#19810
0!
b10101010 #
#19815
1!
#19820
0!
b10101011 #
#19825
1!
#19830
0!
b10101100 #
#19835
1!
#19840
0!
b10101101 #
#19845
1!
#19850
0!
b10101110 #
#19855
1!
#19860
0!
b10101111 #
#19865
1!
#19870
0!
b10110000 #
#19875
1!
#19880
0!
b10110001 #
#19885
1!
#19890
0!
b10110010 #
#19895
1!
#19900
0!
b10110011 #
#19905
1!
#19910
0!
b10110100 #
#19915
1!
#19920
0!
b10110101 #
#19925
1!
#19930
0!
b10110110 #
#19935
1!
#19940
0!
b10110111 #
#19945
1!
#19950
0!
b10111000 #
#19955
1!
#19960
0!
b10111001 #
#19965
1!
#19970
0!
b10111010 #
#19975
1!
#19980
0!
b10111011 #
#19985
1!
#19990
0!
b10111100 #
#19995
1!
#20000
0!
b10111101 #
#20005
1!
#20010
0!
b10111110 #
#20015
1!
#20020
0!
b10111111 #
#20025
1!
#20030
0!
b11000000 #
#20035
1!
#20040
0!
b11000001 #
#20045
1!
#20050
0!
b11000010 #
#20055
1!
#20060
0!
b11000011 #
#20065
1!
#20070
0!
b11000100 #
#20075
1!
#20080
0!
b11000101 #
#20085
1!
#20090
0!
b11000110 #
#20095
1!
#20100
0!
b11000111 #
#20105
1!
#20110
0!
b11001000 #
#20115
1!
#20120
0!
b11001001 #
#20125
1!
#20130
0!
b11001010 #
#20135
1!
#20140
0!
b11001011 #
#20145
1!
#20150
0!
b11001100 #
#20155
1!
#20160
0!
b11001101 #
#20165
1!
#20170
0!
b11001110 #
#20175
1!
#20180
0!
b11001111 #
#20185
1!
#20190
0!
b11010000 #
#20195
1!
#20200
0!
b11010001 #
#20205
1!
#20210
0!
b11010010 #
#20215
1!
#20220
0!
b11010011 #
#20225
1!
#20230
0!
b11010100 #
#20235
1!
#20240
0!
b11010101 #
#20245
1!
#20250
0!
b11010110 #
#20255
1!
#20260
0!
b11010111 #
#20265
1!
#20270
0!
b11011000 #
#20275
1!
#20280
0!
b11011001 #
#20285
1!
#20290
0!
b11011010 #
#20295
1!
#20300
0!
b11011011 #
#20305
1!
#20310
0!
b11011100 #
#20315
1!
#20320
0!
b11011101 #
#20325
1!
#20330
0!
b11011110 #
#20335
1!
#20340
0!
b11011111 #
#20345
1!
#20350
0!
b11100000 #
#20355
1!
#20360
0!
b11100001 #
#20365
1!
#20370
0!
b11100010 #
#20375
1!
#20380
0!
b11100011 #
#20385
1!
#20390
0!
b11100100 #
#20395
1!
#20400
0!
b11100101 #
#20405
1!
#20410
0!
b11100110 #
#20415
1!
#20420
0!
b11100111 #
#20425
1!
#20430
0!
b11101000 #
#20435
1!
#20440
0!
b11101001 #
#20445
1!
#20450
0!
b11101010 #
#20455
1!
#20460
0!
b11101011 #
#20465
1!
#20470
0!
b11101100 #
#20475
1!
#20480
0!
b11101101 #
#20485
1!
#20490
0!
b11101110 #
#20495
1!
#20500
0!
b11101111 #
#20505
1!
#20510
0!
b11110000 #
#20515
1!
#20520
0!
b11110001 #
#20525
1!
#20530
0!
b11110010 #
#20535
1!
#20540
0!
b11110011 #
#20545
1!
#20550
0!
b11110100 #
#20555
1!
#20560
0!
b11110101 #
#20565
1!
#20570
0!
b11110110 #
#20575
1!
#20580
0!
b11110111 #
#20585
1!
#20590
0!
b11111000 #
#20595
1!
#20600
0!
b11111001 #
#20605
1!
#20610
0!
b11111010 #
#20615
1!
#20620
0!
b11111011 #
#20625
1!
#20630
0!
b11111100 #
#20635
1!
#20640
0!
b11111101 #
#20645
1!
#20650
0!
b11111110 #
#20655
1!
#20660
0!
b11111111 #
#20665
1!
#20670
0!
b00000000 #
#20675
1!
#20680
0!
b00000001 #
#20685
1!
#20690
0!
b00000010 #
#20695
1!
#20700
0!
b00000011 #
#20705
1!
#20710
0!
b00000100 #
#20715
1!
#20720
0!
b00000101 #
#20725
1!
#20730
0!
b00000110 #
#20735
1!
#20740
0!
b00000111 #
#20745
1!
#20750
0!
b00001000 #
#20755
1!
#20760
0!
b00001001 #
#20765
1!
#20770
0!
b00001010 #
#20775
1!
#20780
0!
b00001011 #
#20785
1!
#20790
0!
b00001100 #
#20795
1!
#20800
0!
b00001101 #
#20805
1!
#20810
0!
b00001110 #
#20815
1!
#20820
0!
b00001111 #
#20825
1!
#20830
0!
b00010000 #
#20835
1!
#20840
0!
b00010001 #
#20845
1!
#20850
0!
b00010010 #
#20855
1!
#20860
0!
b00010011 #
#20865
1!
#20870
0!
b00010100 #
#20875
1!
#20880
0!
b00010101 #
#20885
1!
#20890
0!
b00010110 #
#20895
1!
#20900
0!
b00010111 #
#20905
1!
#20910
0!
b00011000 #
#20915
1!
#20920
0!
b00011001 #
#20925
1!
#20930
0!
b00011010 #
#20935
1!
#20940
0!
b00011011 #
#20945
1!
#20950
0!
b00011100 #
#20955
1!
#20960
0!
b00011101 #
#20965
1!
#20970
0!
b00011110 #
#20975
1!
#20980
0!
b00011111 #
#20985
1!
#20990
0!
b00100000 #
#20995
1!
#21000
0!
b00100001 #
#21005
1!
#21010
0!
b00100010 #
#21015
1!
#21020
0!
b00100011 #
#21025
1!
#21030
0!
b00100100 #
#21035
1!
#21040
0!
b00100101 #
#21045
1!
#21050
0!
b00100110 #
#21055
1!
#21060
0!
b00100111 #
#21065
1!
#21070
0!
b00101000 #
#21075
1!
#21080
0!
b00101001 #
#21085
1!
#21090
0!
b00101010 #
#21095
1!
#21100
0!
b00101011 #
#21105
1!
#21110
0!
b00101100 #
#21115
1!
#21120
0!
b00101101 #
#21125
1!
#21130
0!
b00101110 #
#21135
1!
#21140
0!
b00101111 #
#21145
1!
#21150
0!
b00110000 #
#21155
1!
#21160
0!
b00110001 #
#21165
1!
#21170
0!
b00110010 #
#21175
1!
#21180
0!
b00110011 #
#21185
1!
#21190
0!
b00110100 #
#21195
1!
#21200
0!
b00110101 #
#21205
1!
#21210
0!
b00110110 #
#21215
1!
#21220
0!
b00110111 #
#21225
1!
#21230
0!
b00111000 #
#21235
1!
#21240
0!
b00111001 #
#21245
1!
#21250
0!
b00111010 #
#21255
1!
#21260
0!
b00111011 #
#21265
1!
#21270
0!
b00111100 #
#21275
1!
#21280
0!
b00111101 #
#21285
1!
#21290
0!
b00111110 #
#21295
1!
#21300
0!
b00111111 #
#21305
1!
#21310
0!
b01000000 #
#21315
1!
#21320
0!
b01000001 #
#21325
1!
#21330
0!
b01000010 #
#21335
1!
#21340
0!
b01000011 #
#21345
1!
#21350
0!
b01000100 #
#21355
1!
#21360
0!
b01000101 #
#21365
1!
#21370
0!
b01000110 #
#21375
1!
#21380
0!
b01000111 #
#21385
1!
#21390
0!
b01001000 #
#21395
1!
#21400
0!
b01001001 #
#21405
1!
#21410
0!
b01001010 #
#21415
1!
#21420
0!
b01001011 #
#21425
1!
#21430
0!
b01001100 #
#21435
1!
#21440
0!
b01001101 #
#21445
1!
#21450
0!
b01001110 #
#21455
1!
#21460
0!
b01001111 #
#21465
1!
#21470
0!
b01010000 #
#21475
1!
#21480
0!
b01010001 #
#21485
1!
#21490
0!
b01010010 #
#21495
1!
#21500
0!
b01010011 #
#21505
1!
#21510
0!
b01010100 #
#21515
1!
#21520
0!
b01010101 #
#21525
1!
#21530
0!
b01010110 #
#21535
1!
#21540
0!
b01010111 #
#21545
1!
#21550
0!
b01011000 #
#21555
1!
#21560
0!
b01011001 #
#21565
1!
#21570
0!
b01011010 #
#21575
1!
#21580
0!
b01011011 #
#21585
1!
#21590
0!
b01011100 #
#21595
1!
#21600
0!
b01011101 #
#21605
1!
#21610
0!
b01011110 #
#21615
1!
#21620
0!
b01011111 #
#21625
1!
#21630
0!
b01100000 #
#21635
1!
#21640
0!
b01100001 #
#21645
1!
#21650
0!
b01100010 #
#21655
1!
#21660
0!
b01100011 #
#21665
1!
#21670
0!
b01100100 #
#21675
1!
#21680
0!
b01100101 #
#21685
1!
#21690
0!
b01100110 #
#21695
1!
#21700
0!
b01100111 #
#21705
1!
#21710
0!
b01101000 #
#21715
1!
#21720
0!
b01101001 #
#21725
1!
#21730
0!
b01101010 #
#21735
1!
#21740
0!
b01101011 #
#21745
1!
#21750
0!
b01101100 #
#21755
1!
#21760
0!
b01101101 #
#21765
1!
#21770
0!
b01101110 #
#21775
1!
#21780
0!
b01101111 #
#21785
1!
#21790
0!
b01110000 #
#21795
1!
#21800
0!
b01110001 #
#21805
1!
#21810
0!
b01110010 #
#21815
1!
#21820
0!
b01110011 #
#21825
1!
#21830
0!
b01110100 #
#21835
1!
#21840
0!
b01110101 #
#21845
1!
#21850
0!
b01110110 #
#21855
1!
#21860
0!
b01110111 #
#21865
1!
#21870
0!
b01111000 #
#21875
1!
#21880
0!
b01111001 #
#21885
1!
#21890
0!
b01111010 #
#21895
1!
#21900
0!
b01111011 #
#21905
1!
#21910
0!
b01111100 #
#21915
1!
#21920
0!
b01111101 #
#21925
1!
#21930
0!
b01111110 #
#21935
1!
#21940
0!
b01111111 #
#21945
1!
#21950
0!
b10000000 #
#21955
1!
#21960
0!
b10000001 #
#21965
1!
#21970
0!
b10000010 #
#21975
1!
#21980
0!
b10000011 #
#21985
1!
#21990
0!
b10000100 #
#21995
1!
#22000
0!
b10000101 #
#22005
1!
#22010
0!
b10000110 #
#22015
1!
#22020
0!
b10000111 #
#22025
1!
#22030
0!
b10001000 #
#22035
1!
#22040
0!
b10001001 #
#22045
1!
#22050
0!
b10001010 #
#22055
1!
#22060
0!
b10001011 #
#22065
1!
#22070
0!
b10001100 #
#22075
1!
#22080
0!
b10001101 #
#22085
1!
#22090
0!
b10001110 #
#22095
1!
#22100
0!
b10001111 #
#22105
1!
#22110
0!
b10010000 #
#22115
1!
#22120
0!
b10010001 #
#22125
1!
#22130
0!
b10010010 #
#22135
1!
#22140
0!
b10010011 #
#22145
1!
#22150
0!
b10010100 #
#22155
1!
#22160
0!
b10010101 #
#22165
1!
#22170
0!
b10010110 #
#22175
1!
#22180
0!
b10010111 #
#22185
1!
#22190
0!
b10011000 #
#22195
1!
#22200
0!
b10011001 #
#22205
1!
#22210
0!
b10011010 #
#22215
1!
#22220
0!
b10011011 #
#22225
1!
#22230
0!
b10011100 #
#22235
1!
#22240
0!
b10011101 #
#22245
1!
#22250
0!
b10011110 #
#22255
1!
#22260
0!
b10011111 #
#22265
1!
#22270
0!
b10100000 #
#22275
1!
#22280
0!
b10100001 #
#22285
1!
#22290
0!
b10100010 #
#22295
1!
#22300
0!
b10100011 #
#22305
1!
#22310
0!
b10100100 #
#22315
1!
#22320
0!
b10100101 #
#22325
1!
#22330
0!
b10100110 #
#22335
1!
#22340
0!
b10100111 #
#22345
1!
#22350
0!
b10101000 #
#22355
1!
#22360
0!
b10101001 #
#22365
1!
#22370
0!
b10101010 #
#22375
1!
#22380
0!
b10101011 #
#22385
1!
#22390
0!
b10101100 #
#22395
1!
#22400
0!
b10101101 #
#22405
1!
#22410
0!
b10101110 #
#22415
1!
#22420
0!
b10101111 #
#22425
1!
#22430
0!
b10110000 #
#22435
1!
#22440
0!
b10110001 #
#22445
1!
#22450
0!
b10110010 #
#22455
1!
#22460
0!
b10110011 #
#22465
1!
#22470
0!
b10110100 #
#22475
1!
#22480
0!
b10110101 #
#22485
1!
#22490
0!
b10110110 #
#22495
1!
#22500
0!
b10110111 #
#22505
1!
#22510
0!
b10111000 #
#22515
1!
#22520
0!
b10111001 #
#22525
1!
#22530
0!
b10111010 #
#22535
1!
#22540
0!
b10111011 #
#22545
1!
#22550
0!
b10111100 #
#22555
1!
#22560
0!
b10111101 #
#22565
1!
#22570
0!
b10111110 #
#22575
1!
#22580
0!
b10111111 #
#22585
1!
#22590
0!
b11000000 #
#22595
1!
#22600
0!
b11000001 #
#22605
1!
#22610
0!
b11000010 #
#22615
1!
#22620
0!
b11000011 #
#22625
1!
#22630
0!
b11000100 #
#22635
1!
#22640
0!
b11000101 #
#22645
1!
#22650
0!
b11000110 #
#22655
1!
#22660
0!
b11000111 #
#22665
1!
#22670
0!
b11001000 #
#22675
1!
#22680
0!
b11001001 #
#22685
1!
#22690
0!
b11001010 #
#22695
1!
#22700
0!
b11001011 #
#22705
1!
#22710
0!
b11001100 #
#22715
1!
#22720
0!
b11001101 #
#22725
1!
#22730
0!
b11001110 #
#22735
1!
#22740
0!
b11001111 #
#22745
1!
#22750
0!
b11010000 #
#22755
1!
#22760
0!
b11010001 #
#22765
1!
#22770
0!
b11010010 #
#22775
1!
#22780
0!
b11010011 #
#22785
1!
#22790
0!
b11010100 #
#22795
1!
#22800
0!
b11010101 #
#22805
1!
#22810
0!
b11010110 #
#22815
1!
#22820
0!
b11010111 #
#22825
1!
#22830
0!
b11011000 #
#22835
1!
#22840
0!
b11011001 #
#22845
1!
#22850
0!
b11011010 #
#22855
1!
#22860
0!
b11011011 #
#22865
1!
#22870
0!
b11011100 #
#22875
1!
#22880
0!
b11011101 #
#22885
1!
#22890
0!
b11011110 #
#22895
1!
#22900
0!
b11011111 #
#22905
1!
#22910
0!
b11100000 #
#22915
1!
#22920
0!
b11100001 #
#22925
1!
#22930
0!
b11100010 #
#22935
1!
#22940
0!
b11100011 #
#22945
1!
#22950
0!
b11100100 #
#22955
1!
#22960
0!
b11100101 #
#22965
1!
#22970
0!
b11100110 #
#22975
1!
#22980
0!
b11100111 #
#22985
1!
#22990
0!
b11101000 #
#22995
1!
#23000
0!
b11101001 #
#23005
1!
#23010
0!
b11101010 #
#23015
1!
#23020
0!
b11101011 #
#23025
1!
#23030
0!
b11101100 #
#23035
1!
#23040
0!
b11101101 #
#23045
1!
#23050
0!
b11101110 #
#23055
1!
#23060
0!
b11101111 #
#23065
1!
#23070
0!
b11110000 #
#23075
1!
#23080
0!
b11110001 #
#23085
1!
#23090
0!
b11110010 #
#23095
1!
#23100
0!
b11110011 #
#23105
1!
#23110
0!
b11110100 #
#23115
1!
#23120
0!
b11110101 #
#23125
1!
#23130
0!
b11110110 #
#23135
1!
#23140
0!
b11110111 #
#23145
1!
#23150
0!
b11111000 #
#23155
1!
#23160
0!
b11111001 #
#23165
1!
#23170
0!
b11111010 #
#23175
1!
#23180
0!
b11111011 #
#23185
1!
#23190
0!
b11111100 #
#23195
1!
#23200
0!
b11111101 #
#23205
1!
#23210
0!
b11111110 #
#23215
1!
#23220
0!
b11111111 #
#23225
1!
#23230
0!
b00000000 #
#23235
1!
#23240
0!
b00000001 #
#23245
1!
#23250
0!
b00000010 #
#23255
1!
#23260
0!
b00000011 #
#23265
1!
#23270
0!
b00000100 #
#23275
1!
#23280
0!
b00000101 #
#23285
1!
#23290
0!
b00000110 #
#23295
1!
#23300
0!
b00000111 #
#23305
1!
#23310
0!
b00001000 #
#23315
1!
#23320
0!
b00001001 #
#23325
1!
#23330
0!
b00001010 #
#23335
1!
#23340
0!
b00001011 #
#23345
1!
#23350
0!
b00001100 #
#23355
1!
#23360
0!
b00001101 #
#23365
1!
#23370
0!
b00001110 #
#23375
1!
#23380
0!
b00001111 #
#23385
1!
#23390
0!
b00010000 #
#23395
1!
#23400
0!
b00010001 #
#23405
1!
#23410
0!
b00010010 #
#23415
1!
#23420
0!
b00010011 #
#23425
1!
#23430
0!
b00010100 #
#23435
1!
#23440
0!
b00010101 #
#23445
1!
#23450
0!
b00010110 #
#23455
1!
#23460
0!
b00010111 #
#23465
1!
#23470
0!
b00011000 #
#23475
1!
#23480
0!
b00011001 #
#23485
1!
#23490
0!
b00011010 #
#23495
1!
#23500
0!
b00011011 #
#23505
1!
#23510
0!
b00011100 #
#23515
1!
#23520
0!
b00011101 #
#23525
1!
#23530
0!
b00011110 #
#23535
1!
#23540
0!
b00011111 #
#23545
1!
#23550
0!
b00100000 #
#23555
1!
#23560
0!
b00100001 #
#23565
1!
#23570
0!
b00100010 #
#23575
1!
#23580
0!
b00100011 #
#23585
1!
#23590
0!
b00100100 #
#23595
1!
#23600
0!
b00100101 #
#23605
1!
#23610
0!
b00100110 #
#23615
1!
#23620
0!
b00100111 #
#23625
1!
#23630
0!
b00101000 #
#23635
1!
#23640
0!
b00101001 #
#23645
1!
#23650
0!
b00101010 #
#23655
1!
#23660
0!
b00101011 #
#23665
1!
#23670
0!
b00101100 #
#23675
1!
#23680
0!
b00101101 #
#23685
1!
#23690
0!
b00101110 #
#23695
1!
#23700
0!
b00101111 #
#23705
1!
#23710
0!
b00110000 #
#23715
1!
#23720
0!
b00110001 #
#23725
1!
#23730
0!
b00110010 #
#23735
1!
#23740
0!
b00110011 #
#23745
1!
#23750
0!
b00110100 #
#23755
1!
#23760
0!
b00110101 #
#23765
1!
#23770
0!
b00110110 #
#23775
1!
#23780
0!
b00110111 #
#23785
1!
#23790
0!
b00111000 #
#23795
1!
#23800
0!
b00111001 #
#23805
1!
#23810
0!
b00111010 #
#23815
1!
#23820
0!
b00111011 #
#23825
1!
#23830
0!
b00111100 #
#23835
1!
#23840
0!
b00111101 #
#23845
1!
#23850
0!
b00111110 #
#23855
1!
#23860
0!
b00111111 #
#23865
1!
#23870
0!
b01000000 #
#23875
1!
#23880
0!
b01000001 #
#23885
1!
#23890
0!
b01000010 #
#23895
1!
#23900
0!
b01000011 #
#23905
1!
#23910
0!
b01000100 #
#23915
1!
#23920
0!
b01000101 #
#23925
1!
#23930
0!
b01000110 #
#23935
1!
#23940
0!
b01000111 #
#23945
1!
#23950
0!
b01001000 #
#23955
1!
#23960
0!
b01001001 #
#23965
1!
#23970
0!
b01001010 #
#23975
1!
#23980
0!
b01001011 #
#23985
1!
#23990
0!
b01001100 #
#23995
1!
#24000
0!
b01001101 #
#24005
1!
#24010
0!
b01001110 #
#24015
1!
#24020
0!
b01001111 #
#24025
1!
#24030
0!
b01010000 #
#24035
1!
#24040
0!
b01010001 #
#24045
1!
#24050
0!
b01010010 #
#24055
1!
#24060
0!
b01010011 #
#24065
1!
#24070
0!
b01010100 #
#24075
1!
#24080
0!
b01010101 #
#24085
1!
#24090
0!
b01010110 #
#24095
1!
#24100
0!
b01010111 #
#24105
1!
#24110
0!
b01011000 #
#24115
1!
#24120
0!
b01011001 #
#24125
1!
#24130
0!
b01011010 #
#24135
1!
#24140
0!
b01011011 #
#24145
1!
#24150
0!
b01011100 #
#24155
1!
#24160
0!
b01011101 #
#24165
1!
#24170
0!
b01011110 #
#24175
1!
#24180
0!
b01011111 #
#24185
1!
#24190
0!
b01100000 #
#24195
1!
#24200
0!
b01100001 #
#24205
1!
#24210
0!
b01100010 #
#24215
1!
#24220
0!
b01100011 #
#24225
1!
#24230
0!
b01100100 #
#24235
1!
#24240
0!
b01100101 #
#24245
1!
#24250
0!
b01100110 #
#24255
1!
#24260
0!
b01100111 #
#24265
1!
#24270
0!
b01101000 #
#24275
1!
#24280
0!
b01101001 #
#24285
1!
#24290
0!
b01101010 #
#24295
1!
#24300
0!
b01101011 #
#24305
1!
#24310
0!
b01101100 #
#24315
1!
#24320
0!
b01101101 #
#24325
1!
#24330
0!
b01101110 #
#24335
1!
#24340
0!
b01101111 #
#24345
1!
#24350
0!
b01110000 #
#24355
1!
#24360
0!
b01110001 #
#24365
1!
#24370
0!
b01110010 #
#24375
1!
#24380
0!
b01110011 #
#24385
1!
#24390
0!
b01110100 #
#24395
1!
#24400
0!
b01110101 #
#24405
1!
#24410
0!
b01110110 #
#24415
1!
#24420
0!
b01110111 #
#24425
1!
#24430
0!
b01111000 #
#24435
1!
#24440
0!
b01111001 #
#24445
1!
#24450
0!
b01111010 #
#24455
1!
#24460
0!
b01111011 #
#24465
1!
#24470
0!
b01111100 #
#24475
1!
#24480
0!
b01111101 #
#24485
1!
#24490
0!
b01111110 #
#24495
1!
#24500
0!
b01111111 #
#24505
1!
#24510
0!
b10000000 #
#24515
1!
#24520
0!
b10000001 #
#24525
1!
#24530
0!
b10000010 #
#24535
1!
#24540
0!
b10000011 #
#24545
1!
#24550
0!
b10000100 #
#24555
1!
#24560
0!
b10000101 #
#24565
1!
#24570
0!
b10000110 #
#24575
1!
#24580
0!
b10000111 #
#24585
1!
#24590
0!
b10001000 #
#24595
1!
#24600
0!
b10001001 #
#24605
1!
#24610
0!
b10001010 #
#24615
1!
#24620
0!
b10001011 #
#24625
1!
#24630
0!
b10001100 #
#24635
1!
#24640
0!
b10001101 #
#24645
1!
#24650
0!
b10001110 #
#24655
1!
#24660
0!
b10001111 #
#24665
1!
#24670
0!
b10010000 #
#24675
1!
#24680
0!
b10010001 #
#24685
1!
#24690
0!
b10010010 #
#24695
1!
#24700
0!
b10010011 #
#24705
1!
#24710
0!
b10010100 #
#24715
1!
#24720
0!
b10010101 #
#24725
1!
#24730
0!
b10010110 #
#24735
1!
#24740
0!
b10010111 #
#24745
1!
#24750
0!
b10011000 #
#24755
1!
#24760
0!
b10011001 #
#24765
1!
#24770
0!
b10011010 #
#24775
1!
#24780
0!
b10011011 #
#24785
1!
#24790
0!
b10011100 #
#24795
1!
#24800
0!
b10011101 #
#24805
1!
#24810
0!
b10011110 #
#24815
1!
#24820
0!
b10011111 #
#24825
1!
#24830
0!
b10100000 #
#24835
1!
#24840
0!
b10100001 #
#24845
1!
#24850
0!
b10100010 #
#24855
1!
#24860
0!
b10100011 #
#24865
1!
#24870
0!
b10100100 #
#24875
1!
#24880
0!
b10100101 #
#24885
1!
#24890
0!
b10100110 #
#24895
1!
#24900
0!
b10100111 #
#24905
1!
#24910
0!
b10101000 #
#24915
1!
#24920
0!
b10101001 #
#24925
1!
#24930
0!
b10101010 #
#24935
1!
#24940
0!
b10101011 #
#24945
1!
#24950
0!
b10101100 #
#24955
1!
#24960
0!
b10101101 #
#24965
1!
#24970
0!
b10101110 #
#24975
1!
#24980
0!
b10101111 #
#24985
1!
#24990
0!
b10110000 #
#24995
1!
#25000
0!
b10110001 #
#25005
1!
#25010
0!
b10110010 #
#25015
1!
#25020
0!
b10110011 #
#25025
1!
#25030
0!
b10110100 #
#25035
1!
#25040
0!
b10110101 #
#25045
1!
#25050
0!
b10110110 #
#25055
1!
#25060
0!
b10110111 #
#25065
1!
#25070
0!
b10111000 #
#25075
1!
#25080
0!
b10111001 #
#25085
1!
#25090
0!
b10111010 #
#25095
1!
#25100
0!
b10111011 #
#25105
1!
#25110
0!
b10111100 #
#25115
1!
#25120
0!
b10111101 #
#25125
1!
#25130
0!
b10111110 #
#25135
1!
#25140
0!
b10111111 #
#25145
1!
#25150
0!
b11000000 #
#25155
1!
#25160
0!
b11000001 #
#25165
1!
#25170
0!
b11000010 #
#25175
1!
#25180
0!
b11000011 #
#25185
1!
#25190
0!
b11000100 #
#25195
1!
#25200
0!
b11000101 #
#25205
1!
#25210
0!
b11000110 #
#25215
1!
#25220
0!
b11000111 #
#25225
1!
#25230
0!
b11001000 #
#25235
1!
#25240
0!
b11001001 #
#25245
1!
#25250
0!
b11001010 #
#25255
1!
#25260
0!
b11001011 #
#25265
1!
#25270
0!
b11001100 #
#25275
1!
#25280
0!
b11001101 #
#25285
1!
#25290
0!
b11001110 #
#25295
1!
#25300
0!
b11001111 #
#25305
1!
#25310
0!
b11010000 #
#25315
1!
#25320
0!
b11010001 #
#25325
1!
#25330
0!
b11010010 #
#25335
1!
#25340
0!
b11010011 #
#25345
1!
#25350
0!
b11010100 #
#25355
1!
#25360
0!
b11010101 #
#25365
1!
#25370
0!
b11010110 #
#25375
1!
#25380
0!
b11010111 #
#25385
1!
#25390
0!
b11011000 #
#25395
1!
#25400
0!
b11011001 #
#25405
1!
#25410
0!
b11011010 #
#25415
1!
#25420
0!
b11011011 #
#25425
1!
#25430
0!
b11011100 #
#25435
1!
#25440
0!
b11011101 #
#25445
1!
#25450
0!
b11011110 #
#25455
1!
#25460
0!
b11011111 #
#25465
1!
#25470
0!
b11100000 #
#25475
1!
#25480
0!
b11100001 #
#25485
1!
#25490
0!
b11100010 #
#25495
1!
#25500
0!
b11100011 #
#25505
1!
#25510
0!
b11100100 #
#25515
1!
#25520
0!
b11100101 #
#25525
1!
#25530
0!
b11100110 #
#25535
1!
#25540
0!
b11100111 #
#25545
1!
#25550
0!
b11101000 #
#25555
1!
#25560
0!
b11101001 #
#25565
1!
#25570
0!
b11101010 #
#25575
1!
#25580
0!
b11101011 #
#25585
1!
#25590
0!
b11101100 #
#25595
1!
#25600
0!
b11101101 #
#25605
1!
#25610
0!
b11101110 #
#25615
1!
#25620
0!
b11101111 #
#25625
1!
#25630
0!
b11110000 #
#25635
1!
#25640
0!
b11110001 #
#25645
1!
#25650
0!
b11110010 #
#25655
1!
#25660
0!
b11110011 #
#25665
1!
#25670
0!
b11110100 #
#25675
1!
#25680
0!
b11110101 #
#25685
1!
#25690
0!
b11110110 #
#25695
1!
#25700
0!
b11110111 #
#25705
1!
#25710
0!
b11111000 #
#25715
1!
#25720
0!
b11111001 #
#25725
1!
#25730
0!
b11111010 #
#25735
1!
#25740
0!
b11111011 #
#25745
1!
#25750
0!
b11111100 #
#25755
1!
#25760
0!
b11111101 #
#25765
1!
#25770
0!
b11111110 #
#25775
1!
#25780
0!
b11111111 #
#25785
1!
#25790
0!
b00000000 #
#25795
1!
#25800
0!
b00000001 #
#25805
1!
#25810
0!
b00000010 #
#25815
1!
#25820
0!
b00000011 #
#25825
1!
#25830
0!
b00000100 #
#25835
1!
#25840
0!
b00000101 #
#25845
1!
#25850
0!
b00000110 #
#25855
1!
#25860
0!
b00000111 #
#25865
1!
#25870
0!
b00001000 #
#25875
1!
#25880
0!
b00001001 #
#25885
1!
#25890
0!
b00001010 #
#25895
1!
#25900
0!
b00001011 #
#25905
1!
#25910
0!
b00001100 #
#25915
1!
#25920
0!
b00001101 #
#25925
1!
#25930
0!
b00001110 #
#25935
1!
#25940
0!
b00001111 #
#25945
1!
#25950
0!
b00010000 #
#25955
1!
#25960
0!
b00010001 #
#25965
1!
#25970
0!
b00010010 #
#25975
1!
#25980
0!
b00010011 #
#25985
1!
#25990
0!
b00010100 #
#25995
1!
#26000
0!
b00010101 #
#26005
1!
#26010
0!
b00010110 #
#26015
1!
#26020
0!
b00010111 #
#26025
1!
#26030
0!
b00011000 #
#26035
1!
#26040
0!
b00011001 #
#26045
1!
#26050
0!
b00011010 #
#26055
1!
#26060
0!
b00011011 #
#26065
1!
#26070
0!
b00011100 #
#26075
1!
#26080
0!
b00011101 #
#26085
1!
#26090
0!
b00011110 #
#26095
1!
#26100
0!
b00011111 #
#26105
1!
#26110
0!
b00100000 #
#26115
1!
#26120
0!
b00100001 #
#26125
1!
#26130
0!
b00100010 #
#26135
1!
#26140
0!
b00100011 #
#26145
1!
#26150
0!
b00100100 #
#26155
1!
#26160
0!
b00100101 #
#26165
1!
#26170
0!
b00100110 #
#26175
1!
#26180
0!
b00100111 #
#26185
1!
#26190
0!
b00101000 #
#26195
1!
#26200
0!
b00101001 #
#26205
1!
#26210
0!
b00101010 #
#26215
1!
#26220
0!
b00101011 #
#26225
1!
#26230
0!
b00101100 #
#26235
1!
#26240
0!
b00101101 #
#26245
1!
#26250
0!
b00101110 #
#26255
1!
#26260
0!
b00101111 #
#26265
1!
#26270
0!
b00110000 #
#26275
1!
#26280
0!
b00110001 #
#26285
1!
#26290
0!
b00110010 #
#26295
1!
#26300
0!
b00110011 #
#26305
1!
#26310
0!
b00110100 #
#26315
1!
#26320
0!
b00110101 #
#26325
1!
#26330
0!
b00110110 #
#26335
1!
#26340
0!
b00110111 #
#26345
1!
#26350
0!
b00111000 #
#26355
1!
#26360
0!
b00111001 #
#26365
1!
#26370
0!
b00111010 #
#26375
1!
#26380
0!
b00111011 #
#26385
1!
#26390
0!
b00111100 #
#26395
1!
#26400
0!
b00111101 #
#26405
1!
#26410
0!
b00111110 #
#26415
1!
#26420
0!
b00111111 #
#26425
1!
#26430
0!
b01000000 #
#26435
1!
#26440
0!
b01000001 #
#26445
1!
#26450
0!
b01000010 #
#26455
1!
#26460
0!
b01000011 #
#26465
1!
#26470
0!
b01000100 #
#26475
1!
#26480
0!
b01000101 #
#26485
1!
#26490
0!
b01000110 #
#26495
1!
#26500
0!
b01000111 #
#26505
1!
#26510
0!
b01001000 #
#26515
1!
#26520
0!
b01001001 #
#26525
1!
#26530
0!
b01001010 #
#26535
1!
#26540
0!
b01001011 #
#26545
1!
#26550
0!
b01001100 #
#26555
1!
#26560
0!
b01001101 #
#26565
1!
#26570
0!
b01001110 #
#26575
1!
#26580
0!
b01001111 #
#26585
1!
#26590
0!
b01010000 #
#26595
1!
#26600
0!
b01010001 #
#26605
1!
#26610
0!
b01010010 #
#26615
1!
#26620
0!
b01010011 #
#26625
1!
#26630
0!
b01010100 #
#26635
1!
#26640
0!
b01010101 #
#26645
1!
#26650
0!
b01010110 #
#26655
1!
#26660
0!
b01010111 #
#26665
1!
#26670
0!
b01011000 #
#26675
1!
#26680
0!
b01011001 #
#26685
1!
#26690
0!
b01011010 #
#26695
1!
#26700
0!
b01011011 #
#26705
1!
#26710
0!
b01011100 #
#26715
1!
#26720
0!
b01011101 #
#26725
1!
#26730
0!
b01011110 #
#26735
1!
#26740
0!
b01011111 #
#26745
1!
#26750
0!
b01100000 #
#26755
1!
#26760
0!
b01100001 #
#26765
1!
#26770
0!
b01100010 #
#26775
1!
#26780
0!
b01100011 #
#26785
1!
#26790
0!
b01100100 #
#26795
1!
#26800
0!
b01100101 #
#26805
1!
#26810
0!
b01100110 #
#26815
1!
#26820
0!
b01100111 #
#26825
1!
#26830
0!
b01101000 #
#26835
1!
#26840
0!
b01101001 #
#26845
1!
#26850
0!
b01101010 #
#26855
1!
#26860
0!
b01101011 #
#26865
1!
#26870
0!
b01101100 #
#26875
1!
#26880
0!
b01101101 #
#26885
1!
#26890
0!
b01101110 #
#26895
1!
#26900
0!
b01101111 #
#26905
1!
#26910
0!
b01110000 #
#26915
1!
#26920
0!
b01110001 #
#26925
1!
#26930
0!
b01110010 #
#26935
1!
#26940
0!
b01110011 #
#26945
1!
#26950
0!
b01110100 #
#26955
1!
#26960
0!
b01110101 #
#26965
1!
#26970
0!
b01110110 #
#26975
1!
#26980
0!
b01110111 #
#26985
1!
#26990
0!
b01111000 #
#26995
1!
#27000
0!
b01111001 #
#27005
1!
#27010
0!
b01111010 #
#27015
1!
#27020
0!
b01111011 #
#27025
1!
#27030
0!
b01111100 #
#27035
1!
#27040
0!
b01111101 #
#27045
1!
#27050
0!
b01111110 #
#27055
1!
#27060
0!
b01111111 #
#27065
1!
#27070
0!
b10000000 #
#27075
1!
#27080
0!
b10000001 #
#27085
1!
#27090
0!
b10000010 #
#27095
1!
#27100
0!
b10000011 #
#27105
1!
#27110
0!
b10000100 #
#27115
1!
#27120
0!
b10000101 #
#27125
1!
#27130
0!
b10000110 #
#27135
1!
#27140
0!
b10000111 #
#27145
1!
#27150
0!
b10001000 #
#27155
1!
#27160
0!
b10001001 #
#27165
1!
#27170
0!
b10001010 #
#27175
1!
#27180
0!
b10001011 #
#27185
1!
#27190
0!
b10001100 #
#27195
1!
#27200
0!
b10001101 #
#27205
1!
#27210
0!
b10001110 #
#27215
1!
#27220
0!
b10001111 #
#27225
1!
#27230
0!
b10010000 #
#27235
1!
#27240
0!
b10010001 #
#27245
1!
#27250
0!
b10010010 #
#27255
1!
#27260
0!
b10010011 #
#27265
1!
#27270
0!
b10010100 #
#27275
1!
#27280
0!
b10010101 #
#27285
1!
#27290
0!
b10010110 #
#27295
1!
#27300
0!
b10010111 #
#27305
1!
#27310
0!
b10011000 #
#27315
1!
#27320
0!
b10011001 #
#27325
1!
#27330
0!
b10011010 #
#27335
1!
#27340
0!
b10011011 #
#27345
1!
#27350
0!
b10011100 #
#27355
1!
#27360
0!
b10011101 #
#27365
1!
#27370
0!
b10011110 #
#27375
1!
#27380
0!
b10011111 #
#27385
1!
#27390
0!
b10100000 #
#27395
1!
#27400
0!
b10100001 #
#27405
1!
#27410
0!
b10100010 #
#27415
1!
#27420
0!
b10100011 #
#27425
1!
#27430
0!
b10100100 #
#27435
1!
#27440
0!
b10100101 #
#27445
1!
#27450
0!
b10100110 #
#27455
1!
#27460
0!
b10100111 #
#27465
1!
#27470
0!
b10101000 #
#27475
1!
#27480
0!
b10101001 #
#27485
1!
#27490
0!
b10101010 #
#27495
1!
#27500
0!
b10101011 #
#27505
1!
#27510
0!
b10101100 #
#27515
1!
#27520
0!
b10101101 #
#27525
1!
#27530
0!
b10101110 #
#27535
1!
#27540
0!
b10101111 #
#27545
1!
#27550
0!
b10110000 #
#27555
1!
#27560
0!
b10110001 #
#27565
1!
#27570
0!
b10110010 #
#27575
1!
#27580
0!
b10110011 #
#27585
1!
#27590
0!
b10110100 #
#27595
1!
#27600
0!
b10110101 #
#27605
1!
#27610
0!
b10110110 #
#27615
1!
#27620
0!
b10110111 #
#27625
1!
#27630
0!
b10111000 #
#27635
1!
#27640
0!
b10111001 #
#27645
1!
#27650
0!
b10111010 #
#27655
1!
#27660
0!
b10111011 #
#27665
1!
#27670
0!
b10111100 #
#27675
1!
#27680
0!
b10111101 #
#27685
1!
#27690
0!
b10111110 #
#27695
1!
#27700
0!
b10111111 #
#27705
1!
#27710
0!
b11000000 #
#27715
1!
#27720
0!
b11000001 #
#27725
1!
#27730
0!
b11000010 #
#27735
1!
#27740
0!
b11000011 #
#27745
1!
#27750
0!
b11000100 #
#27755
1!
#27760
0!
b11000101 #
#27765
1!
#27770
0!
b11000110 #
#27775
1!
#27780
0!
b11000111 #
#27785
1!
#27790
0!
b11001000 #
#27795
1!
#27800
0!
b11001001 #
#27805
1!
#27810
0!
b11001010 #
#27815
1!
#27820
0!
b11001011 #
#27825
1!
#27830
0!
b11001100 #
#27835
1!
#27840
0!
b11001101 #
#27845
1!
#27850
0!
b11001110 #
#27855
1!
#27860
0!
b11001111 #
#27865
1!
#27870
0!
b11010000 #
#27875
1!
#27880
0!
b11010001 #
#27885
1!
#27890
0!
b11010010 #
#27895
1!
#27900
0!
b11010011 #
#27905
1!
#27910
0!
b11010100 #
#27915
1!
#27920
0!
b11010101 #
#27925
1!
#27930
0!
b11010110 #
#27935
1!
#27940
0!
b11010111 #
#27945
1!
#27950
0!
b11011000 #
#27955
1!
#27960
0!
b11011001 #
#27965
1!
#27970
0!
b11011010 #
#27975
1!
#27980
0!
b11011011 #
#27985
1!
#27990
0!
b11011100 #
#27995
1!
#28000
0!
b11011101 #
#28005
1!
#28010
0!
b11011110 #
#28015
1!
#28020
0!
b11011111 #
#28025
1!
#28030
0!
b11100000 #
#28035
1!
#28040
0!
b11100001 #
#28045
1!
#28050
0!
b11100010 #
#28055
1!
#28060
0!
b11100011 #
#28065
1!
#28070
0!
b11100100 #
#28075
1!
#28080
0!
b11100101 #
#28085
1!
#28090
0!
b11100110 #
#28095
1!
#28100
0!
b11100111 #
#28105
1!
#28110
0!
b11101000 #
#28115
1!
#28120
0!
b11101001 #
#28125
1!
#28130
0!
b11101010 #
#28135
1!
#28140
0!
b11101011 #
#28145
1!
#28150
0!
b11101100 #
#28155
1!
#28160
0!
b11101101 #
#28165
1!
#28170
0!
b11101110 #
#28175
1!
#28180
0!
b11101111 #
#28185
1!
#28190
0!
b11110000 #
#28195
1!
#28200
0!
b11110001 #
#28205
1!
#28210
0!
b11110010 #
#28215
1!
#28220
0!
b11110011 #
#28225
1!
#28230
0!
b11110100 #
#28235
1!
#28240
0!
b11110101 #
#28245
1!
#28250
0!
b11110110 #
#28255
1!
#28260
0!
b11110111 #
#28265
1!
#28270
0!
b11111000 #
#28275
1!
#28280
0!
b11111001 #
#28285
1!
#28290
0!
b11111010 #
#28295
1!
#28300
0!
b11111011 #
#28305
1!
#28310
0!
b11111100 #
#28315
1!
#28320
0!
b11111101 #
#28325
1!
#28330
0!
b11111110 #
#28335
1!
#28340
0!
b11111111 #
#28345
1!
#28350
0!
b00000000 #
#28355
1!
#28360
0!
b00000001 #
#28365
1!
#28370
0!
b00000010 #
#28375
1!
#28380
0!
b00000011 #
#28385
1!
#28390
0!
b00000100 #
#28395
1!
#28400
0!
b00000101 #
#28405
1!
#28410
0!
b00000110 #
#28415
1!
#28420
0!
b00000111 #
#28425
1!
#28430
0!
b00001000 #
#28435
1!
#28440
0!
b00001001 #
#28445
1!
#28450
0!
b00001010 #
#28455
1!
#28460
0!
b00001011 #
#28465
1!
#28470
0!
b00001100 #
#28475
1!
#28480
0!
b00001101 #
#28485
1!
#28490
0!
b00001110 #
#28495
1!
#28500
0!
b00001111 #
#28505
1!
#28510
0!
b00010000 #
#28515
1!
#28520
0!
b00010001 #
#28525
1!
#28530
0!
b00010010 #
#28535
1!
#28540
0!
b00010011 #
#28545
1!
#28550
0!
b00010100 #
#28555
1!
#28560
0!
b00010101 #
#28565
1!
#28570
0!
b00010110 #
#28575
1!
#28580
0!
b00010111 #
#28585
1!
#28590
0!
b00011000 #
#28595
1!
#28600
0!
b00011001 #
#28605
1!
#28610
0!
b00011010 #
#28615
1!
#28620
0!
b00011011 #
#28625
1!
#28630
0!
b00011100 #
#28635
1!
#28640
0!
b00011101 #
#28645
1!
#28650
0!
b00011110 #
#28655
1!
#28660
0!
b00011111 #
#28665
1!
#28670
0!
b00100000 #
#28675
1!
#28680
0!
b00100001 #
#28685
1!
#28690
0!
b00100010 #
#28695
1!
#28700
0!
b00100011 #
#28705
1!
#28710
0!
b00100100 #
#28715
1!
#28720
0!
b00100101 #
#28725
1!
#28730
0!
b00100110 #
#28735
1!
#28740
0!
b00100111 #
#28745
1!
#28750
0!
b00101000 #
#28755
1!
#28760
0!
b00101001 #
#28765
1!
#28770
0!
b00101010 #
#28775
1!
#28780
0!
b00101011 #
#28785
1!
#28790
0!
b00101100 #
#28795
1!
#28800
0!
b00101101 #
#28805
1!
#28810
0!
b00101110 #
#28815
1!
#28820
0!
b00101111 #
#28825
1!
#28830
0!
b00110000 #
#28835
1!
#28840
0!
b00110001 #
#28845
1!
#28850
0!
b00110010 #
#28855
1!
#28860
0!
b00110011 #
#28865
1!
#28870
0!
b00110100 #
#28875
1!
#28880
0!
b00110101 #
#28885
1!
#28890
0!
b00110110 #
#28895
1!
#28900
0!
b00110111 #
#28905
1!
#28910
0!
b00111000 #
#28915
1!
#28920
0!
b00111001 #
#28925
1!
#28930
0!
b00111010 #
#28935
1!
#28940
0!
b00111011 #
#28945
1!
#28950
0!
b00111100 #
#28955
1!
#28960
0!
b00111101 #
#28965
1!
#28970
0!
b00111110 #
#28975
1!
#28980
0!
b00111111 #
#28985
1!
#28990
0!
b01000000 #
#28995
1!
#29000
0!
b01000001 #
#29005
1!
#29010
0!
b01000010 #
#29015
1!
#29020
0!
b01000011 #
#29025
1!
#29030
0!
b01000100 #
#29035
1!
#29040
0!
b01000101 #
#29045
1!
#29050
0!
b01000110 #
#29055
1!
#29060
0!
b01000111 #
#29065
1!
#29070
0!
b01001000 #
#29075
1!
#29080
0!
b01001001 #
#29085
1!
#29090
0!
b01001010 #
#29095
1!
#29100
0!
b01001011 #
#29105
1!
#29110
0!
b01001100 #
#29115
1!
#29120
0!
b01001101 #
#29125
1!
#29130
0!
b01001110 #
#29135
1!
#29140
0!
b01001111 #
#29145
1!
#29150
0!
b01010000 #
#29155
1!
#29160
0!
b01010001 #
#29165
1!
#29170
0!
b01010010 #
#29175
1!
#29180
0!
b01010011 #
#29185
1!
#29190
0!
b01010100 #
#29195
1!
#29200
0!
b01010101 #
#29205
1!
#29210
0!
b01010110 #
#29215
1!
#29220
0!
b01010111 #
#29225
1!
#29230
0!
b01011000 #
#29235
1!
#29240
0!
b01011001 #
#29245
1!
#29250
0!
b01011010 #
#29255
1!
#29260
0!
b01011011 #
#29265
1!
#29270
0!
b01011100 #
#29275
1!
#29280
0!
b01011101 #
#29285
1!
#29290
0!
b01011110 #
#29295
1!
#29300
0!
b01011111 #
#29305
1!
#29310
0!
b01100000 #
#29315
1!
#29320
0!
b01100001 #
#29325
1!
#29330
0!
b01100010 #
#29335
1!
#29340
0!
b01100011 #
#29345
1!
#29350
0!
b01100100 #
#29355
1!
#29360
0!
b01100101 #
#29365
1!
#29370
0!
b01100110 #
#29375
1!
#29380
0!
b01100111 #
#29385
1!
#29390
0!
b01101000 #
#29395
1!
#29400
0!
b01101001 #
#29405
1!
#29410
0!
b01101010 #
#29415
1!
#29420
0!
b01101011 #
#29425
1!
#29430
0!
b01101100 #
#29435
1!
#29440
0!
b01101101 #
#29445
1!
#29450
0!
b01101110 #
#29455
1!
#29460
0!
b01101111 #
#29465
1!
#29470
0!
b01110000 #
#29475
1!
#29480
0!
b01110001 #
#29485
1!
#29490
0!
b01110010 #
#29495
1!
#29500
0!
b01110011 #
#29505
1!
#29510
0!
b01110100 #
#29515
1!
#29520
0!
b01110101 #
#29525
1!
#29530
0!
b01110110 #
#29535
1!
#29540
0!
b01110111 #
#29545
1!
#29550
0!
b01111000 #
#29555
1!
#29560
0!
b01111001 #
#29565
1!
#29570
0!
b01111010 #
#29575
1!
#29580
0!
b01111011 #
#29585
1!
#29590
0!
b01111100 #
#29595
1!
#29600
0!
b01111101 #
#29605
1!
#29610
0!
b01111110 #
#29615
1!
#29620
0!
b01111111 #
#29625
1!
#29630
0!
b10000000 #
#29635
1!
#29640
0!
b10000001 #
#29645
1!
#29650
0!
b10000010 #
#29655
1!
#29660
0!
b10000011 #
#29665
1!
#29670
0!
b10000100 #
#29675
1!
#29680
0!
b10000101 #
#29685
1!
#29690
0!
b10000110 #
#29695
1!
#29700
0!
b10000111 #
#29705
1!
#29710
0!
b10001000 #
#29715
1!
#29720
0!
b10001001 #
#29725
1!
#29730
0!
b10001010 #
#29735
1!
#29740
0!
b10001011 #
#29745
1!
#29750
0!
b10001100 #
#29755
1!
#29760
0!
b10001101 #
#29765
1!
#29770
0!
b10001110 #
#29775
1!
#29780
0!
b10001111 #
#29785
1!
#29790
0!
b10010000 #
#29795
1!
#29800
0!
b10010001 #
#29805
1!
#29810
0!
b10010010 #
#29815
1!
#29820
0!
b10010011 #
#29825
1!
#29830
0!
b10010100 #
#29835
1!
#29840
0!
b10010101 #
#29845
1!
#29850
0!
b10010110 #
#29855
1!
#29860
0!
b10010111 #
#29865
1!
#29870
0!
b10011000 #
#29875
1!
#29880
0!
b10011001 #
#29885
1!
#29890
0!
b10011010 #
#29895
1!
#29900
0!
b10011011 #
#29905
1!
#29910
0!
b10011100 #
#29915
1!
#29920
0!
b10011101 #
#29925
1!
#29930
0!
b10011110 #
#29935
1!
#29940
0!
b10011111 #
#29945
1!
#29950
0!
b10100000 #
#29955
1!
#29960
0!
b10100001 #
#29965
1!
#29970
0!
b10100010 #
#29975
1!
#29980
0!
b10100011 #
#29985
1!
#29990
0!
b10100100 #
#29995
1!
#30000
0!
b10100101 #
#30005
1!
#30010
0!
b10100110 #
#30015
1!
#30020
0!
b10100111 #
#30025
1!
#30030
0!
b10101000 #
#30035
1!
#30040
0!
b10101001 #
#30045
1!
#30050
0!
b10101010 #
#30055
1!
#30060
0!
b10101011 #
#30065
1!
#30070
0!
b10101100 #
#30075
1!
#30080
0!
b10101101 #
#30085
1!
#30090
0!
b10101110 #
#30095
1!
#30100
0!
b10101111 #
#30105
1!
#30110
0!
b10110000 #
#30115
1!
#30120
0!
b10110001 #
#30125
1!
#30130
0!
b10110010 #
#30135
1!
#30140
0!
b10110011 #
#30145
1!
#30150
0!
b10110100 #
#30155
1!
#30160
0!
b10110101 #
#30165
1!
#30170
0!
b10110110 #
#30175
1!
#30180
0!
b10110111 #
#30185
1!
#30190
0!
b10111000 #
#30195
1!
#30200
0!
b10111001 #
#30205
1!
#30210
0!
b10111010 #
#30215
1!
#30220
0!
b10111011 #
#30225
1!
#30230
0!
b10111100 #
#30235
1!
#30240
0!
b10111101 #
#30245
1!
#30250
0!
b10111110 #
#30255
1!
#30260
0!
b10111111 #
#30265
1!
#30270
0!
b11000000 #
#30275
1!
#30280
0!
b11000001 #
#30285
1!
#30290
0!
b11000010 #
#30295
1!
#30300
0!
b11000011 #
#30305
1!
#30310
0!
b11000100 #
#30315
1!
#30320
0!
b11000101 #
#30325
1!
#30330
0!
b11000110 #
#30335
1!
#30340
0!
b11000111 #
#30345
1!
#30350
0!
b11001000 #
#30355
1!
#30360
0!
b11001001 #
#30365
1!
#30370
0!
b11001010 #
#30375
1!
#30380
0!
b11001011 #
#30385
1!
#30390
0!
b11001100 #
#30395
1!
#30400
0!
b11001101 #
#30405
1!
#30410
0!
b11001110 #
#30415
1!
#30420
0!
b11001111 #
#30425
1!
#30430
0!
b11010000 #
#30435
1!
#30440
0!
b11010001 #
#30445
1!
#30450
0!
b11010010 #
#30455
1!
#30460
0!
b11010011 #
#30465
1!
#30470
0!
b11010100 #
#30475
1!
#30480
0!
b11010101 #
#30485
1!
#30490
0!
b11010110 #
#30495
1!
#30500
0!
b11010111 #
#30505
1!
#30510
0!
b11011000 #
#30515
1!
#30520
0!
b11011001 #
#30525
1!
#30530
0!
b11011010 #
#30535
1!
#30540
0!
b11011011 #
#30545
1!
#30550
0!
b11011100 #
#30555
1!
#30560
0!
b11011101 #
#30565
1!
#30570
0!
b11011110 #
#30575
1!
#30580
0!
b11011111 #
#30585
1!
#30590
0!
b11100000 #
#30595
1!
#30600
0!
b11100001 #
#30605
1!
#30610
0!
b11100010 #
#30615
1!
#30620
0!
b11100011 #
#30625
1!
#30630
0!
b11100100 #
#30635
1!
#30640
0!
b11100101 #
#30645
1!
#30650
0!
b11100110 #
#30655
1!
#30660
0!
b11100111 #
#30665
1!
#30670
0!
b11101000 #
#30675
1!
#30680
0!
b11101001 #
#30685
1!
#30690
0!
b11101010 #
#30695
1!
#30700
0!
b11101011 #
#30705
1!
#30710
0!
b11101100 #
#30715
1!
#30720
0!
b11101101 #
#30725
1!
#30730
0!
b11101110 #
#30735
1!
#30740
0!
b11101111 #
#30745
1!
#30750
0!
b11110000 #
#30755
1!
#30760
0!
b11110001 #
#30765
1!
#30770
0!
b11110010 #
#30775
1!
#30780
0!
b11110011 #
#30785
1!
#30790
0!
b11110100 #
#30795
1!
#30800
0!
b11110101 #
#30805
1!
#30810
0!
b11110110 #
#30815
1!
#30820
0!
b11110111 #
#30825
1!
#30830
0!
b11111000 #
#30835
1!
#30840
0!
b11111001 #
#30845
1!
#30850
0!
b11111010 #
#30855
1!
#30860
0!
b11111011 #
#30865
1!
#30870
0!
b11111100 #
#30875
1!
#30880
0!
b11111101 #
#30885
1!
#30890
0!
b11111110 #
#30895
1!
#30900
0!
b11111111 #
#30905
1!
#30910
0!
b00000000 #
#30915
1!
#30920
0!
b00000001 #
#30925
1!
#30930
0!
b00000010 #
#30935
1!
#30940
0!
b00000011 #
#30945
1!
#30950
0!
b00000100 #
#30955
1!
#30960
0!
b00000101 #
#30965
1!
#30970
0!
b00000110 #
#30975
1!
#30980
0!
b00000111 #
#30985
1!
#30990
0!
b00001000 #
#30995
1!
#31000
0!
b00001001 #
#31005
1!
#31010
0!
b00001010 #
#31015
1!
#31020
0!
b00001011 #
#31025
1!
#31030
0!
b00001100 #
#31035
1!
#31040
0!
b00001101 #
#31045
1!
#31050
0!
b00001110 #
#31055
1!
#31060
0!
b00001111 #
#31065
1!
#31070
0!
b00010000 #
#31075
1!
#31080
0!
b00010001 #
#31085
1!
#31090
0!
b00010010 #
#31095
1!
#31100
0!
b00010011 #
#31105
1!
#31110
0!
b00010100 #
#31115
1!
#31120
0!
b00010101 #
#31125
1!
#31130
0!
b00010110 #
#31135
1!
#31140
0!
b00010111 #
#31145
1!
#31150
0!
b00011000 #
#31155
1!
#31160
0!
b00011001 #
#31165
1!
#31170
0!
b00011010 #
#31175
1!
#31180
0!
b00011011 #
#31185
1!
#31190
0!
b00011100 #
#31195
1!
#31200
0!
b00011101 #
#31205
1!
#31210
0!
b00011110 #
#31215
1!
#31220
0!
b00011111 #
#31225
1!
#31230
0!
b00100000 #
#31235
1!
#31240
0!
b00100001 #
#31245
1!
#31250
0!
b00100010 #
#31255
1!
#31260
0!
b00100011 #
#31265
1!
#31270
0!
b00100100 #
#31275
1!
#31280
0!
b00100101 #
#31285
1!
#31290
0!
b00100110 #
#31295
1!
#31300
0!
b00100111 #
#31305
1!
#31310
0!
b00101000 #
#31315
1!
#31320
0!
b00101001 #
#31325
1!
#31330
0!
b00101010 #
#31335
1!
#31340
0!
b00101011 #
#31345
1!
#31350
0!
b00101100 #
#31355
1!
#31360
0!
b00101101 #
#31365
1!
#31370
0!
b00101110 #
#31375
1!
#31380
0!
b00101111 #
#31385
1!
#31390
0!
b00110000 #
#31395
1!
#31400
0!
b00110001 #
#31405
1!
#31410
0!
b00110010 #
#31415
1!
#31420
0!
b00110011 #
#31425
1!
#31430
0!
b00110100 #
#31435
1!
#31440
0!
b00110101 #
#31445
1!
#31450
0!
b00110110 #
#31455
1!
#31460
0!
b00110111 #
#31465
1!
#31470
0!
b00111000 #
#31475
1!
#31480
0!
b00111001 #
#31485
1!
#31490
0!
b00111010 #
#31495
1!
#31500
0!
b00111011 #
#31505
1!
#31510
0!
b00111100 #
#31515
1!
#31520
0!
b00111101 #
#31525
1!
#31530
0!
b00111110 #
#31535
1!
#31540
0!
b00111111 #
#31545
1!
#31550
0!
b01000000 #
#31555
1!
#31560
0!
b01000001 #
#31565
1!
#31570
0!
b01000010 #
#31575
1!
#31580
0!
b01000011 #
#31585
1!
#31590
0!
b01000100 #
#31595
1!
#31600
0!
b01000101 #
#31605
1!
#31610
0!
b01000110 #
#31615
1!
#31620
0!
b01000111 #
#31625
1!
#31630
0!
b01001000 #
#31635
1!
#31640
0!
b01001001 #
#31645
1!
#31650
0!
b01001010 #
#31655
1!
#31660
0!
b01001011 #
#31665
1!
#31670
0!
b01001100 #
#31675
1!
#31680
0!
b01001101 #
#31685
1!
#31690
0!
b01001110 #
#31695
1!
#31700
0!
b01001111 #
#31705
1!
#31710
0!
b01010000 #
#31715
1!
#31720
0!
b01010001 #
#31725
1!
#31730
0!
b01010010 #
#31735
1!
#31740
0!
b01010011 #
#31745
1!
#31750
0!
b01010100 #
#31755
1!
#31760
0!
b01010101 #
#31765
1!
#31770
0!
b01010110 #
#31775
1!
#31780
0!
b01010111 #
#31785
1!
#31790
0!
b01011000 #
#31795
1!
#31800
0!
b01011001 #
#31805
1!
#31810
0!
b01011010 #
#31815
1!
#31820
0!
b01011011 #
#31825
1!
#31830
0!
b01011100 #
#31835
1!
#31840
0!
b01011101 #
#31845
1!
#31850
0!
b01011110 #
#31855
1!
#31860
0!
b01011111 #
#31865
1!
#31870
0!
b01100000 #
#31875
1!
#31880
0!
b01100001 #
#31885
1!
#31890
0!
b01100010 #
#31895
1!
#31900
0!
b01100011 #
#31905
1!
#31910
0!
b01100100 #
#31915
1!
#31920
0!
b01100101 #
#31925
1!
#31930
0!
b01100110 #
#31935
1!
#31940
0!
b01100111 #
#31945
1!
#31950
0!
b01101000 #
#31955
1!
#31960
0!
b01101001 #
#31965
1!
#31970
0!
b01101010 #
#31975
1!
#31980
0!
b01101011 #
#31985
1!
#31990
0!
b01101100 #
#31995
1!
#32000
0!
b01101101 #
#32005
1!
#32010
0!
b01101110 #
#32015
1!
#32020
0!
b01101111 #
#32025
1!
#32030
0!
b01110000 #
#32035
1!
#32040
0!
b01110001 #
#32045
1!
#32050
0!
b01110010 #
#32055
1!
#32060
0!
b01110011 #
#32065
1!
#32070
0!
b01110100 #
#32075
1!
#32080
0!
b01110101 #
#32085
1!
#32090
0!
b01110110 #
#32095
1!
#32100
0!
b01110111 #
#32105
1!
#32110
0!
b01111000 #
#32115
1!
#32120
0!
b01111001 #
#32125
1!
#32130
0!
b01111010 #
#32135
1!
#32140
0!
b01111011 #
#32145
1!
#32150
0!
b01111100 #
#32155
1!
#32160
0!
b01111101 #
#32165
1!
#32170
0!
b01111110 #
#32175
1!
#32180
0!
b01111111 #
#32185
1!
#32190
0!
b10000000 #
#32195
1!
#32200
0!
b10000001 #
#32205
1!
#32210
0!
b10000010 #
#32215
1!
#32220
0!
b10000011 #
#32225
1!
#32230
0!
b10000100 #
#32235
1!
#32240
0!
b10000101 #
#32245
1!
#32250
0!
b10000110 #
#32255
1!
#32260
0!
b10000111 #
#32265
1!
#32270
0!
b10001000 #
#32275
1!
#32280
0!
b10001001 #
#32285
1!
#32290
0!
b10001010 #
#32295
1!
#32300
0!
b10001011 #
#32305
1!
#32310
0!
b10001100 #
#32315
1!
#32320
0!
b10001101 #
#32325
1!
#32330
0!
b10001110 #
#32335
1!
#32340
0!
b10001111 #
#32345
1!
#32350
0!
b10010000 #
#32355
1!
#32360
0!
b10010001 #
#32365
1!
#32370
0!
b10010010 #
#32375
1!
#32380
0!
b10010011 #
#32385
1!
#32390
0!
b10010100 #
#32395
1!
#32400
0!
b10010101 #
#32405
1!
#32410
0!
b10010110 #
#32415
1!
#32420
0!
b10010111 #
#32425
1!
#32430
0!
b10011000 #
#32435
1!
#32440
0!
b10011001 #
#32445
1!
#32450
0!
b10011010 #
#32455
1!
#32460
0!
b10011011 #
#32465
1!
#32470
0!
b10011100 #
#32475
1!
#32480
0!
b10011101 #
#32485
1!
#32490
0!
b10011110 #
#32495
1!
#32500
0!
b10011111 #
#32505
1!
#32510
0!
b10100000 #
#32515
1!
#32520
0!
b10100001 #
#32525
1!
#32530
0!
b10100010 #
#32535
1!
#32540
0!
b10100011 #
#32545
1!
#32550
0!
b10100100 #
#32555
1!
#32560
0!
b10100101 #
#32565
1!
#32570
0!
b10100110 #
#32575
1!
#32580
0!
b10100111 #
#32585
1!
#32590
0!
b10101000 #
#32595
1!
#32600
0!
b10101001 #
#32605
1!
#32610
0!
b10101010 #
#32615
1!
#32620
0!
b10101011 #
#32625
1!
#32630
0!
b10101100 #
#32635
1!
#32640
0!
b10101101 #
#32645
1!
#32650
0!
b10101110 #
#32655
1!
#32660
0!
b10101111 #
#32665
1!
#32670
0!
b10110000 #
#32675
1!
#32680
0!
b10110001 #
#32685
1!
#32690
0!
b10110010 #
#32695
1!
#32700
0!
b10110011 #
#32705
1!
#32710
0!
b10110100 #
#32715
1!
#32720
0!
b10110101 #
#32725
1!
#32730
0!
b10110110 #
#32735
1!
#32740
0!
b10110111 #
#32745
1!
#32750
0!
b10111000 #
#32755
1!
#32760
0!
b10111001 #
#32765
1!
#32770
0!
b10111010 #
#32775
1!
#32780
0!
b10111011 #
#32785
1!
#32790
0!
b10111100 #
#32795
1!
#32800
0!
b10111101 #
#32805
1!
#32810
0!
b10111110 #
#32815
1!
#32820
0!
b10111111 #
#32825
1!
#32830
0!
b11000000 #
#32835
1!
#32840
0!
b11000001 #
#32845
1!
#32850
0!
b11000010 #
#32855
1!
#32860
0!
b11000011 #
#32865
1!
#32870
0!
b11000100 #
#32875
1!
#32880
0!
b11000101 #
#32885
1!
#32890
0!
b11000110 #
#32895
1!
#32900
0!
b11000111 #
#32905
1!
#32910
0!
b11001000 #
#32915
1!
#32920
0!
b11001001 #
#32925
1!
#32930
0!
b11001010 #
#32935
1!
#32940
0!
b11001011 #
#32945
1!
#32950
0!
b11001100 #
#32955
1!
#32960
0!
b11001101 #
#32965
1!
#32970
0!
b11001110 #
#32975
1!
#32980
0!
b11001111 #
#32985
1!
#32990
0!
b11010000 #
#32995
1!
#33000
0!
b11010001 #
#33005
1!
#33010
0!
b11010010 #
#33015
1!
#33020
0!
b11010011 #
#33025
1!
#33030
0!
b11010100 #
#33035
1!
#33040
0!
b11010101 #
#33045
1!
#33050
0!
b11010110 #
#33055
1!
#33060
0!
b11010111 #
#33065
1!
#33070
0!
b11011000 #
#33075
1!
#33080
0!
b11011001 #
#33085
1!
#33090
0!
b11011010 #
#33095
1!
#33100
0!
b11011011 #
#33105
1!
#33110
0!
b11011100 #
#33115
1!
#33120
0!
b11011101 #
#33125
1!
#33130
0!
b11011110 #
#33135
1!
#33140
0!
b11011111 #
#33145
1!
#33150
0!
b11100000 #
#33155
1!
#33160
0!
b11100001 #
#33165
1!
#33170
0!
b11100010 #
#33175
1!
#33180
0!
b11100011 #
#33185
1!
#33190
0!
b11100100 #
#33195
1!
#33200
0!
b11100101 #
#33205
1!
#33210
0!
b11100110 #
#33215
1!
#33220
0!
b11100111 #
#33225
1!
#33230
0!
b11101000 #
#33235
1!
#33240
0!
b11101001 #
#33245
1!
#33250
0!
b11101010 #
#33255
1!
#33260
0!
b11101011 #
#33265
1!
#33270
0!
b11101100 #
#33275
1!
#33280
0!
b11101101 #
#33285
1!
#33290
0!
b11101110 #
#33295
1!
#33300
0!
b11101111 #
#33305
1!
#33310
0!
b11110000 #
#33315
1!
#33320
0!
b11110001 #
#33325
1!
#33330
0!
b11110010 #
#33335
1!
#33340
0!
b11110011 #
#33345
1!
#33350
0!
b11110100 #
#33355
1!
#33360
0!
b11110101 #
#33365
1!
#33370
0!
b11110110 #
#33375
1!
#33380
0!
b11110111 #
#33385
1!
#33390
0!
b11111000 #
#33395
1!
#33400
0!
b11111001 #
#33405
1!
#33410
0!
b11111010 #
#33415
1!
#33420
0!
b11111011 #
#33425
1!
#33430
0!
b11111100 #
#33435
1!
#33440
0!
b11111101 #
#33445
1!
#33450
0!
b11111110 #
#33455
1!
#33460
0!
b11111111 #
#33465
1!
#33470
0!
b00000000 #
#33475
1!
#33480
0!
b00000001 #
#33485
1!
#33490
0!
b00000010 #
#33495
1!
#33500
0!
b00000011 #
#33505
1!
#33510
0!
b00000100 #
#33515
1!
#33520
0!
b00000101 #
#33525
1!
#33530
0!
b00000110 #
#33535
1!
#33540
0!
b00000111 #
#33545
1!
#33550
0!
b00001000 #
#33555
1!
#33560
0!
b00001001 #
#33565
1!
#33570
0!
b00001010 #
#33575
1!
#33580
0!
b00001011 #
#33585
1!
#33590
0!
b00001100 #
#33595
1!
#33600
0!
b00001101 #
#33605
1!
#33610
0!
b00001110 #
#33615
1!
#33620
0!
b00001111 #
#33625
1!
#33630
0!
b00010000 #
#33635
1!
#33640
0!
b00010001 #
#33645
1!
#33650
0!
b00010010 #
#33655
1!
#33660
0!
b00010011 #
#33665
1!
#33670
0!
b00010100 #
#33675
1!
#33680
0!
b00010101 #
#33685
1!
#33690
0!
b00010110 #
#33695
1!
#33700
0!
b00010111 #
#33705
1!
#33710
0!
b00011000 #
#33715
1!
#33720
0!
b00011001 #
#33725
1!
#33730
0!
b00011010 #
#33735
1!
#33740
0!
b00011011 #
#33745
1!
#33750
0!
b00011100 #
#33755
1!
#33760
0!
b00011101 #
#33765
1!
#33770
0!
b00011110 #
#33775
1!
#33780
0!
b00011111 #
#33785
1!
#33790
0!
b00100000 #
#33795
1!
#33800
0!
b00100001 #
#33805
1!
#33810
0!
b00100010 #
#33815
1!
#33820
0!
b00100011 #
#33825
1!
#33830
0!
b00100100 #
#33835
1!
#33840
0!
b00100101 #
#33845
1!
#33850
0!
b00100110 #
#33855
1!
#33860
0!
b00100111 #
#33865
1!
#33870
0!
b00101000 #
#33875
1!
#33880
0!
b00101001 #
#33885
1!
#33890
0!
b00101010 #
#33895
1!
#33900
0!
b00101011 #
#33905
1!
#33910
0!
b00101100 #
#33915
1!
#33920
0!
b00101101 #
#33925
1!
#33930
0!
b00101110 #
#33935
1!
#33940
0!
b00101111 #
#33945
1!
#33950
0!
b00110000 #
#33955
1!
#33960
0!
b00110001 #
#33965
1!
#33970
0!
b00110010 #
#33975
1!
#33980
0!
b00110011 #
#33985
1!
#33990
0!
b00110100 #
#33995
1!
#34000
0!
b00110101 #
#34005
1!
#34010
0!
b00110110 #
#34015
1!
#34020
0!
b00110111 #
#34025
1!
#34030
0!
b00111000 #
#34035
1!
#34040
0!
b00111001 #
#34045
1!
#34050
0!
b00111010 #
#34055
1!
#34060
0!
b00111011 #
#34065
1!
#34070
0!
b00111100 #
#34075
1!
#34080
0!
b00111101 #
#34085
1!
#34090
0!
b00111110 #
#34095
1!
#34100
0!
b00111111 #
#34105
1!
#34110
0!
b01000000 #
#34115
1!
#34120
0!
b01000001 #
#34125
1!
#34130
0!
b01000010 #
#34135
1!
#34140
0!
b01000011 #
#34145
1!
#34150
0!
b01000100 #
#34155
1!
#34160
0!
b01000101 #
#34165
1!
#34170
0!
b01000110 #
#34175
1!
#34180
0!
b01000111 #
#34185
1!
#34190
0!
b01001000 #
#34195
1!
#34200
0!
b01001001 #
#34205
1!
#34210
0!
b01001010 #
#34215
1!
#34220
0!
b01001011 #
#34225
1!
#34230
0!
b01001100 #
#34235
1!
#34240
0!
b01001101 #
#34245
1!
#34250
0!
b01001110 #
#34255
1!
#34260
0!
b01001111 #
#34265
1!
#34270
0!
b01010000 #
#34275
1!
#34280
0!
b01010001 #
#34285
1!
#34290
0!
b01010010 #
#34295
1!
#34300
0!
b01010011 #
#34305
1!
#34310
0!
b01010100 #
#34315
1!
#34320
0!
b01010101 #
#34325
1!
#34330
0!
b01010110 #
#34335
1!
#34340
0!
b01010111 #
#34345
1!
#34350
0!
b01011000 #
#34355
1!
#34360
0!
b01011001 #
#34365
1!
#34370
0!
b01011010 #
#34375
1!
#34380
0!
b01011011 #
#34385
1!
#34390
0!
b01011100 #
#34395
1!
#34400
0!
b01011101 #
#34405
1!
#34410
0!
b01011110 #
#34415
1!
#34420
0!
b01011111 #
#34425
1!
#34430
0!
b01100000 #
#34435
1!
#34440
0!
b01100001 #
#34445
1!
#34450
0!
b01100010 #
#34455
1!
#34460
0!
b01100011 #
#34465
1!
#34470
0!
b01100100 #
#34475
1!
#34480
0!
b01100101 #
#34485
1!
#34490
0!
b01100110 #
#34495
1!
#34500
0!
b01100111 #
#34505
1!
#34510
0!
b01101000 #
#34515
1!
#34520
0!
b01101001 #
#34525
1!
#34530
0!
b01101010 #
#34535
1!
#34540
0!
b01101011 #
#34545
1!
#34550
0!
b01101100 #
#34555
1!
#34560
0!
b01101101 #
#34565
1!
#34570
0!
b01101110 #
#34575
1!
#34580
0!
b01101111 #
#34585
1!
#34590
0!
b01110000 #
#34595
1!
#34600
0!
b01110001 #
#34605
1!
#34610
0!
b01110010 #
#34615
1!
#34620
0!
b01110011 #
#34625
1!
#34630
0!
b01110100 #
#34635
1!
#34640
0!
b01110101 #
#34645
1!
#34650
0!
b01110110 #
#34655
1!
#34660
0!
b01110111 #
#34665
1!
#34670
0!
b01111000 #
#34675
1!
#34680
0!
b01111001 #
#34685
1!
#34690
0!
b01111010 #
#34695
1!
#34700
0!
b01111011 #
#34705
1!
#34710
0!
b01111100 #
#34715
1!
#34720
0!
b01111101 #
#34725
1!
#34730
0!
b01111110 #
#34735
1!
#34740
0!
b01111111 #
#34745
1!
#34750
0!
b10000000 #
#34755
1!
#34760
0!
b10000001 #
#34765
1!
#34770
0!
b10000010 #
#34775
1!
#34780
0!
b10000011 #
#34785
1!
#34790
0!
b10000100 #
#34795
1!
#34800
0!
b10000101 #
#34805
1!
#34810
0!
b10000110 #
#34815
1!
#34820
0!
b10000111 #
#34825
1!
#34830
0!
b10001000 #
#34835
1!
#34840
0!
b10001001 #
#34845
1!
#34850
0!
b10001010 #
#34855
1!
#34860
0!
b10001011 #
#34865
1!
#34870
0!
b10001100 #
#34875
1!
#34880
0!
b10001101 #
#34885
1!
#34890
0!
b10001110 #
#34895
1!
#34900
0!
b10001111 #
#34905
1!
#34910
0!
b10010000 #
#34915
1!
#34920
0!
b10010001 #
#34925
1!
#34930
0!
b10010010 #
#34935
1!
#34940
0!
b10010011 #
#34945
1!
#34950
0!
b10010100 #
#34955
1!
#34960
0!
b10010101 #
#34965
1!
#34970
0!
b10010110 #
#34975
1!
#34980
0!
b10010111 #
#34985
1!
#34990
0!
b10011000 #
#34995
1!
#35000
0!
b10011001 #
#35005
1!
#35010
0!
b10011010 #
#35015
1!
#35020
0!
b10011011 #
#35025
1!
#35030
0!
b10011100 #
#35035
1!
#35040
0!
b10011101 #
#35045
1!
#35050
0!
b10011110 #
#35055
1!
#35060
0!
b10011111 #
#35065
1!
#35070
0!
b10100000 #
#35075
1!
#35080
0!
b10100001 #
#35085
1!
#35090
0!
b10100010 #
#35095
1!
#35100
0!
b10100011 #
#35105
1!
#35110
0!
b10100100 #
#35115
1!
#35120
0!
b10100101 #
#35125
1!
#35130
0!
b10100110 #
#35135
1!
#35140
0!
b10100111 #
#35145
1!
#35150
0!
b10101000 #
#35155
1!
#35160
0!
b10101001 #
#35165
1!
#35170
0!
b10101010 #
#35175
1!
#35180
0!
b10101011 #
#35185
1!
#35190
0!
b10101100 #
#35195
1!
#35200
0!
b10101101 #
#35205
1!
#35210
0!
b10101110 #
#35215
1!
#35220
0!
b10101111 #
#35225
1!
#35230
0!
b10110000 #
#35235
1!
#35240
0!
b10110001 #
#35245
1!
#35250
0!
b10110010 #
#35255
1!
#35260
0!
b10110011 #
#35265
1!
#35270
0!
b10110100 #
#35275
1!
#35280
0!
b10110101 #
#35285
1!
#35290
0!
b10110110 #
#35295
1!
#35300
0!
b10110111 #
#35305
1!
#35310
0!
b10111000 #
#35315
1!
#35320
0!
b10111001 #
#35325
1!
#35330
0!
b10111010 #
#35335
1!
#35340
0!
b10111011 #
#35345
1!
#35350
0!
b10111100 #
#35355
1!
#35360
0!
b10111101 #
#35365
1!
#35370
0!
b10111110 #
#35375
1!
#35380
0!
b10111111 #
#35385
1!
#35390
0!
b11000000 #
#35395
1!
#35400
0!
b11000001 #
#35405
1!
#35410
0!
b11000010 #
#35415
1!
#35420
0!
b11000011 #
#35425
1!
#35430
0!
b11000100 #
#35435
1!
#35440
0!
b11000101 #
#35445
1!
#35450
0!
b11000110 #
#35455
1!
#35460
0!
b11000111 #
#35465
1!
#35470
0!
b11001000 #
#35475
1!
#35480
0!
b11001001 #
#35485
1!
#35490
0!
b11001010 #
#35495
1!
#35500
0!
b11001011 #
#35505
1!
#35510
0!
b11001100 #
#35515
1!
#35520
0!
b11001101 #
#35525
1!
#35530
0!
b11001110 #
#35535
1!
#35540
0!
b11001111 #
#35545
1!
#35550
0!
b11010000 #
#35555
1!
#35560
0!
b11010001 #
#35565
1!
#35570
0!
b11010010 #
#35575
1!
#35580
0!
b11010011 #
#35585
1!
#35590
0!
b11010100 #
#35595
1!
#35600
0!
b11010101 #
#35605
1!
#35610
0!
b11010110 #
#35615
1!
#35620
0!
b11010111 #
#35625
1!
#35630
0!
b11011000 #
#35635
1!
#35640
0!
b11011001 #
#35645
1!
#35650
0!
b11011010 #
#35655
1!
#35660
0!
b11011011 #
#35665
1!
#35670
0!
b11011100 #
#35675
1!
#35680
0!
b11011101 #
#35685
1!
#35690
0!
b11011110 #
#35695
1!
#35700
0!
b11011111 #
#35705
1!
#35710
0!
b11100000 #
#35715
1!
#35720
0!
b11100001 #
#35725
1!
#35730
0!
b11100010 #
#35735
1!
#35740
0!
b11100011 #
#35745
1!
#35750
0!
b11100100 #
#35755
1!
#35760
0!
b11100101 #
#35765
1!
#35770
0!
b11100110 #
#35775
1!
#35780
0!
b11100111 #
#35785
1!
#35790
0!
b11101000 #
#35795
1!
#35800
0!
b11101001 #
#35805
1!
#35810
0!
b11101010 #
#35815
1!
#35820
0!
b11101011 #
#35825
1!
#35830
0!
b11101100 #
#35835
1!
#35840
0!
b11101101 #
#35845
1!
#35850
0!
b11101110 #
#35855
1!
#35860
0!
b11101111 #
#35865
1!
#35870
0!
b11110000 #
#35875
1!
#35880
0!
b11110001 #
#35885
1!
#35890
0!
b11110010 #
#35895
1!
#35900
0!
b11110011 #
#35905
1!
#35910
0!
b11110100 #
#35915
1!
#35920
0!
b11110101 #
#35925
1!
#35930
0!
b11110110 #
#35935
1!
#35940
0!
b11110111 #
#35945
1!
#35950
0!
b11111000 #
#35955
1!
#35960
0!
b11111001 #
#35965
1!
#35970
0!
b11111010 #
#35975
1!
#35980
0!
b11111011 #
#35985
1!
#35990
0!
b11111100 #
#35995
1!
#36000
0!
b11111101 #
#36005
1!
#36010
0!
b11111110 #
#36015
1!
#36020
0!
b11111111 #
#36025
1!
#36030
0!
b00000000 #
#36035
1!
#36040
0!
b00000001 #
#36045
1!
#36050
0!
b00000010 #
#36055
1!
#36060
0!
b00000011 #
#36065
1!
#36070
0!
b00000100 #
#36075
1!
#36080
0!
b00000101 #
#36085
1!
#36090
0!
b00000110 #
#36095
1!
#36100
0!
b00000111 #
#36105
1!
#36110
0!
b00001000 #
#36115
1!
#36120
0!
b00001001 #
#36125
1!
#36130
0!
b00001010 #
#36135
1!
#36140
0!
b00001011 #
#36145
1!
#36150
0!
b00001100 #
#36155
1!
#36160
0!
b00001101 #
#36165
1!
#36170
0!
b00001110 #
#36175
1!
#36180
0!
b00001111 #
#36185
1!
#36190
0!
b00010000 #
#36195
1!
#36200
0!
b00010001 #
#36205
1!
#36210
0!
b00010010 #
#36215
1!
#36220
0!
b00010011 #
#36225
1!
#36230
0!
b00010100 #
#36235
1!
#36240
0!
b00010101 #
#36245
1!
#36250
0!
b00010110 #
#36255
1!
#36260
0!
b00010111 #
#36265
1!
#36270
0!
b00011000 #
#36275
1!
#36280
0!
b00011001 #
#36285
1!
#36290
0!
b00011010 #
#36295
1!
#36300
0!
b00011011 #
#36305
1!
#36310
0!
b00011100 #
#36315
1!
#36320
0!
b00011101 #
#36325
1!
#36330
0!
b00011110 #
#36335
1!
#36340
0!
b00011111 #
#36345
1!
#36350
0!
b00100000 #
#36355
1!
#36360
0!
b00100001 #
#36365
1!
#36370
0!
b00100010 #
#36375
1!
#36380
0!
b00100011 #
#36385
1!
#36390
0!
b00100100 #
#36395
1!
#36400
0!
b00100101 #
#36405
1!
#36410
0!
b00100110 #
#36415
1!
#36420
0!
b00100111 #
#36425
1!
#36430
0!
b00101000 #
#36435
1!
#36440
0!
b00101001 #
#36445
1!
#36450
0!
b00101010 #
#36455
1!
#36460
0!
b00101011 #
#36465
1!
#36470
0!
b00101100 #
#36475
1!
#36480
0!
b00101101 #
#36485
1!
#36490
0!
b00101110 #
#36495
1!
#36500
0!
b00101111 #
#36505
1!
#36510
0!
b00110000 #
#36515
1!
#36520
0!
b00110001 #
#36525
1!
#36530
0!
b00110010 #
#36535
1!
#36540
0!
b00110011 #
#36545
1!
#36550
0!
b00110100 #
#36555
1!
#36560
0!
b00110101 #
#36565
1!
#36570
0!
b00110110 #
#36575
1!
#36580
0!
b00110111 #
#36585
1!
#36590
0!
b00111000 #
#36595
1!
#36600
0!
b00111001 #
#36605
1!
#36610
0!
b00111010 #
#36615
1!
#36620
0!
b00111011 #
#36625
1!
#36630
0!
b00111100 #
#36635
1!
#36640
0!
b00111101 #
#36645
1!
#36650
0!
b00111110 #
#36655
1!
#36660
0!
b00111111 #
#36665
1!
#36670
0!
b01000000 #
#36675
1!
#36680
0!
b01000001 #
#36685
1!
#36690
0!
b01000010 #
#36695
1!
#36700
0!
b01000011 #
#36705
1!
#36710
0!
b01000100 #
#36715
1!
#36720
0!
b01000101 #
#36725
1!
#36730
0!
b01000110 #
#36735
1!
#36740
0!
b01000111 #
#36745
1!
#36750
0!
b01001000 #
#36755
1!
#36760
0!
b01001001 #
#36765
1!
#36770
0!
b01001010 #
#36775
1!
#36780
0!
b01001011 #
#36785
1!
#36790
0!
b01001100 #
#36795
1!
#36800
0!
b01001101 #
#36805
1!
#36810
0!
b01001110 #
#36815
1!
#36820
0!
b01001111 #
#36825
1!
#36830
0!
b01010000 #
#36835
1!
#36840
0!
b01010001 #
#36845
1!
#36850
0!
b01010010 #
#36855
1!
#36860
0!
b01010011 #
#36865
1!
#36870
0!
b01010100 #
#36875
1!
#36880
0!
b01010101 #
#36885
1!
#36890
0!
b01010110 #
#36895
1!
#36900
0!
b01010111 #
#36905
1!
#36910
0!
b01011000 #
#36915
1!
#36920
0!
b01011001 #
#36925
1!
#36930
0!
b01011010 #
#36935
1!
#36940
0!
b01011011 #
#36945
1!
#36950
0!
b01011100 #
#36955
1!
#36960
0!
b01011101 #
#36965
1!
#36970
0!
b01011110 #
#36975
1!
#36980
0!
b01011111 #
#36985
1!
#36990
0!
b01100000 #
#36995
1!
#37000
0!
b01100001 #
#37005
1!
#37010
0!
b01100010 #
#37015
1!
#37020
0!
b01100011 #
#37025
1!
#37030
0!
b01100100 #
#37035
1!
#37040
0!
b01100101 #
#37045
1!
#37050
0!
b01100110 #
#37055
1!
#37060
0!
b01100111 #
#37065
1!
#37070
0!
b01101000 #
#37075
1!
#37080
0!
b01101001 #
#37085
1!
#37090
0!
b01101010 #
#37095
1!
#37100
0!
b01101011 #
#37105
1!
#37110
0!
b01101100 #
#37115
1!
#37120
0!
b01101101 #
#37125
1!
#37130
0!
b01101110 #
#37135
1!
#37140
0!
b01101111 #
#37145
1!
#37150
0!
b01110000 #
#37155
1!
#37160
0!
b01110001 #
#37165
1!
#37170
0!
b01110010 #
#37175
1!
#37180
0!
b01110011 #
#37185
1!
#37190
0!
b01110100 #
#37195
1!
#37200
0!
b01110101 #
#37205
1!
#37210
0!
b01110110 #
#37215
1!
#37220
0!
b01110111 #
#37225
1!
#37230
0!
b01111000 #
#37235
1!
#37240
0!
b01111001 #
#37245
1!
#37250
0!
b01111010 #
#37255
1!
#37260
0!
b01111011 #
#37265
1!
#37270
0!
b01111100 #
#37275
1!
#37280
0!
b01111101 #
#37285
1!
#37290
0!
b01111110 #
#37295
1!
#37300
0!
b01111111 #
#37305
1!
#37310
0!
b10000000 #
#37315
1!
#37320
0!
b10000001 #
#37325
1!
#37330
0!
b10000010 #
#37335
1!
#37340
0!
b10000011 #
#37345
1!
#37350
0!
b10000100 #
#37355
1!
#37360
0!
b10000101 #
#37365
1!
#37370
0!
b10000110 #
#37375
1!
#37380
0!
b10000111 #
#37385
1!
#37390
0!
b10001000 #
#37395
1!
#37400
0!
b10001001 #
#37405
1!
#37410
0!
b10001010 #
#37415
1!
#37420
0!
b10001011 #
#37425
1!
#37430
0!
b10001100 #
#37435
1!
#37440
0!
b10001101 #
#37445
1!
#37450
0!
b10001110 #
#37455
1!
#37460
0!
b10001111 #
#37465
1!
#37470
0!
b10010000 #
#37475
1!
#37480
0!
b10010001 #
#37485
1!
#37490
0!
b10010010 #
#37495
1!
#37500
0!
b10010011 #
#37505
1!
#37510
0!
b10010100 #
#37515
1!
#37520
0!
b10010101 #
#37525
1!
#37530
0!
b10010110 #
#37535
1!
#37540
0!
b10010111 #
#37545
1!
#37550
0!
b10011000 #
#37555
1!
#37560
0!
b10011001 #
#37565
1!
#37570
0!
b10011010 #
#37575
1!
#37580
0!
b10011011 #
#37585
1!
#37590
0!
b10011100 #
#37595
1!
#37600
0!
b10011101 #
#37605
1!
#37610
0!
b10011110 #
#37615
1!
#37620
0!
b10011111 #
#37625
1!
#37630
0!
b10100000 #
#37635
1!
#37640
0!
b10100001 #
#37645
1!
#37650
0!
b10100010 #
#37655
1!
#37660
0!
b10100011 #
#37665
1!
#37670
0!
b10100100 #
#37675
1!
#37680
0!
b10100101 #
#37685
1!
#37690
0!
b10100110 #
#37695
1!
#37700
0!
b10100111 #
#37705
1!
#37710
0!
b10101000 #
#37715
1!
#37720
0!
b10101001 #
#37725
1!
#37730
0!
b10101010 #
#37735
1!
#37740
0!
b10101011 #
#37745
1!
#37750
0!
b10101100 #
#37755
1!
#37760
0!
b10101101 #
#37765
1!
#37770
0!
b10101110 #
#37775
1!
#37780
0!
b10101111 #
#37785
1!
#37790
0!
b10110000 #
#37795
1!
#37800
0!
b10110001 #
#37805
1!
#37810
0!
b10110010 #
#37815
1!
#37820
0!
b10110011 #
#37825
1!
#37830
0!
b10110100 #
#37835
1!
#37840
0!
b10110101 #
#37845
1!
#37850
0!
b10110110 #
#37855
1!
#37860
0!
b10110111 #
#37865
1!
#37870
0!
b10111000 #
#37875
1!
#37880
0!
b10111001 #
#37885
1!
#37890
0!
b10111010 #
#37895
1!
#37900
0!
b10111011 #
#37905
1!
#37910
0!
b10111100 #
#37915
1!
#37920
0!
b10111101 #
#37925
1!
#37930
0!
b10111110 #
#37935
1!
#37940
0!
b10111111 #
#37945
1!
#37950
0!
b11000000 #
#37955
1!
#37960
0!
b11000001 #
#37965
1!
#37970
0!
b11000010 #
#37975
1!
#37980
0!
b11000011 #
#37985
1!
#37990
0!
b11000100 #
#37995
1!
#38000
0!
b11000101 #
#38005
1!
#38010
0!
b11000110 #
#38015
1!
#38020
0!
b11000111 #
#38025
1!
#38030
0!
b11001000 #
#38035
1!
#38040
0!
b11001001 #
#38045
1!
#38050
0!
b11001010 #
#38055
1!
#38060
0!
b11001011 #
#38065
1!
#38070
0!
b11001100 #
#38075
1!
#38080
0!
b11001101 #
#38085
1!
#38090
0!
b11001110 #
#38095
1!
#38100
0!
b11001111 #
#38105
1!
#38110
0!
b11010000 #
#38115
1!
#38120
0!
b11010001 #
#38125
1!
#38130
0!
b11010010 #
#38135
1!
#38140
0!
b11010011 #
#38145
1!
#38150
0!
b11010100 #
#38155
1!
#38160
0!
b11010101 #
#38165
1!
#38170
0!
b11010110 #
#38175
1!
#38180
0!
b11010111 #
#38185
1!
#38190
0!
b11011000 #
#38195
1!
#38200
0!
b11011001 #
#38205
1!
#38210
0!
b11011010 #
#38215
1!
#38220
0!
b11011011 #
#38225
1!
#38230
0!
b11011100 #
#38235
1!
#38240
0!
b11011101 #
#38245
1!
#38250
0!
b11011110 #
#38255
1!
#38260
0!
b11011111 #
#38265
1!
#38270
0!
b11100000 #
#38275
1!
#38280
0!
b11100001 #
#38285
1!
#38290
0!
b11100010 #
#38295
1!
#38300
0!
b11100011 #
#38305
1!
#38310
0!
b11100100 #
#38315
1!
#38320
0!
b11100101 #
#38325
1!
#38330
0!
b11100110 #
#38335
1!
#38340
0!
b11100111 #
#38345
1!
#38350
0!
b11101000 #
#38355
1!
#38360
0!
b11101001 #
#38365
1!
#38370
0!
b11101010 #
#38375
1!
#38380
0!
b11101011 #
#38385
1!
#38390
0!
b11101100 #
#38395
1!
#38400
0!
b11101101 #
#38405
1!
#38410
0!
b11101110 #
#38415
1!
#38420
0!
b11101111 #
#38425
1!
#38430
0!
b11110000 #
#38435
1!
#38440
0!
b11110001 #
#38445
1!
#38450
0!
b11110010 #
#38455
1!
#38460
0!
b11110011 #
#38465
1!
#38470
0!
b11110100 #
#38475
1!
#38480
0!
b11110101 #
#38485
1!
#38490
0!
b11110110 #
#38495
1!
#38500
0!
b11110111 #
#38505
1!
#38510
0!
b11111000 #
#38515
1!
#38520
0!
b11111001 #
#38525
1!
#38530
0!
b11111010 #
#38535
1!
#38540
0!
b11111011 #
#38545
1!
#38550
0!
b11111100 #
#38555
1!
#38560
0!
b11111101 #
#38565
1!
#38570
0!
b11111110 #
#38575
1!
#38580
0!
b11111111 #
#38585
1!
#38590
0!
b00000000 #
#38595
1!
#38600
0!
b00000001 #
#38605
1!
#38610
0!
b00000010 #
#38615
1!
#38620
0!
b00000011 #
#38625
1!
#38630
0!
b00000100 #
#38635
1!
#38640
0!
b00000101 #
#38645
1!
#38650
0!
b00000110 #
#38655
1!
#38660
0!
b00000111 #
#38665
1!
#38670
0!
b00001000 #
#38675
1!
#38680
0!
b00001001 #
#38685
1!
#38690
0!
b00001010 #
#38695
1!
#38700
0!
b00001011 #
#38705
1!
#38710
0!
b00001100 #
#38715
1!
#38720
0!
b00001101 #
#38725
1!
#38730
0!
b00001110 #
#38735
1!
#38740
0!
b00001111 #
#38745
1!
#38750
0!
b00010000 #
#38755
1!
#38760
0!
b00010001 #
#38765
1!
#38770
0!
b00010010 #
#38775
1!
#38780
0!
b00010011 #
#38785
1!
#38790
0!
b00010100 #
#38795
1!
#38800
0!
b00010101 #
#38805
1!
#38810
0!
b00010110 #
#38815
1!
#38820
0!
b00010111 #
#38825
1!
#38830
0!
b00011000 #
#38835
1!
#38840
0!
b00011001 #
#38845
1!
#38850
0!
b00011010 #
#38855
1!
#38860
0!
b00011011 #
#38865
1!
#38870
0!
b00011100 #
#38875
1!
#38880
0!
b00011101 #
#38885
1!
#38890
0!
b00011110 #
#38895
1!
#38900
0!
b00011111 #
#38905
1!
#38910
0!
b00100000 #
#38915
1!
#38920
0!
b00100001 #
#38925
1!
#38930
0!
b00100010 #
#38935
1!
#38940
0!
b00100011 #
#38945
1!
#38950
0!
b00100100 #
#38955
1!
#38960
0!
b00100101 #
#38965
1!
#38970
0!
b00100110 #
#38975
1!
#38980
0!
b00100111 #
#38985
1!
#38990
0!
b00101000 #
#38995
1!
#39000
0!
b00101001 #
#39005
1!
#39010
0!
b00101010 #
#39015
1!
#39020
0!
b00101011 #
#39025
1!
#39030
0!
b00101100 #
#39035
1!
#39040
0!
b00101101 #
#39045
1!
#39050
0!
b00101110 #
#39055
1!
#39060
0!
b00101111 #
#39065
1!
#39070
0!
b00110000 #
#39075
1!
#39080
0!
b00110001 #
#39085
1!
#39090
0!
b00110010 #
#39095
1!
#39100
0!
b00110011 #
#39105
1!
#39110
0!
b00110100 #
#39115
1!
#39120
0!
b00110101 #
#39125
1!
#39130
0!
b00110110 #
#39135
1!
#39140
0!
b00110111 #
#39145
1!
#39150
0!
b00111000 #
#39155
1!
#39160
0!
b00111001 #
#39165
1!
#39170
0!
b00111010 #
#39175
1!
#39180
0!
b00111011 #
#39185
1!
#39190
0!
b00111100 #
#39195
1!
#39200
0!
b00111101 #
#39205
1!
#39210
0!
b00111110 #
#39215
1!
#39220
0!
b00111111 #
#39225
1!
#39230
0!
b01000000 #
#39235
1!
#39240
0!
b01000001 #
#39245
1!
#39250
0!
b01000010 #
#39255
1!
#39260
0!
b01000011 #
#39265
1!
#39270
0!
b01000100 #
#39275
1!
#39280
0!
b01000101 #
#39285
1!
#39290
0!
b01000110 #
#39295
1!
#39300
0!
b01000111 #
#39305
1!
#39310
0!
b01001000 #
#39315
1!
#39320
0!
b01001001 #
#39325
1!
#39330
0!
b01001010 #
#39335
1!
#39340
0!
b01001011 #
#39345
1!
#39350
0!
b01001100 #
#39355
1!
#39360
0!
b01001101 #
#39365
1!
#39370
0!
b01001110 #
#39375
1!
#39380
0!
b01001111 #
#39385
1!
#39390
0!
b01010000 #
#39395
1!
#39400
0!
b01010001 #
#39405
1!
#39410
0!
b01010010 #
#39415
1!
#39420
0!
b01010011 #
#39425
1!
#39430
0!
b01010100 #
#39435
1!
#39440
0!
b01010101 #
#39445
1!
#39450
0!
b01010110 #
#39455
1!
#39460
0!
b01010111 #
#39465
1!
#39470
0!
b01011000 #
#39475
1!
#39480
0!
b01011001 #
#39485
1!
#39490
0!
b01011010 #
#39495
1!
#39500
0!
b01011011 #
#39505
1!
#39510
0!
b01011100 #
#39515
1!
#39520
0!
b01011101 #
#39525
1!
#39530
0!
b01011110 #
#39535
1!
#39540
0!
b01011111 #
#39545
1!
#39550
0!
b01100000 #
#39555
1!
#39560
0!
b01100001 #
#39565
1!
#39570
0!
b01100010 #
#39575
1!
#39580
0!
b01100011 #
#39585
1!
#39590
0!
b01100100 #
#39595
1!
#39600
0!
b01100101 #
#39605
1!
#39610
0!
b01100110 #
#39615
1!
#39620
0!
b01100111 #
#39625
1!
#39630
0!
b01101000 #
#39635
1!
#39640
0!
b01101001 #
#39645
1!
#39650
0!
b01101010 #
#39655
1!
#39660
0!
b01101011 #
#39665
1!
#39670
0!
b01101100 #
#39675
1!
#39680
0!
b01101101 #
#39685
1!
#39690
0!
b01101110 #
#39695
1!
#39700
0!
b01101111 #
#39705
1!
#39710
0!
b01110000 #
#39715
1!
#39720
0!
b01110001 #
#39725
1!
#39730
0!
b01110010 #
#39735
1!
#39740
0!
b01110011 #
#39745
1!
#39750
0!
b01110100 #
#39755
1!
#39760
0!
b01110101 #
#39765
1!
#39770
0!
b01110110 #
#39775
1!
#39780
0!
b01110111 #
#39785
1!
#39790
0!
b01111000 #
#39795
1!
#39800
0!
b01111001 #
#39805
1!
#39810
0!
b01111010 #
#39815
1!
#39820
0!
b01111011 #
#39825
1!
#39830
0!
b01111100 #
#39835
1!
#39840
0!
b01111101 #
#39845
1!
#39850
0!
b01111110 #
#39855
1!
#39860
0!
b01111111 #
#39865
1!
#39870
0!
b10000000 #
#39875
1!
#39880
0!
b10000001 #
#39885
1!
#39890
0!
b10000010 #
#39895
1!
#39900
0!
b10000011 #
#39905
1!
#39910
0!
b10000100 #
#39915
1!
#39920
0!
b10000101 #
#39925
1!
#39930
0!
b10000110 #
#39935
1!
#39940
0!
b10000111 #
#39945
1!
#39950
0!
b10001000 #
#39955
1!
#39960
0!
b10001001 #
#39965
1!
#39970
0!
b10001010 #
#39975
1!
#39980
0!
b10001011 #
#39985
1!
#39990
0!
b10001100 #
#39995
1!
#40000
0!
b10001101 #
#40005
1!
#40010
0!
b10001110 #
#40015
1!
#40020
0!
b10001111 #
#40025
1!
#40030
0!
b10010000 #
#40035
1!
#40040
0!
b10010001 #
#40045
1!
#40050
0!
b10010010 #
#40055
1!
#40060
0!
b10010011 #
#40065
1!
#40070
0!
b10010100 #
#40075
1!
#40080
0!
b10010101 #
#40085
1!
#40090
0!
b10010110 #
#40095
1!
#40100
0!
b10010111 #
#40105
1!
#40110
0!
b10011000 #
#40115
1!
#40120
0!
b10011001 #
#40125
1!
#40130
0!
b10011010 #
#40135
1!
#40140
0!
b10011011 #
#40145
1!
#40150
0!
b10011100 #
#40155
1!
#40160
0!
b10011101 #
#40165
1!
#40170
0!
b10011110 #
#40175
1!
#40180
0!
b10011111 #
#40185
1!
#40190
0!
b10100000 #
#40195
1!
#40200
0!
b10100001 #
#40205
1!
#40210
0!
b10100010 #
#40215
1!
#40220
0!
b10100011 #
#40225
1!
#40230
0!
b10100100 #
#40235
1!
#40240
0!
b10100101 #
#40245
1!
#40250
0!
b10100110 #
#40255
1!
#40260
0!
b10100111 #
#40265
1!
#40270
0!
b10101000 #
#40275
1!
#40280
0!
b10101001 #
#40285
1!
#40290
0!
b10101010 #
#40295
1!
#40300
0!
b10101011 #
#40305
1!
#40310
0!
b10101100 #
#40315
1!
#40320
0!
b10101101 #
#40325
1!
#40330
0!
b10101110 #
#40335
1!
#40340
0!
b10101111 #
#40345
1!
#40350
0!
b10110000 #
#40355
1!
#40360
0!
b10110001 #
#40365
1!
#40370
0!
b10110010 #
#40375
1!
#40380
0!
b10110011 #
#40385
1!
#40390
0!
b10110100 #
#40395
1!
#40400
0!
b10110101 #
#40405
1!
#40410
0!
b10110110 #
#40415
1!
#40420
0!
b10110111 #
#40425
1!
#40430
0!
b10111000 #
#40435
1!
#40440
0!
b10111001 #
#40445
1!
#40450
0!
b10111010 #
#40455
1!
#40460
0!
b10111011 #
#40465
1!
#40470
0!
b10111100 #
#40475
1!
#40480
0!
b10111101 #
#40485
1!
#40490
0!
b10111110 #
#40495
1!
#40500
0!
b10111111 #
#40505
1!
#40510
0!
b11000000 #
#40515
1!
#40520
0!
b11000001 #
#40525
1!
#40530
0!
b11000010 #
#40535
1!
#40540
0!
b11000011 #
#40545
1!
#40550
0!
b11000100 #
#40555
1!
#40560
0!
b11000101 #
#40565
1!
#40570
0!
b11000110 #
#40575
1!
#40580
0!
b11000111 #
#40585
1!
#40590
0!
b11001000 #
#40595
1!
#40600
0!
b11001001 #
#40605
1!
#40610
0!
b11001010 #
#40615
1!
#40620
0!
b11001011 #
#40625
1!
#40630
0!
b11001100 #
#40635
1!
#40640
0!
b11001101 #
#40645
1!
#40650
0!
b11001110 #
#40655
1!
#40660
0!
b11001111 #
#40665
1!
#40670
0!
b11010000 #
#40675
1!
#40680
0!
b11010001 #
#40685
1!
#40690
0!
b11010010 #
#40695
1!
#40700
0!
b11010011 #
#40705
1!
#40710
0!
b11010100 #
#40715
1!
#40720
0!
b11010101 #
#40725
1!
#40730
0!
b11010110 #
#40735
1!
#40740
0!
b11010111 #
#40745
1!
#40750
0!
b11011000 #
#40755
1!
#40760
0!
b11011001 #
#40765
1!
#40770
0!
b11011010 #
#40775
1!
#40780
0!
b11011011 #
#40785
1!
#40790
0!
b11011100 #
#40795
1!
#40800
0!
b11011101 #
#40805
1!
#40810
0!
b11011110 #
#40815
1!
#40820
0!
b11011111 #
#40825
1!
#40830
0!
b11100000 #
#40835
1!
#40840
0!
b11100001 #
#40845
1!
#40850
0!
b11100010 #
#40855
1!
#40860
0!
b11100011 #
#40865
1!
#40870
0!
b11100100 #
#40875
1!
#40880
0!
b11100101 #
#40885
1!
#40890
0!
b11100110 #
#40895
1!
#40900
0!
b11100111 #
#40905
1!
#40910
0!
b11101000 #
#40915
1!
#40920
0!
b11101001 #
#40925
1!
#40930
0!
b11101010 #
#40935
1!
#40940
0!
b11101011 #
#40945
1!
#40950
0!
b11101100 #
#40955
1!
#40960
0!
b11101101 #
#40965
1!
#40970
0!
b11101110 #
#40975
1!
#40980
0!
b11101111 #
#40985
1!
#40990
0!
b11110000 #
#40995
1!
#41000
0!
b11110001 #
#41005
1!
#41010
0!
b11110010 #
#41015
1!
#41020
0!
b11110011 #
#41025
1!
#41030
0!
b11110100 #
#41035
1!
#41040
0!
b11110101 #
#41045
1!
#41050
0!
b11110110 #
#41055
1!
#41060
0!
b11110111 #
#41065
1!
#41070
0!
b11111000 #
#41075
1!
#41080
0!
b11111001 #
#41085
1!
#41090
0!
b11111010 #
#41095
1!
#41100
0!
b11111011 #
#41105
1!
#41110
0!
b11111100 #
#41115
1!
#41120
0!
b11111101 #
#41125
1!
#41130
0!
b11111110 #
#41135
1!
#41140
0!
b11111111 #
#41145
1!
#41150
0!
b00000000 #
#41155
1!
#41160
0!
b00000001 #
#41165
1!
#41170
0!
b00000010 #
#41175
1!
#41180
0!
b00000011 #
#41185
1!
#41190
0!
b00000100 #
#41195
1!
#41200
0!
b00000101 #
#41205
1!
#41210
0!
b00000110 #
#41215
1!
#41220
0!
b00000111 #
#41225
1!
#41230
0!
b00001000 #
#41235
1!
#41240
0!
b00001001 #
#41245
1!
#41250
0!
b00001010 #
#41255
1!
#41260
0!
b00001011 #
#41265
1!
#41270
0!
b00001100 #
#41275
1!
#41280
0!
b00001101 #
#41285
1!
#41290
0!
b00001110 #
#41295
1!
#41300
0!
b00001111 #
#41305
1!
#41310
0!
b00010000 #
#41315
1!
#41320
0!
b00010001 #
#41325
1!
#41330
0!
b00010010 #
#41335
1!
#41340
0!
b00010011 #
#41345
1!
#41350
0!
b00010100 #
#41355
1!
#41360
0!
b00010101 #
#41365
1!
#41370
0!
b00010110 #
#41375
1!
#41380
0!
b00010111 #
#41385
1!
#41390
0!
b00011000 #
#41395
1!
#41400
0!
b00011001 #
#41405
1!
#41410
0!
b00011010 #
#41415
1!
#41420
0!
b00011011 #
#41425
1!
#41430
0!
b00011100 #
#41435
1!
#41440
0!
b00011101 #
#41445
1!
#41450
0!
b00011110 #
#41455
1!
#41460
0!
b00011111 #
#41465
1!
#41470
0!
b00100000 #
#41475
1!
#41480
0!
b00100001 #
#41485
1!
#41490
0!
b00100010 #
#41495
1!
#41500
0!
b00100011 #
#41505
1!
#41510
0!
b00100100 #
#41515
1!
#41520
0!
b00100101 #
#41525
1!
#41530
0!
b00100110 #
#41535
1!
#41540
0!
b00100111 #
#41545
1!
#41550
0!
b00101000 #
#41555
1!
#41560
0!
b00101001 #
#41565
1!
#41570
0!
b00101010 #
#41575
1!
#41580
0!
b00101011 #
#41585
1!
#41590
0!
b00101100 #
#41595
1!
#41600
0!
b00101101 #
#41605
1!
#41610
0!
b00101110 #
#41615
1!
#41620
0!
b00101111 #
#41625
1!
#41630
0!
b00110000 #
#41635
1!
#41640
0!
b00110001 #
#41645
1!
#41650
0!
b00110010 #
#41655
1!
#41660
0!
b00110011 #
#41665
1!
#41670
0!
b00110100 #
#41675
1!
#41680
0!
b00110101 #
#41685
1!
#41690
0!
b00110110 #
#41695
1!
#41700
0!
b00110111 #
#41705
1!
#41710
0!
b00111000 #
#41715
1!
#41720
0!
b00111001 #
#41725
1!
#41730
0!
b00111010 #
#41735
1!
#41740
0!
b00111011 #
#41745
1!
#41750
0!
b00111100 #
#41755
1!
#41760
0!
b00111101 #
#41765
1!
#41770
0!
b00111110 #
#41775
1!
#41780
0!
b00111111 #
#41785
1!
#41790
0!
b01000000 #
#41795
1!
#41800
0!
b01000001 #
#41805
1!
#41810
0!
b01000010 #
#41815
1!
#41820
0!
b01000011 #
#41825
1!
#41830
0!
b01000100 #
#41835
1!
#41840
0!
b01000101 #
#41845
1!
#41850
0!
b01000110 #
#41855
1!
#41860
0!
b01000111 #
#41865
1!
#41870
0!
b01001000 #
#41875
1!
#41880
0!
b01001001 #
#41885
1!
#41890
0!
b01001010 #
#41895
1!
#41900
0!
b01001011 #
#41905
1!
#41910
0!
b01001100 #
#41915
1!
#41920
0!
b01001101 #
#41925
1!
#41930
0!
b01001110 #
#41935
1!
#41940
0!
b01001111 #
#41945
1!
#41950
0!
b01010000 #
#41955
1!
#41960
0!
b01010001 #
#41965
1!
#41970
0!
b01010010 #
#41975
1!
#41980
0!
b01010011 #
#41985
1!
#41990
0!
b01010100 #
#41995
1!
#42000
0!
b01010101 #
#42005
1!
#42010
0!
b01010110 #
#42015
1!
#42020
0!
b01010111 #
#42025
1!
#42030
0!
b01011000 #
#42035
1!
#42040
0!
b01011001 #
#42045
1!
#42050
0!
b01011010 #
#42055
1!
#42060
0!
b01011011 #
#42065
1!
#42070
0!
b01011100 #
#42075
1!
#42080
0!
b01011101 #
#42085
1!
#42090
0!
b01011110 #
#42095
1!
#42100
0!
b01011111 #
#42105
1!
#42110
0!
b01100000 #
#42115
1!
#42120
0!
b01100001 #
#42125
1!
#42130
0!
b01100010 #
#42135
1!
#42140
0!
b01100011 #
#42145
1!
#42150
0!
b01100100 #
#42155
1!
#42160
0!
b01100101 #
#42165
1!
#42170
0!
b01100110 #
#42175
1!
#42180
0!
b01100111 #
#42185
1!
#42190
0!
b01101000 #
#42195
1!
#42200
0!
b01101001 #
#42205
1!
#42210
0!
b01101010 #
#42215
1!
#42220
0!
b01101011 #
#42225
1!
#42230
0!
b01101100 #
#42235
1!
#42240
0!
b01101101 #
#42245
1!
#42250
0!
b01101110 #
#42255
1!
#42260
0!
b01101111 #
#42265
1!
#42270
0!
b01110000 #
#42275
1!
#42280
0!
b01110001 #
#42285
1!
#42290
0!
b01110010 #
#42295
1!
#42300
0!
b01110011 #
#42305
1!
#42310
0!
b01110100 #
#42315
1!
#42320
0!
b01110101 #
#42325
1!
#42330
0!
b01110110 #
#42335
1!
#42340
0!
b01110111 #
#42345
1!
#42350
0!
b01111000 #
#42355
1!
#42360
0!
b01111001 #
#42365
1!
#42370
0!
b01111010 #
#42375
1!
#42380
0!
b01111011 #
#42385
1!
#42390
0!
b01111100 #
#42395
1!
#42400
0!
b01111101 #
#42405
1!
#42410
0!
b01111110 #
#42415
1!
#42420
0!
b01111111 #
#42425
1!
#42430
0!
b10000000 #
#42435
1!
#42440
0!
b10000001 #
#42445
1!
#42450
0!
b10000010 #
#42455
1!
#42460
0!
b10000011 #
#42465
1!
#42470
0!
b10000100 #
#42475
1!
#42480
0!
b10000101 #
#42485
1!
#42490
0!
b10000110 #
#42495
1!
#42500
0!
b10000111 #
#42505
1!
#42510
0!
b10001000 #
#42515
1!
#42520
0!
b10001001 #
#42525
1!
#42530
0!
b10001010 #
#42535
1!
#42540
0!
b10001011 #
#42545
1!
#42550
0!
b10001100 #
#42555
1!
#42560
0!
b10001101 #
#42565
1!
#42570
0!
b10001110 #
#42575
1!
#42580
0!
b10001111 #
#42585
1!
#42590
0!
b10010000 #
#42595
1!
#42600
0!
b10010001 #
#42605
1!
#42610
0!
b10010010 #
#42615
1!
#42620
0!
b10010011 #
#42625
1!
#42630
0!
b10010100 #
#42635
1!
#42640
0!
b10010101 #
#42645
1!
#42650
0!
b10010110 #
#42655
1!
#42660
0!
b10010111 #
#42665
1!
#42670
0!
b10011000 #
#42675
1!
#42680
0!
b10011001 #
#42685
1!
#42690
0!
b10011010 #
#42695
1!
#42700
0!
b10011011 #
#42705
1!
#42710
0!
b10011100 #
#42715
1!
#42720
0!
b10011101 #
#42725
1!
#42730
0!
b10011110 #
#42735
1!
#42740
0!
b10011111 #
#42745
1!
#42750
0!
b10100000 #
#42755
1!
#42760
0!
b10100001 #
#42765
1!
#42770
0!
b10100010 #
#42775
1!
#42780
0!
b10100011 #
#42785
1!
#42790
0!
b10100100 #
#42795
1!
#42800
0!
b10100101 #
#42805
1!
#42810
0!
b10100110 #
#42815
1!
#42820
0!
b10100111 #
#42825
1!
#42830
0!
b10101000 #
#42835
1!
#42840
0!
b10101001 #
#42845
1!
#42850
0!
b10101010 #
#42855
1!
#42860
0!
b10101011 #
#42865
1!
#42870
0!
b10101100 #
#42875
1!
#42880
0!
b10101101 #
#42885
1!
#42890
0!
b10101110 #
#42895
1!
#42900
0!
b10101111 #
#42905
1!
#42910
0!
b10110000 #
#42915
1!
#42920
0!
b10110001 #
#42925
1!
#42930
0!
b10110010 #
#42935
1!
#42940
0!
b10110011 #
#42945
1!
#42950
0!
b10110100 #
#42955
1!
#42960
0!
b10110101 #
#42965
1!
#42970
0!
b10110110 #
#42975
1!
#42980
0!
b10110111 #
#42985
1!
#42990
0!
b10111000 #
#42995
1!
#43000
0!
b10111001 #
#43005
1!
#43010
0!
b10111010 #
#43015
1!
#43020
0!
b10111011 #
#43025
1!
#43030
0!
b10111100 #
#43035
1!
#43040
0!
b10111101 #
#43045
1!
#43050
0!
b10111110 #
#43055
1!
#43060
0!
b10111111 #
#43065
1!
#43070
0!
b11000000 #
#43075
1!
#43080
0!
b11000001 #
#43085
1!
#43090
0!
b11000010 #
#43095
1!
#43100
0!
b11000011 #
#43105
1!
#43110
0!
b11000100 #
#43115
1!
#43120
0!
b11000101 #
#43125
1!
#43130
0!
b11000110 #
#43135
1!
#43140
0!
b11000111 #
#43145
1!
#43150
0!
b11001000 #
#43155
1!
#43160
0!
b11001001 #
#43165
1!
#43170
0!
b11001010 #
#43175
1!
#43180
0!
b11001011 #
#43185
1!
#43190
0!
b11001100 #
#43195
1!
#43200
0!
b11001101 #
#43205
1!
#43210
0!
b11001110 #
#43215
1!
#43220
0!
b11001111 #
#43225
1!
#43230
0!
b11010000 #
#43235
1!
#43240
0!
b11010001 #
#43245
1!
#43250
0!
b11010010 #
#43255
1!
#43260
0!
b11010011 #
#43265
1!
#43270
0!
b11010100 #
#43275
1!
#43280
0!
b11010101 #
#43285
1!
#43290
0!
b11010110 #
#43295
1!
#43300
0!
b11010111 #
#43305
1!
#43310
0!
b11011000 #
#43315
1!
#43320
0!
b11011001 #
#43325
1!
#43330
0!
b11011010 #
#43335
1!
#43340
0!
b11011011 #
#43345
1!
#43350
0!
b11011100 #
#43355
1!
#43360
0!
b11011101 #
#43365
1!
#43370
0!
b11011110 #
#43375
1!
#43380
0!
b11011111 #
#43385
1!
#43390
0!
b11100000 #
#43395
1!
#43400
0!
b11100001 #
#43405
1!
#43410
0!
b11100010 #
#43415
1!
#43420
0!
b11100011 #
#43425
1!
#43430
0!
b11100100 #
#43435
1!
#43440
0!
b11100101 #
#43445
1!
#43450
0!
b11100110 #
#43455
1!
#43460
0!
b11100111 #
#43465
1!
#43470
0!
b11101000 #
#43475
1!
#43480
0!
b11101001 #
#43485
1!
#43490
0!
b11101010 #
#43495
1!
#43500
0!
b11101011 #
#43505
1!
#43510
0!
b11101100 #
#43515
1!
#43520
0!
b11101101 #
#43525
1!
#43530
0!
b11101110 #
#43535
1!
#43540
0!
b11101111 #
#43545
1!
#43550
0!
b11110000 #
#43555
1!
#43560
0!
b11110001 #
#43565
1!
#43570
0!
b11110010 #
#43575
1!
#43580
0!
b11110011 #
#43585
1!
#43590
0!
b11110100 #
#43595
1!
#43600
0!
b11110101 #
#43605
1!
#43610
0!
b11110110 #
#43615
1!
#43620
0!
b11110111 #
#43625
1!
#43630
0!
b11111000 #
#43635
1!
#43640
0!
b11111001 #
#43645
1!
#43650
0!
b11111010 #
#43655
1!
#43660
0!
b11111011 #
#43665
1!
#43670
0!
b11111100 #
#43675
1!
#43680
0!
b11111101 #
#43685
1!
#43690
0!
b11111110 #
#43695
1!
#43700
0!
b11111111 #
#43705
1!
#43710
0!
b00000000 #
#43715
1!
#43720
0!
b00000001 #
#43725
1!
#43730
0!
b00000010 #
#43735
1!
#43740
0!
b00000011 #
#43745
1!
#43750
0!
b00000100 #
#43755
1!
#43760
0!
b00000101 #
#43765
1!
#43770
0!
b00000110 #
#43775
1!
#43780
0!
b00000111 #
#43785
1!
#43790
0!
b00001000 #
#43795
1!
#43800
0!
b00001001 #
#43805
1!
#43810
0!
b00001010 #
#43815
1!
#43820
0!
b00001011 #
#43825
1!
#43830
0!
b00001100 #
#43835
1!
#43840
0!
b00001101 #
#43845
1!
#43850
0!
b00001110 #
#43855
1!
#43860
0!
b00001111 #
#43865
1!
#43870
0!
b00010000 #
#43875
1!
#43880
0!
b00010001 #
#43885
1!
#43890
0!
b00010010 #
#43895
1!
#43900
0!
b00010011 #
#43905
1!
#43910
0!
b00010100 #
#43915
1!
#43920
0!
b00010101 #
#43925
1!
#43930
0!
b00010110 #
#43935
1!
#43940
0!
b00010111 #
#43945
1!
#43950
0!
b00011000 #
#43955
1!
#43960
0!
b00011001 #
#43965
1!
#43970
0!
b00011010 #
#43975
1!
#43980
0!
b00011011 #
#43985
1!
#43990
0!
b00011100 #
#43995
1!
#44000
0!
b00011101 #
#44005
1!
#44010
0!
b00011110 #
#44015
1!
#44020
0!
b00011111 #
#44025
1!
#44030
0!
b00100000 #
#44035
1!
#44040
0!
b00100001 #
#44045
1!
#44050
0!
b00100010 #
#44055
1!
#44060
0!
b00100011 #
#44065
1!
#44070
0!
b00100100 #
#44075
1!
#44080
0!
b00100101 #
#44085
1!
#44090
0!
b00100110 #
#44095
1!
#44100
0!
b00100111 #
#44105
1!
#44110
0!
b00101000 #
#44115
1!
#44120
0!
b00101001 #
#44125
1!
#44130
0!
b00101010 #
#44135
1!
#44140
0!
b00101011 #
#44145
1!
#44150
0!
b00101100 #
#44155
1!
#44160
0!
b00101101 #
#44165
1!
#44170
0!
b00101110 #
#44175
1!
#44180
0!
b00101111 #
#44185
1!
#44190
0!
b00110000 #
#44195
1!
#44200
0!
b00110001 #
#44205
1!
#44210
0!
b00110010 #
#44215
1!
#44220
0!
b00110011 #
#44225
1!
#44230
0!
b00110100 #
#44235
1!
#44240
0!
b00110101 #
#44245
1!
#44250
0!
b00110110 #
#44255
1!
#44260
0!
b00110111 #
#44265
1!
#44270
0!
b00111000 #
#44275
1!
#44280
0!
b00111001 #
#44285
1!
#44290
0!
b00111010 #
#44295
1!
#44300
0!
b00111011 #
#44305
1!
#44310
0!
b00111100 #
#44315
1!
#44320
0!
b00111101 #
#44325
1!
#44330
0!
b00111110 #
#44335
1!
#44340
0!
b00111111 #
#44345
1!
#44350
0!
b01000000 #
#44355
1!
#44360
0!
b01000001 #
#44365
1!
#44370
0!
b01000010 #
#44375
1!
#44380
0!
b01000011 #
#44385
1!
#44390
0!
b01000100 #
#44395
1!
#44400
0!
b01000101 #
#44405
1!
#44410
0!
b01000110 #
#44415
1!
#44420
0!
b01000111 #
#44425
1!
#44430
0!
b01001000 #
#44435
1!
#44440
0!
b01001001 #
#44445
1!
#44450
0!
b01001010 #
#44455
1!
#44460
0!
b01001011 #
#44465
1!
#44470
0!
b01001100 #
#44475
1!
#44480
0!
b01001101 #
#44485
1!
#44490
0!
b01001110 #
#44495
1!
#44500
0!
b01001111 #
#44505
1!
#44510
0!
b01010000 #
#44515
1!
#44520
0!
b01010001 #
#44525
1!
#44530
0!
b01010010 #
#44535
1!
#44540
0!
b01010011 #
#44545
1!
#44550
0!
b01010100 #
#44555
1!
#44560
0!
b01010101 #
#44565
1!
#44570
0!
b01010110 #
#44575
1!
#44580
0!
b01010111 #
#44585
1!
#44590
0!
b01011000 #
#44595
1!
#44600
0!
b01011001 #
#44605
1!
#44610
0!
b01011010 #
#44615
1!
#44620
0!
b01011011 #
#44625
1!
#44630
0!
b01011100 #
#44635
1!
#44640
0!
b01011101 #
#44645
1!
#44650
0!
b01011110 #
#44655
1!
#44660
0!
b01011111 #
#44665
1!
#44670
0!
b01100000 #
#44675
1!
#44680
0!
b01100001 #
#44685
1!
#44690
0!
b01100010 #
#44695
1!
#44700
0!
b01100011 #
#44705
1!
#44710
0!
b01100100 #
#44715
1!
#44720
0!
b01100101 #
#44725
1!
#44730
0!
b01100110 #
#44735
1!
#44740
0!
b01100111 #
#44745
1!
#44750
0!
b01101000 #
#44755
1!
#44760
0!
b01101001 #
#44765
1!
#44770
0!
b01101010 #
#44775
1!
#44780
0!
b01101011 #
#44785
1!
#44790
0!
b01101100 #
#44795
1!
#44800
0!
b01101101 #
#44805
1!
#44810
0!
b01101110 #
#44815
1!
#44820
0!
b01101111 #
#44825
1!
#44830
0!
b01110000 #
#44835
1!
#44840
0!
b01110001 #
#44845
1!
#44850
0!
b01110010 #
#44855
1!
#44860
0!
b01110011 #
#44865
1!
#44870
0!
b01110100 #
#44875
1!
#44880
0!
b01110101 #
#44885
1!
#44890
0!
b01110110 #
#44895
1!
#44900
0!
b01110111 #
#44905
1!
#44910
0!
b01111000 #
#44915
1!
#44920
0!
b01111001 #
#44925
1!
#44930
0!
b01111010 #
#44935
1!
#44940
0!
b01111011 #
#44945
1!
#44950
0!
b01111100 #
#44955
1!
#44960
0!
b01111101 #
#44965
1!
#44970
0!
b01111110 #
#44975
1!
#44980
0!
b01111111 #
#44985
1!
#44990
0!
b10000000 #
#44995
1!
#45000
0!
b10000001 #
#45005
1!
#45010
0!
b10000010 #
#45015
1!
#45020
0!
b10000011 #
#45025
1!
#45030
0!
b10000100 #
#45035
1!
#45040
0!
b10000101 #
#45045
1!
#45050
0!
b10000110 #
#45055
1!
#45060
0!
b10000111 #
#45065
1!
#45070
0!
b10001000 #
#45075
1!
#45080
0!
b10001001 #
#45085
1!
#45090
0!
b10001010 #
#45095
1!
#45100
0!
b10001011 #
#45105
1!
#45110
0!
b10001100 #
#45115
1!
#45120
0!
b10001101 #
#45125
1!
#45130
0!
b10001110 #
#45135
1!
#45140
0!
b10001111 #
#45145
1!
#45150
0!
b10010000 #
#45155
1!
#45160
0!
b10010001 #
#45165
1!
#45170
0!
b10010010 #
#45175
1!
#45180
0!
b10010011 #
#45185
1!
#45190
0!
b10010100 #
#45195
1!
#45200
0!
b10010101 #
#45205
1!
#45210
0!
b10010110 #
#45215
1!
#45220
0!
b10010111 #
#45225
1!
#45230
0!
b10011000 #
#45235
1!
#45240
0!
b10011001 #
#45245
1!
#45250
0!
b10011010 #
#45255
1!
#45260
0!
b10011011 #
#45265
1!
#45270
0!
b10011100 #
#45275
1!
#45280
0!
b10011101 #
#45285
1!
#45290
0!
b10011110 #
#45295
1!
#45300
0!
b10011111 #
#45305
1!
#45310
0!
b10100000 #
#45315
1!
#45320
0!
b10100001 #
#45325
1!
#45330
0!
b10100010 #
#45335
1!
#45340
0!
b10100011 #
#45345
1!
#45350
0!
b10100100 #
#45355
1!
#45360
0!
b10100101 #
#45365
1!
#45370
0!
b10100110 #
#45375
1!
#45380
0!
b10100111 #
#45385
1!
#45390
0!
b10101000 #
#45395
1!
#45400
0!
b10101001 #
#45405
1!
#45410
0!
b10101010 #
#45415
1!
#45420
0!
b10101011 #
#45425
1!
#45430
0!
b10101100 #
#45435
1!
#45440
0!
b10101101 #
#45445
1!
#45450
0!
b10101110 #
#45455
1!
#45460
0!
b10101111 #
#45465
1!
#45470
0!
b10110000 #
#45475
1!
#45480
0!
b10110001 #
#45485
1!
#45490
0!
b10110010 #
#45495
1!
#45500
0!
b10110011 #
#45505
1!
#45510
0!
b10110100 #
#45515
1!
#45520
0!
b10110101 #
#45525
1!
#45530
0!
b10110110 #
#45535
1!
#45540
0!
b10110111 #
#45545
1!
#45550
0!
b10111000 #
#45555
1!
#45560
0!
b10111001 #
#45565
1!
#45570
0!
b10111010 #
#45575
1!
#45580
0!
b10111011 #
#45585
1!
#45590
0!
b10111100 #
#45595
1!
#45600
0!
b10111101 #
#45605
1!
#45610
0!
b10111110 #
#45615
1!
#45620
0!
b10111111 #
#45625
1!
#45630
0!
b11000000 #
#45635
1!
#45640
0!
b11000001 #
#45645
1!
#45650
0!
b11000010 #
#45655
1!
#45660
0!
b11000011 #
#45665
1!
#45670
0!
b11000100 #
#45675
1!
#45680
0!
b11000101 #
#45685
1!
#45690
0!
b11000110 #
#45695
1!
#45700
0!
b11000111 #
#45705
1!
#45710
0!
b11001000 #
#45715
1!
#45720
0!
b11001001 #
#45725
1!
#45730
0!
b11001010 #
#45735
1!
#45740
0!
b11001011 #
#45745
1!
#45750
0!
b11001100 #
#45755
1!
#45760
0!
b11001101 #
#45765
1!
#45770
0!
b11001110 #
#45775
1!
#45780
0!
b11001111 #
#45785
1!
#45790
0!
b11010000 #
#45795
1!
#45800
0!
b11010001 #
#45805
1!
#45810
0!
b11010010 #
#45815
1!
#45820
0!
b11010011 #
#45825
1!
#45830
0!
b11010100 #
#45835
1!
#45840
0!
b11010101 #
#45845
1!
#45850
0!
b11010110 #
#45855
1!
#45860
0!
b11010111 #
#45865
1!
#45870
0!
b11011000 #
#45875
1!
#45880
0!
b11011001 #
#45885
1!
#45890
0!
b11011010 #
#45895
1!
#45900
0!
b11011011 #
#45905
1!
#45910
0!
b11011100 #
#45915
1!
#45920
0!
b11011101 #
#45925
1!
#45930
0!
b11011110 #
#45935
1!
#45940
0!
b11011111 #
#45945
1!
#45950
0!
b11100000 #
#45955
1!
#45960
0!
b11100001 #
#45965
1!
#45970
0!
b11100010 #
#45975
1!
#45980
0!
b11100011 #
#45985
1!
#45990
0!
b11100100 #
#45995
1!
#46000
0!
b11100101 #
#46005
1!
#46010
0!
b11100110 #
#46015
1!
#46020
0!
b11100111 #
#46025
1!
#46030
0!
b11101000 #
#46035
1!
#46040
0!
b11101001 #
#46045
1!
#46050
0!
b11101010 #
#46055
1!
#46060
0!
b11101011 #
#46065
1!
#46070
0!
b11101100 #
#46075
1!
#46080
0!
b11101101 #
#46085
1!
#46090
0!
b11101110 #
#46095
1!
#46100
0!
b11101111 #
#46105
1!
#46110
0!
b11110000 #
#46115
1!
#46120
0!
b11110001 #
#46125
1!
#46130
0!
b11110010 #
#46135
1!
#46140
0!
b11110011 #
#46145
1!
#46150
0!
b11110100 #
#46155
1!
#46160
0!
b11110101 #
#46165
1!
#46170
0!
b11110110 #
#46175
1!
#46180
0!
b11110111 #
#46185
1!
#46190
0!
b11111000 #
#46195
1!
#46200
0!
b11111001 #
#46205
1!
#46210
0!
b11111010 #
#46215
1!
#46220
0!
b11111011 #
#46225
1!
#46230
0!
b11111100 #
#46235
1!
#46240
0!
b11111101 #
#46245
1!
#46250
0!
b11111110 #
#46255
1!
#46260
0!
b11111111 #
#46265
1!
#46270
0!
b00000000 #
#46275
1!
#46280
0!
b00000001 #
#46285
1!
#46290
0!
b00000010 #
#46295
1!
#46300
0!
b00000011 #
#46305
1!
#46310
0!
b00000100 #
#46315
1!
#46320
0!
b00000101 #
#46325
1!
#46330
0!
b00000110 #
#46335
1!
#46340
0!
b00000111 #
#46345
1!
#46350
0!
b00001000 #
#46355
1!
#46360
0!
b00001001 #
#46365
1!
#46370
0!
b00001010 #
#46375
1!
#46380
0!
b00001011 #
#46385
1!
#46390
0!
b00001100 #
#46395
1!
#46400
0!
b00001101 #
#46405
1!
#46410
0!
b00001110 #
#46415
1!
#46420
0!
b00001111 #
#46425
1!
#46430
0!
b00010000 #
#46435
1!
#46440
0!
b00010001 #
#46445
1!
#46450
0!
b00010010 #
#46455
1!
#46460
0!
b00010011 #
#46465
1!
#46470
0!
b00010100 #
#46475
1!
#46480
0!
b00010101 #
#46485
1!
#46490
0!
b00010110 #
#46495
1!
#46500
0!
b00010111 #
#46505
1!
#46510
0!
b00011000 #
#46515
1!
#46520
0!
b00011001 #
#46525
1!
#46530
0!
b00011010 #
#46535
1!
#46540
0!
b00011011 #
#46545
1!
#46550
0!
b00011100 #
#46555
1!
#46560
0!
b00011101 #
#46565
1!
#46570
0!
b00011110 #
#46575
1!
#46580
0!
b00011111 #
#46585
1!
#46590
0!
b00100000 #
#46595
1!
#46600
0!
b00100001 #
#46605
1!
#46610
0!
b00100010 #
#46615
1!
#46620
0!
b00100011 #
#46625
1!
#46630
0!
b00100100 #
#46635
1!
#46640
0!
b00100101 #
#46645
1!
#46650
0!
b00100110 #
#46655
1!
#46660
0!
b00100111 #
#46665
1!
#46670
0!
b00101000 #
#46675
1!
#46680
0!
b00101001 #
#46685
1!
#46690
0!
b00101010 #
#46695
1!
#46700
0!
b00101011 #
#46705
1!
#46710
0!
b00101100 #
#46715
1!
#46720
0!
b00101101 #
#46725
1!
#46730
0!
b00101110 #
#46735
1!
#46740
0!
b00101111 #
#46745
1!
#46750
0!
b00110000 #
#46755
1!
#46760
0!
b00110001 #
#46765
1!
#46770
0!
b00110010 #
#46775
1!
#46780
0!
b00110011 #
#46785
1!
#46790
0!
b00110100 #
#46795
1!
#46800
0!
b00110101 #
#46805
1!
#46810
0!
b00110110 #
#46815
1!
#46820
0!
b00110111 #
#46825
1!
#46830
0!
b00111000 #
#46835
1!
#46840
0!
b00111001 #
#46845
1!
#46850
0!
b00111010 #
#46855
1!
#46860
0!
b00111011 #
#46865
1!
#46870
0!
b00111100 #
#46875
1!
#46880
0!
b00111101 #
#46885
1!
#46890
0!
b00111110 #
#46895
1!
#46900
0!
b00111111 #
#46905
1!
#46910
0!
b01000000 #
#46915
1!
#46920
0!
b01000001 #
#46925
1!
#46930
0!
b01000010 #
#46935
1!
#46940
0!
b01000011 #
#46945
1!
#46950
0!
b01000100 #
#46955
1!
#46960
0!
b01000101 #
#46965
1!
#46970
0!
b01000110 #
#46975
1!
#46980
0!
b01000111 #
#46985
1!
#46990
0!
b01001000 #
#46995
1!
#47000
0!
b01001001 #
#47005
1!
#47010
0!
b01001010 #
#47015
1!
#47020
0!
b01001011 #
#47025
1!
#47030
0!
b01001100 #
#47035
1!
#47040
0!
b01001101 #
#47045
1!
#47050
0!
b01001110 #
#47055
1!
#47060
0!
b01001111 #
#47065
1!
#47070
0!
b01010000 #
#47075
1!
#47080
0!
b01010001 #
#47085
1!
#47090
0!
b01010010 #
#47095
1!
#47100
0!
b01010011 #
#47105
1!
#47110
0!
b01010100 #
#47115
1!
#47120
0!
b01010101 #
#47125
1!
#47130
0!
b01010110 #
#47135
1!
#47140
0!
b01010111 #
#47145
1!
#47150
0!
b01011000 #
#47155
1!
#47160
0!
b01011001 #
#47165
1!
#47170
0!
b01011010 #
#47175
1!
#47180
0!
b01011011 #
#47185
1!
#47190
0!
b01011100 #
#47195
1!
#47200
0!
b01011101 #
#47205
1!
#47210
0!
b01011110 #
#47215
1!
#47220
0!
b01011111 #
#47225
1!
#47230
0!
b01100000 #
#47235
1!
#47240
0!
b01100001 #
#47245
1!
#47250
0!
b01100010 #
#47255
1!
#47260
0!
b01100011 #
#47265
1!
#47270
0!
b01100100 #
#47275
1!
#47280
0!
b01100101 #
#47285
1!
#47290
0!
b01100110 #
#47295
1!
#47300
0!
b01100111 #
#47305
1!
#47310
0!
b01101000 #
#47315
1!
#47320
0!
b01101001 #
#47325
1!
#47330
0!
b01101010 #
#47335
1!
#47340
0!
b01101011 #
#47345
1!
#47350
0!
b01101100 #
#47355
1!
#47360
0!
b01101101 #
#47365
1!
#47370
0!
b01101110 #
#47375
1!
#47380
0!
b01101111 #
#47385
1!
#47390
0!
b01110000 #
#47395
1!
#47400
0!
b01110001 #
#47405
1!
#47410
0!
b01110010 #
#47415
1!
#47420
0!
b01110011 #
#47425
1!
#47430
0!
b01110100 #
#47435
1!
#47440
0!
b01110101 #
#47445
1!
#47450
0!
b01110110 #
#47455
1!
#47460
0!
b01110111 #
#47465
1!
#47470
0!
b01111000 #
#47475
1!
#47480
0!
b01111001 #
#47485
1!
#47490
0!
b01111010 #
#47495
1!
#47500
0!
b01111011 #
#47505
1!
#47510
0!
b01111100 #
#47515
1!
#47520
0!
b01111101 #
#47525
1!
#47530
0!
b01111110 #
#47535
1!
#47540
0!
b01111111 #
#47545
1!
#47550
0!
b10000000 #
#47555
1!
#47560
0!
b10000001 #
#47565
1!
#47570
0!
b10000010 #
#47575
1!
#47580
0!
b10000011 #
#47585
1!
#47590
0!
b10000100 #
#47595
1!
#47600
0!
b10000101 #
#47605
1!
#47610
0!
b10000110 #
#47615
1!
#47620
0!
b10000111 #
#47625
1!
#47630
0!
b10001000 #
#47635
1!
#47640
0!
b10001001 #
#47645
1!
#47650
0!
b10001010 #
#47655
1!
#47660
0!
b10001011 #
#47665
1!
#47670
0!
b10001100 #
#47675
1!
#47680
0!
b10001101 #
#47685
1!
#47690
0!
b10001110 #
#47695
1!
#47700
0!
b10001111 #
#47705
1!
#47710
0!
b10010000 #
#47715
1!
#47720
0!
b10010001 #
#47725
1!
#47730
0!
b10010010 #
#47735
1!
#47740
0!
b10010011 #
#47745
1!
#47750
0!
b10010100 #
#47755
1!
#47760
0!
b10010101 #
#47765
1!
#47770
0!
b10010110 #
#47775
1!
#47780
0!
b10010111 #
#47785
1!
#47790
0!
b10011000 #
#47795
1!
#47800
0!
b10011001 #
#47805
1!
#47810
0!
b10011010 #
#47815
1!
#47820
0!
b10011011 #
#47825
1!
#47830
0!
b10011100 #
#47835
1!
#47840
0!
b10011101 #
#47845
1!
#47850
0!
b10011110 #
#47855
1!
#47860
0!
b10011111 #
#47865
1!
#47870
0!
b10100000 #
#47875
1!
#47880
0!
b10100001 #
#47885
1!
#47890
0!
b10100010 #
#47895
1!
#47900
0!
b10100011 #
#47905
1!
#47910
0!
b10100100 #
#47915
1!
#47920
0!
b10100101 #
#47925
1!
#47930
0!
b10100110 #
#47935
1!
#47940
0!
b10100111 #
#47945
1!
#47950
0!
b10101000 #
#47955
1!
#47960
0!
b10101001 #
#47965
1!
#47970
0!
b10101010 #
#47975
1!
#47980
0!
b10101011 #
#47985
1!
#47990
0!
b10101100 #
#47995
1!
#48000
0!
b10101101 #
#48005
1!
#48010
0!
b10101110 #
#48015
1!
#48020
0!
b10101111 #
#48025
1!
#48030
0!
b10110000 #
#48035
1!
#48040
0!
b10110001 #
#48045
1!
#48050
0!
b10110010 #
#48055
1!
#48060
0!
b10110011 #
#48065
1!
#48070
0!
b10110100 #
#48075
1!
#48080
0!
b10110101 #
#48085
1!
#48090
0!
b10110110 #
#48095
1!
#48100
0!
b10110111 #
#48105
1!
#48110
0!
b10111000 #
#48115
1!
#48120
0!
b10111001 #
#48125
1!
#48130
0!
b10111010 #
#48135
1!
#48140
0!
b10111011 #
#48145
1!
#48150
0!
b10111100 #
#48155
1!
#48160
0!
b10111101 #
#48165
1!
#48170
0!
b10111110 #
#48175
1!
#48180
0!
b10111111 #
#48185
1!
#48190
0!
b11000000 #
#48195
1!
#48200
0!
b11000001 #
#48205
1!
#48210
0!
b11000010 #
#48215
1!
#48220
0!
b11000011 #
#48225
1!
#48230
0!
b11000100 #
#48235
1!
#48240
0!
b11000101 #
#48245
1!
#48250
0!
b11000110 #
#48255
1!
#48260
0!
b11000111 #
#48265
1!
#48270
0!
b11001000 #
#48275
1!
#48280
0!
b11001001 #
#48285
1!
#48290
0!
b11001010 #
#48295
1!
#48300
0!
b11001011 #
#48305
1!
#48310
0!
b11001100 #
#48315
1!
#48320
0!
b11001101 #
#48325
1!
#48330
0!
b11001110 #
#48335
1!
#48340
0!
b11001111 #
#48345
1!
#48350
0!
b11010000 #
#48355
1!
#48360
0!
b11010001 #
#48365
1!
#48370
0!
b11010010 #
#48375
1!
#48380
0!
b11010011 #
#48385
1!
#48390
0!
b11010100 #
#48395
1!
#48400
0!
b11010101 #
#48405
1!
#48410
0!
b11010110 #
#48415
1!
#48420
0!
b11010111 #
#48425
1!
#48430
0!
b11011000 #
#48435
1!
#48440
0!
b11011001 #
#48445
1!
#48450
0!
b11011010 #
#48455
1!
#48460
0!
b11011011 #
#48465
1!
#48470
0!
b11011100 #
#48475
1!
#48480
0!
b11011101 #
#48485
1!
#48490
0!
b11011110 #
#48495
1!
#48500
0!
b11011111 #
#48505
1!
#48510
0!
b11100000 #
#48515
1!
#48520
0!
b11100001 #
#48525
1!
#48530
0!
b11100010 #
#48535
1!
#48540
0!
b11100011 #
#48545
1!
#48550
0!
b11100100 #
#48555
1!
#48560
0!
b11100101 #
#48565
1!
#48570
0!
b11100110 #
#48575
1!
#48580
0!
b11100111 #
#48585
1!
#48590
0!
b11101000 #
#48595
1!
#48600
0!
b11101001 #
#48605
1!
#48610
0!
b11101010 #
#48615
1!
#48620
0!
b11101011 #
#48625
1!
#48630
0!
b11101100 #
#48635
1!
#48640
0!
b11101101 #
#48645
1!
#48650
0!
b11101110 #
#48655
1!
#48660
0!
b11101111 #
#48665
1!
#48670
0!
b11110000 #
#48675
1!
#48680
0!
b11110001 #
#48685
1!
#48690
0!
b11110010 #
#48695
1!
#48700
0!
b11110011 #
#48705
1!
#48710
0!
b11110100 #
#48715
1!
#48720
0!
b11110101 #
#48725
1!
#48730
0!
b11110110 #
#48735
1!
#48740
0!
b11110111 #
#48745
1!
#48750
0!
b11111000 #
#48755
1!
#48760
0!
b11111001 #
#48765
1!
#48770
0!
b11111010 #
#48775
1!
#48780
0!
b11111011 #
#48785
1!
#48790
0!
b11111100 #
#48795
1!
#48800
0!
b11111101 #
#48805
1!
#48810
0!
b11111110 #
#48815
1!
#48820
0!
b11111111 #
#48825
1!
#48830
0!
b00000000 #
#48835
1!
#48840
0!
b00000001 #
#48845
1!
#48850
0!
b00000010 #
#48855
1!
#48860
0!
b00000011 #
#48865
1!
#48870
0!
b00000100 #
#48875
1!
#48880
0!
b00000101 #
#48885
1!
#48890
0!
b00000110 #
#48895
1!
#48900
0!
b00000111 #
#48905
1!
#48910
0!
b00001000 #
#48915
1!
#48920
0!
b00001001 #
#48925
1!
#48930
0!
b00001010 #
#48935
1!
#48940
0!
b00001011 #
#48945
1!
#48950
0!
b00001100 #
#48955
1!
#48960
0!
b00001101 #
#48965
1!
#48970
0!
b00001110 #
#48975
1!
#48980
0!
b00001111 #
#48985
1!
#48990
0!
b00010000 #
#48995
1!
#49000
0!
b00010001 #
#49005
1!
#49010
0!
b00010010 #
#49015
1!
#49020
0!
b00010011 #
#49025
1!
#49030
0!
b00010100 #
#49035
1!
#49040
0!
b00010101 #
#49045
1!
#49050
0!
b00010110 #
#49055
1!
#49060
0!
b00010111 #
#49065
1!
#49070
0!
b00011000 #
#49075
1!
#49080
0!
b00011001 #
#49085
1!
#49090
0!
b00011010 #
#49095
1!
#49100
0!
b00011011 #
#49105
1!
#49110
0!
b00011100 #
#49115
1!
#49120
0!
b00011101 #
#49125
1!
#49130
0!
b00011110 #
#49135
1!
#49140
0!
b00011111 #
#49145
1!
#49150
0!
b00100000 #
#49155
1!
#49160
0!
b00100001 #
#49165
1!
#49170
0!
b00100010 #
#49175
1!
#49180
0!
b00100011 #
#49185
1!
#49190
0!
b00100100 #
#49195
1!
#49200
0!
b00100101 #
#49205
1!
#49210
0!
b00100110 #
#49215
1!
#49220
0!
b00100111 #
#49225
1!
#49230
0!
b00101000 #
#49235
1!
#49240
0!
b00101001 #
#49245
1!
#49250
0!
b00101010 #
#49255
1!
#49260
0!
b00101011 #
#49265
1!
#49270
0!
b00101100 #
#49275
1!
#49280
0!
b00101101 #
#49285
1!
#49290
0!
b00101110 #
#49295
1!
#49300
0!
b00101111 #
#49305
1!
#49310
0!
b00110000 #
#49315
1!
#49320
0!
b00110001 #
#49325
1!
#49330
0!
b00110010 #
#49335
1!
#49340
0!
b00110011 #
#49345
1!
#49350
0!
b00110100 #
#49355
1!
#49360
0!
b00110101 #
#49365
1!
#49370
0!
b00110110 #
#49375
1!
#49380
0!
b00110111 #
#49385
1!
#49390
0!
b00111000 #
#49395
1!
#49400
0!
b00111001 #
#49405
1!
#49410
0!
b00111010 #
#49415
1!
#49420
0!
b00111011 #
#49425
1!
#49430
0!
b00111100 #
#49435
1!
#49440
0!
b00111101 #
#49445
1!
#49450
0!
b00111110 #
#49455
1!
#49460
0!
b00111111 #
#49465
1!
#49470
0!
b01000000 #
#49475
1!
#49480
0!
b01000001 #
#49485
1!
#49490
0!
b01000010 #
#49495
1!
#49500
0!
b01000011 #
#49505
1!
#49510
0!
b01000100 #
#49515
1!
#49520
0!
b01000101 #
#49525
1!
#49530
0!
b01000110 #
#49535
1!
#49540
0!
b01000111 #
#49545
1!
#49550
0!
b01001000 #
#49555
1!
#49560
0!
b01001001 #
#49565
1!
#49570
0!
b01001010 #
#49575
1!
#49580
0!
b01001011 #
#49585
1!
#49590
0!
b01001100 #
#49595
1!
#49600
0!
b01001101 #
#49605
1!
#49610
0!
b01001110 #
#49615
1!
#49620
0!
b01001111 #
#49625
1!
#49630
0!
b01010000 #
#49635
1!
#49640
0!
b01010001 #
#49645
1!
#49650
0!
b01010010 #
#49655
1!
#49660
0!
b01010011 #
#49665
1!
#49670
0!
b01010100 #
#49675
1!
#49680
0!
b01010101 #
#49685
1!
#49690
0!
b01010110 #
#49695
1!
#49700
0!
b01010111 #
#49705
1!
#49710
0!
b01011000 #
#49715
1!
#49720
0!
b01011001 #
#49725
1!
#49730
0!
b01011010 #
#49735
1!
#49740
0!
b01011011 #
#49745
1!
#49750
0!
b01011100 #
#49755
1!
#49760
0!
b01011101 #
#49765
1!
#49770
0!
b01011110 #
#49775
1!
#49780
0!
b01011111 #
#49785
1!
#49790
0!
b01100000 #
#49795
1!
#49800
0!
b01100001 #
#49805
1!
#49810
0!
b01100010 #
#49815
1!
#49820
0!
b01100011 #
#49825
1!
#49830
0!
b01100100 #
#49835
1!
#49840
0!
b01100101 #
#49845
1!
#49850
0!
b01100110 #
#49855
1!
#49860
0!
b01100111 #
#49865
1!
#49870
0!
b01101000 #
#49875
1!
#49880
0!
b01101001 #
#49885
1!
#49890
0!
b01101010 #
#49895
1!
#49900
0!
b01101011 #
#49905
1!
#49910
0!
b01101100 #
#49915
1!
#49920
0!
b01101101 #
#49925
1!
#49930
0!
b01101110 #
#49935
1!
#49940
0!
b01101111 #
#49945
1!
#49950
0!
b01110000 #
#49955
1!
#49960
0!
b01110001 #
#49965
1!
#49970
0!
b01110010 #
#49975
1!
#49980
0!
b01110011 #
#49985
1!
#49990
0!
b01110100 #
#49995
1!
#50000
0!
b01110101 #
#50005
1!
#50010
0!
b01110110 #
#50015
1!
#50020
0!
b01110111 #
#50025
1!
#50030
0!
b01111000 #
#50035
1!
#50040
0!
b01111001 #
#50045
1!
#50050
0!
b01111010 #
#50055
1!
#50060
0!
b01111011 #
#50065
1!
#50070
0!
b01111100 #
#50075
1!
#50080
0!
b01111101 #
#50085
1!
#50090
0!
b01111110 #
#50095
1!
#50100
0!
b01111111 #
#50105
1!
#50110
0!
b10000000 #
#50115
1!
#50120
0!
b10000001 #
#50125
1!
#50130
0!
b10000010 #
#50135
1!
#50140
0!
b10000011 #
#50145
1!
#50150
0!
b10000100 #
#50155
1!
#50160
0!
b10000101 #
#50165
1!
#50170
0!
b10000110 #
#50175
1!
#50180
0!
b10000111 #
#50185
1!
#50190
0!
b10001000 #
#50195
1!
#50200
0!
b10001001 #
#50205
1!
#50210
0!
b10001010 #
#50215
1!
#50220
0!
b10001011 #
#50225
1!
#50230
0!
b10001100 #
#50235
1!
#50240
0!
b10001101 #
#50245
1!
#50250
0!
b10001110 #
#50255
1!
#50260
0!
b10001111 #
#50265
1!
#50270
0!
b10010000 #
#50275
1!
#50280
0!
b10010001 #
#50285
1!
#50290
0!
b10010010 #
#50295
1!
#50300
0!
b10010011 #
#50305
1!
#50310
0!
b10010100 #
#50315
1!
#50320
0!
b10010101 #
#50325
1!
#50330
0!
b10010110 #
#50335
1!
#50340
0!
b10010111 #
#50345
1!
#50350
0!
b10011000 #
#50355
1!
#50360
0!
b10011001 #
#50365
1!
#50370
0!
b10011010 #
#50375
1!
#50380
0!
b10011011 #
#50385
1!
#50390
0!
b10011100 #
#50395
1!
#50400
0!
b10011101 #
#50405
1!
#50410
0!
b10011110 #
#50415
1!
#50420
0!
b10011111 #
#50425
1!
#50430
0!
b10100000 #
#50435
1!
#50440
0!
b10100001 #
#50445
1!
#50450
0!
b10100010 #
#50455
1!
#50460
0!
b10100011 #
#50465
1!
#50470
0!
b10100100 #
#50475
1!
#50480
0!
b10100101 #
#50485
1!
#50490
0!
b10100110 #
#50495
1!
#50500
0!
b10100111 #
#50505
1!
#50510
0!
b10101000 #
#50515
1!
#50520
0!
b10101001 #
#50525
1!
#50530
0!
b10101010 #
#50535
1!
#50540
0!
b10101011 #
#50545
1!
#50550
0!
b10101100 #
#50555
1!
#50560
0!
b10101101 #
#50565
1!
#50570
0!
b10101110 #
#50575
1!
#50580
0!
b10101111 #
#50585
1!
#50590
0!
b10110000 #
#50595
1!
#50600
0!
b10110001 #
#50605
1!
#50610
0!
b10110010 #
#50615
1!
#50620
0!
b10110011 #
#50625
1!
#50630
0!
b10110100 #
#50635
1!
#50640
0!
b10110101 #
#50645
1!
#50650
0!
b10110110 #
#50655
1!
#50660
0!
b10110111 #
#50665
1!
#50670
0!
b10111000 #
#50675
1!
#50680
0!
b10111001 #
#50685
1!
#50690
0!
b10111010 #
#50695
1!
#50700
0!
b10111011 #
#50705
1!
#50710
0!
b10111100 #
#50715
1!
#50720
0!
b10111101 #
#50725
1!
#50730
0!
b10111110 #
#50735
1!
#50740
0!
b10111111 #
#50745
1!
#50750
0!
b11000000 #
#50755
1!
#50760
0!
b11000001 #
#50765
1!
#50770
0!
b11000010 #
#50775
1!
#50780
0!
b11000011 #
#50785
1!
#50790
0!
b11000100 #
#50795
1!
#50800
0!
b11000101 #
#50805
1!
#50810
0!
b11000110 #
#50815
1!
#50820
0!
b11000111 #
#50825
1!
#50830
0!
b11001000 #
#50835
1!
#50840
0!
b11001001 #
#50845
1!
#50850
0!
b11001010 #
#50855
1!
#50860
0!
b11001011 #
#50865
1!
#50870
0!
b11001100 #
#50875
1!
#50880
0!
b11001101 #
#50885
1!
#50890
0!
b11001110 #
#50895
1!
#50900
0!
b11001111 #
#50905
1!
#50910
0!
b11010000 #
#50915
1!
#50920
0!
b11010001 #
#50925
1!
#50930
0!
b11010010 #
#50935
1!
#50940
0!
b11010011 #
#50945
1!
#50950
0!
b11010100 #
#50955
1!
#50960
0!
b11010101 #
#50965
1!
#50970
0!
b11010110 #
#50975
1!
#50980
0!
b11010111 #
#50985
1!
#50990
0!
b11011000 #
#50995
1!
#51000
0!
b11011001 #
#51005
1!
#51010
0!
b11011010 #
#51015
1!
#51020
0!
b11011011 #
#51025
1!
#51030
0!
b11011100 #
#51035
1!
#51040
0!
b11011101 #
#51045
1!
#51050
0!
b11011110 #
#51055
1!
#51060
0!
b11011111 #
#51065
1!
#51070
0!
b11100000 #
#51075
1!
#51080
0!
b11100001 #
#51085
1!
#51090
0!
b11100010 #
#51095
1!
#51100
0!
b11100011 #
#51105
1!
#51110
0!
b11100100 #
#51115
1!
#51120
0!
b11100101 #
#51125
1!
#51130
0!
b11100110 #
#51135
1!
#51140
0!
b11100111 #
#51145
1!
#51150
0!
b11101000 #
#51155
1!
#51160
0!
b11101001 #
#51165
1!
#51170
0!
b11101010 #
#51175
1!
#51180
0!
b11101011 #
#51185
1!
#51190
0!
b11101100 #
#51195
1!
#51200
0!
b11101101 #
#51205
1!
#51210
0!
b11101110 #
#51215
1!
#51220
0!
b11101111 #
#51225
1!
#51230
0!
b11110000 #
#51235
1!
#51240
0!
b11110001 #
#51245
1!
#51250
0!
b11110010 #
#51255
1!
#51260
0!
b11110011 #
#51265
1!
#51270
0!
b11110100 #
#51275
1!
#51280
0!
b11110101 #
#51285
1!
#51290
0!
b11110110 #
#51295
1!
#51300
0!
b11110111 #
#51305
1!
#51310
0!
b11111000 #
#51315
1!
#51320
0!
b11111001 #
#51325
1!
#51330
0!
b11111010 #
#51335
1!
#51340
0!
b11111011 #
#51345
1!
#51350
0!
b11111100 #
#51355
1!
#51360
0!
b11111101 #
#51365
1!
#51370
0!
b11111110 #
#51375
1!
#51380
0!
b11111111 #
#51385
1!
#51390
0!
b00000000 #
#51395
1!
#51400
0!
b00000001 #
#51405
1!
#51410
0!
b00000010 #
#51415
1!
#51420
0!
b00000011 #
#51425
1!
#51430
0!
b00000100 #
#51435
1!
#51440
0!
b00000101 #
#51445
1!
#51450
0!
b00000110 #
#51455
1!
#51460
0!
b00000111 #
#51465
1!
#51470
0!
b00001000 #
#51475
1!
#51480
0!
b00001001 #
#51485
1!
#51490
0!
b00001010 #
#51495
1!
#51500
0!
b00001011 #
#51505
1!
#51510
0!
b00001100 #
#51515
1!
#51520
0!
b00001101 #
#51525
1!
#51530
0!
b00001110 #
#51535
1!
#51540
0!
b00001111 #
#51545
1!
#51550
0!
b00010000 #
#51555
1!
#51560
0!
b00010001 #
#51565
1!
#51570
0!
b00010010 #
#51575
1!
#51580
0!
b00010011 #
#51585
1!
#51590
0!
b00010100 #
#51595
1!
#51600
0!
b00010101 #
#51605
1!
#51610
0!
b00010110 #
#51615
1!
#51620
0!
b00010111 #
#51625
1!
#51630
0!
b00011000 #
#51635
1!
#51640
0!
b00011001 #
#51645
1!
#51650
0!
b00011010 #
#51655
1!
#51660
0!
b00011011 #
#51665
1!
#51670
0!
b00011100 #
#51675
1!
#51680
0!
b00011101 #
#51685
1!
#51690
0!
b00011110 #
#51695
1!
#51700
0!
b00011111 #
#51705
1!
#51710
0!
b00100000 #
#51715
1!
#51720
0!
b00100001 #
#51725
1!
#51730
0!
b00100010 #
#51735
1!
#51740
0!
b00100011 #
#51745
1!
#51750
0!
b00100100 #
#51755
1!
#51760
0!
b00100101 #
#51765
1!
#51770
0!
b00100110 #
#51775
1!
#51780
0!
b00100111 #
#51785
1!
#51790
0!
b00101000 #
#51795
1!
#51800
0!
b00101001 #
#51805
1!
#51810
0!
b00101010 #
#51815
1!
#51820
0!
b00101011 #
#51825
1!
#51830
0!
b00101100 #
#51835
1!
#51840
0!
b00101101 #
#51845
1!
#51850
0!
b00101110 #
#51855
1!
#51860
0!
b00101111 #
#51865
1!
#51870
0!
b00110000 #
#51875
1!
#51880
0!
b00110001 #
#51885
1!
#51890
0!
b00110010 #
#51895
1!
#51900
0!
b00110011 #
#51905
1!
#51910
0!
b00110100 #
#51915
1!
#51920
0!
b00110101 #
#51925
1!
#51930
0!
b00110110 #
#51935
1!
#51940
0!
b00110111 #
#51945
1!
#51950
0!
b00111000 #
#51955
1!
#51960
0!
b00111001 #
#51965
1!
#51970
0!
b00111010 #
#51975
1!
#51980
0!
b00111011 #
#51985
1!
#51990
0!
b00111100 #
#51995
1!
#52000
0!
b00111101 #
#52005
1!
#52010
0!
b00111110 #
#52015
1!
#52020
0!
b00111111 #
#52025
1!
#52030
0!
b01000000 #
#52035
1!
#52040
0!
b01000001 #
#52045
1!
#52050
0!
b01000010 #
#52055
1!
#52060
0!
b01000011 #
#52065
1!
#52070
0!
b01000100 #
#52075
1!
#52080
0!
b01000101 #
#52085
1!
#52090
0!
b01000110 #
#52095
1!
#52100
0!
b01000111 #
#52105
1!
#52110
0!
b01001000 #
#52115
1!
#52120
0!
b01001001 #
#52125
1!
#52130
0!
b01001010 #
#52135
1!
#52140
0!
b01001011 #
#52145
1!
#52150
0!
b01001100 #
#52155
1!
#52160
0!
b01001101 #
#52165
1!
#52170
0!
b01001110 #
#52175
1!
#52180
0!
b01001111 #
#52185
1!
#52190
0!
b01010000 #
#52195
1!
#52200
0!
b01010001 #
#52205
1!
#52210
0!
b01010010 #
#52215
1!
#52220
0!
b01010011 #
#52225
1!
#52230
0!
b01010100 #
#52235
1!
#52240
0!
b01010101 #
#52245
1!
#52250
0!
b01010110 #
#52255
1!
#52260
0!
b01010111 #
#52265
1!
#52270
0!
b01011000 #
#52275
1!
#52280
0!
b01011001 #
#52285
1!
#52290
0!
b01011010 #
#52295
1!
#52300
0!
b01011011 #
#52305
1!
#52310
0!
b01011100 #
#52315
1!
#52320
0!
b01011101 #
#52325
1!
#52330
0!
b01011110 #
#52335
1!
#52340
0!
b01011111 #
#52345
1!
#52350
0!
b01100000 #
#52355
1!
#52360
0!
b01100001 #
#52365
1!
#52370
0!
b01100010 #
#52375
1!
#52380
0!
b01100011 #
#52385
1!
#52390
0!
b01100100 #
#52395
1!
#52400
0!
b01100101 #
#52405
1!
#52410
0!
b01100110 #
#52415
1!
#52420
0!
b01100111 #
#52425
1!
#52430
0!
b01101000 #
#52435
1!
#52440
0!
b01101001 #
#52445
1!
#52450
0!
b01101010 #
#52455
1!
#52460
0!
b01101011 #
#52465
1!
#52470
0!
b01101100 #
#52475
1!
#52480
0!
b01101101 #
#52485
1!
#52490
0!
b01101110 #
#52495
1!
#52500
0!
b01101111 #
#52505
1!
#52510
0!
b01110000 #
#52515
1!
#52520
0!
b01110001 #
#52525
1!
#52530
0!
b01110010 #
#52535
1!
#52540
0!
b01110011 #
#52545
1!
#52550
0!
b01110100 #
#52555
1!
#52560
0!
b01110101 #
#52565
1!
#52570
0!
b01110110 #
#52575
1!
#52580
0!
b01110111 #
#52585
1!
#52590
0!
b01111000 #
#52595
1!
#52600
0!
b01111001 #
#52605
1!
#52610
0!
b01111010 #
#52615
1!
#52620
0!
b01111011 #
#52625
1!
#52630
0!
b01111100 #
#52635
1!
#52640
0!
b01111101 #
#52645
1!
#52650
0!
b01111110 #
#52655
1!
#52660
0!
b01111111 #
#52665
1!
#52670
0!
b10000000 #
#52675
1!
#52680
0!
b10000001 #
#52685
1!
#52690
0!
b10000010 #
#52695
1!
#52700
0!
b10000011 #
#52705
1!
#52710
0!
b10000100 #
#52715
1!
#52720
0!
b10000101 #
#52725
1!
#52730
0!
b10000110 #
#52735
1!
#52740
0!
b10000111 #
#52745
1!
#52750
0!
b10001000 #
#52755
1!
#52760
0!
b10001001 #
#52765
1!
#52770
0!
b10001010 #
#52775
1!
#52780
0!
b10001011 #
#52785
1!
#52790
0!
b10001100 #
#52795
1!
#52800
0!
b10001101 #
#52805
1!
#52810
0!
b10001110 #
#52815
1!
#52820
0!
b10001111 #
#52825
1!
#52830
0!
b10010000 #
#52835
1!
#52840
0!
b10010001 #
#52845
1!
#52850
0!
b10010010 #
#52855
1!
#52860
0!
b10010011 #
#52865
1!
#52870
0!
b10010100 #
#52875
1!
#52880
0!
b10010101 #
#52885
1!
#52890
0!
b10010110 #
#52895
1!
#52900
0!
b10010111 #
#52905
1!
#52910
0!
b10011000 #
#52915
1!
#52920
0!
b10011001 #
#52925
1!
#52930
0!
b10011010 #
#52935
1!
#52940
0!
b10011011 #
#52945
1!
#52950
0!
b10011100 #
#52955
1!
#52960
0!
b10011101 #
#52965
1!
#52970
0!
b10011110 #
#52975
1!
#52980
0!
b10011111 #
#52985
1!
#52990
0!
b10100000 #
#52995
1!
#53000
0!
b10100001 #
#53005
1!
#53010
0!
b10100010 #
#53015
1!
#53020
0!
b10100011 #
#53025
1!
#53030
0!
b10100100 #
#53035
1!
#53040
0!
b10100101 #
#53045
1!
#53050
0!
b10100110 #
#53055
1!
#53060
0!
b10100111 #
#53065
1!
#53070
0!
b10101000 #
#53075
1!
#53080
0!
b10101001 #
#53085
1!
#53090
0!
b10101010 #
#53095
1!
#53100
0!
b10101011 #
#53105
1!
#53110
0!
b10101100 #
#53115
1!
#53120
0!
b10101101 #
#53125
1!
#53130
0!
b10101110 #
#53135
1!
#53140
0!
b10101111 #
#53145
1!
#53150
0!
b10110000 #
#53155
1!
#53160
0!
b10110001 #
#53165
1!
#53170
0!
b10110010 #
#53175
1!
#53180
0!
b10110011 #
#53185
1!
#53190
0!
b10110100 #
#53195
1!
#53200
0!
b10110101 #
#53205
1!
#53210
0!
b10110110 #
#53215
1!
#53220
0!
b10110111 #
#53225
1!
#53230
0!
b10111000 #
#53235
1!
#53240
0!
b10111001 #
#53245
1!
#53250
0!
b10111010 #
#53255
1!
#53260
0!
b10111011 #
#53265
1!
#53270
0!
b10111100 #
#53275
1!
#53280
0!
b10111101 #
#53285
1!
#53290
0!
b10111110 #
#53295
1!
#53300
0!
b10111111 #
#53305
1!
#53310
0!
b11000000 #
#53315
1!
#53320
0!
b11000001 #
#53325
1!
#53330
0!
b11000010 #
#53335
1!
#53340
0!
b11000011 #
#53345
1!
#53350
0!
b11000100 #
#53355
1!
#53360
0!
b11000101 #
#53365
1!
#53370
0!
b11000110 #
#53375
1!
#53380
0!
b11000111 #
#53385
1!
#53390
0!
b11001000 #
#53395
1!
#53400
0!
b11001001 #
#53405
1!
#53410
0!
b11001010 #
#53415
1!
#53420
0!
b11001011 #
#53425
1!
#53430
0!
b11001100 #
#53435
1!
#53440
0!
b11001101 #
#53445
1!
#53450
0!
b11001110 #
#53455
1!
#53460
0!
b11001111 #
#53465
1!
#53470
0!
b11010000 #
#53475
1!
#53480
0!
b11010001 #
#53485
1!
#53490
0!
b11010010 #
#53495
1!
#53500
0!
b11010011 #
#53505
1!
#53510
0!
b11010100 #
#53515
1!
#53520
0!
b11010101 #
#53525
1!
#53530
0!
b11010110 #
#53535
1!
#53540
0!
b11010111 #
#53545
1!
#53550
0!
b11011000 #
#53555
1!
#53560
0!
b11011001 #
#53565
1!
#53570
0!
b11011010 #
#53575
1!
#53580
0!
b11011011 #
#53585
1!
#53590
0!
b11011100 #
#53595
1!
#53600
0!
b11011101 #
#53605
1!
#53610
0!
b11011110 #
#53615
1!
#53620
0!
b11011111 #
#53625
1!
#53630
0!
b11100000 #
#53635
1!
#53640
0!
b11100001 #
#53645
1!
#53650
0!
b11100010 #
#53655
1!
#53660
0!
b11100011 #
#53665
1!
#53670
0!
b11100100 #
#53675
1!
#53680
0!
b11100101 #
#53685
1!
#53690
0!
b11100110 #
#53695
1!
#53700
0!
b11100111 #
#53705
1!
#53710
0!
b11101000 #
#53715
1!
#53720
0!
b11101001 #
#53725
1!
#53730
0!
b11101010 #
#53735
1!
#53740
0!
b11101011 #
#53745
1!
#53750
0!
b11101100 #
#53755
1!
#53760
0!
b11101101 #
#53765
1!
#53770
0!
b11101110 #
#53775
1!
#53780
0!
b11101111 #
#53785
1!
#53790
0!
b11110000 #
#53795
1!
#53800
0!
b11110001 #
#53805
1!
#53810
0!
b11110010 #
#53815
1!
#53820
0!
b11110011 #
#53825
1!
#53830
0!
b11110100 #
#53835
1!
#53840
0!
b11110101 #
#53845
1!
#53850
0!
b11110110 #
#53855
1!
#53860
0!
b11110111 #
#53865
1!
#53870
0!
b11111000 #
#53875
1!
#53880
0!
b11111001 #
#53885
1!
#53890
0!
b11111010 #
#53895
1!
#53900
0!
b11111011 #
#53905
1!
#53910
0!
b11111100 #
#53915
1!
#53920
0!
b11111101 #
#53925
1!
#53930
0!
b11111110 #
#53935
1!
#53940
0!
b11111111 #
#53945
1!
#53950
0!
b00000000 #
#53955
1!
#53960
0!
b00000001 #
#53965
1!
#53970
0!
b00000010 #
#53975
1!
#53980
0!
b00000011 #
#53985
1!
#53990
0!
b00000100 #
#53995
1!
#54000
0!
b00000101 #
#54005
1!
#54010
0!
b00000110 #
#54015
1!
#54020
0!
b00000111 #
#54025
1!
#54030
0!
b00001000 #
#54035
1!
#54040
0!
b00001001 #
#54045
1!
#54050
0!
b00001010 #
#54055
1!
#54060
0!
b00001011 #
#54065
1!
#54070
0!
b00001100 #
#54075
1!
#54080
0!
b00001101 #
#54085
1!
#54090
0!
b00001110 #
#54095
1!
#54100
0!
b00001111 #
#54105
1!
#54110
0!
b00010000 #
#54115
1!
#54120
0!
b00010001 #
#54125
1!
#54130
0!
b00010010 #
#54135
1!
#54140
0!
b00010011 #
#54145
1!
#54150
0!
b00010100 #
#54155
1!
#54160
0!
b00010101 #
#54165
1!
#54170
0!
b00010110 #
#54175
1!
#54180
0!
b00010111 #
#54185
1!
#54190
0!
b00011000 #
#54195
1!
#54200
0!
b00011001 #
#54205
1!
#54210
0!
b00011010 #
#54215
1!
#54220
0!
b00011011 #
#54225
1!
#54230
0!
b00011100 #
#54235
1!
#54240
0!
b00011101 #
#54245
1!
#54250
0!
b00011110 #
#54255
1!
#54260
0!
b00011111 #
#54265
1!
#54270
0!
b00100000 #
#54275
1!
#54280
0!
b00100001 #
#54285
1!
#54290
0!
b00100010 #
#54295
1!
#54300
0!
b00100011 #
#54305
1!
#54310
0!
b00100100 #
#54315
1!
#54320
0!
b00100101 #
#54325
1!
#54330
0!
b00100110 #
#54335
1!
#54340
0!
b00100111 #
#54345
1!
#54350
0!
b00101000 #
#54355
1!
#54360
0!
b00101001 #
#54365
1!
#54370
0!
b00101010 #
#54375
1!
#54380
0!
b00101011 #
#54385
1!
#54390
0!
b00101100 #
#54395
1!
#54400
0!
b00101101 #
#54405
1!
#54410
0!
b00101110 #
#54415
1!
#54420
0!
b00101111 #
#54425
1!
#54430
0!
b00110000 #
#54435
1!
#54440
0!
b00110001 #
#54445
1!
#54450
0!
b00110010 #
#54455
1!
#54460
0!
b00110011 #
#54465
1!
#54470
0!
b00110100 #
#54475
1!
#54480
0!
b00110101 #
#54485
1!
#54490
0!
b00110110 #
#54495
1!
#54500
0!
b00110111 #
#54505
1!
#54510
0!
b00111000 #
#54515
1!
#54520
0!
b00111001 #
#54525
1!
#54530
0!
b00111010 #
#54535
1!
#54540
0!
b00111011 #
#54545
1!
#54550
0!
b00111100 #
#54555
1!
#54560
0!
b00111101 #
#54565
1!
#54570
0!
b00111110 #
#54575
1!
#54580
0!
b00111111 #
#54585
1!
#54590
0!
b01000000 #
#54595
1!
#54600
0!
b01000001 #
#54605
1!
#54610
0!
b01000010 #
#54615
1!
#54620
0!
b01000011 #
#54625
1!
#54630
0!
b01000100 #
#54635
1!
#54640
0!
b01000101 #
#54645
1!
#54650
0!
b01000110 #
#54655
1!
#54660
0!
b01000111 #
#54665
1!
#54670
0!
b01001000 #
#54675
1!
#54680
0!
b01001001 #
#54685
1!
#54690
0!
b01001010 #
#54695
1!
#54700
0!
b01001011 #
#54705
1!
#54710
0!
b01001100 #
#54715
1!
#54720
0!
b01001101 #
#54725
1!
#54730
0!
b01001110 #
#54735
1!
#54740
0!
b01001111 #
#54745
1!
#54750
0!
b01010000 #
#54755
1!
#54760
0!
b01010001 #
#54765
1!
#54770
0!
b01010010 #
#54775
1!
#54780
0!
b01010011 #
#54785
1!
#54790
0!
b01010100 #
#54795
1!
#54800
0!
b01010101 #
#54805
1!
#54810
0!
b01010110 #
#54815
1!
#54820
0!
b01010111 #
#54825
1!
#54830
0!
b01011000 #
#54835
1!
#54840
0!
b01011001 #
#54845
1!
#54850
0!
b01011010 #
#54855
1!
#54860
0!
b01011011 #
#54865
1!
#54870
0!
b01011100 #
#54875
1!
#54880
0!
b01011101 #
#54885
1!
#54890
0!
b01011110 #
#54895
1!
#54900
0!
b01011111 #
#54905
1!
#54910
0!
b01100000 #
#54915
1!
#54920
0!
b01100001 #
#54925
1!
#54930
0!
b01100010 #
#54935
1!
#54940
0!
b01100011 #
#54945
1!
#54950
0!
b01100100 #
#54955
1!
#54960
0!
b01100101 #
#54965
1!
#54970
0!
b01100110 #
#54975
1!
#54980
0!
b01100111 #
#54985
1!
#54990
0!
b01101000 #
#54995
1!
#55000
0!
b01101001 #
#55005
1!
#55010
0!
b01101010 #
#55015
1!
#55020
0!
b01101011 #
#55025
1!
#55030
0!
b01101100 #
#55035
1!
#55040
0!
b01101101 #
#55045
1!
#55050
0!
b01101110 #
#55055
1!
#55060
0!
b01101111 #
#55065
1!
#55070
0!
b01110000 #
#55075
1!
#55080
0!
b01110001 #
#55085
1!
#55090
0!
b01110010 #
#55095
1!
#55100
0!
b01110011 #
#55105
1!
#55110
0!
b01110100 #
#55115
1!
#55120
0!
b01110101 #
#55125
1!
#55130
0!
b01110110 #
#55135
1!
#55140
0!
b01110111 #
#55145
1!
#55150
0!
b01111000 #
#55155
1!
#55160
0!
b01111001 #
#55165
1!
#55170
0!
b01111010 #
#55175
1!
#55180
0!
b01111011 #
#55185
1!
#55190
0!
b01111100 #
#55195
1!
#55200
0!
b01111101 #
#55205
1!
#55210
0!
b01111110 #
#55215
1!
#55220
0!
b01111111 #
#55225
1!
#55230
0!
b10000000 #
#55235
1!
#55240
0!
b10000001 #
#55245
1!
#55250
0!
b10000010 #
#55255
1!
#55260
0!
b10000011 #
#55265
1!
#55270
0!
b10000100 #
#55275
1!
#55280
0!
b10000101 #
#55285
1!
#55290
0!
b10000110 #
#55295
1!
#55300
0!
b10000111 #
#55305
1!
#55310
0!
b10001000 #
#55315
1!
#55320
0!
b10001001 #
#55325
1!
#55330
0!
b10001010 #
#55335
1!
#55340
0!
b10001011 #
#55345
1!
#55350
0!
b10001100 #
#55355
1!
#55360
0!
b10001101 #
#55365
1!
#55370
0!
b10001110 #
#55375
1!
#55380
0!
b10001111 #
#55385
1!
#55390
0!
b10010000 #
#55395
1!
#55400
0!
b10010001 #
#55405
1!
#55410
0!
b10010010 #
#55415
1!
#55420
0!
b10010011 #
#55425
1!
#55430
0!
b10010100 #
#55435
1!
#55440
0!
b10010101 #
#55445
1!
#55450
0!
b10010110 #
#55455
1!
#55460
0!
b10010111 #
#55465
1!
#55470
0!
b10011000 #
#55475
1!
#55480
0!
b10011001 #
#55485
1!
#55490
0!
b10011010 #
#55495
1!
#55500
0!
b10011011 #
#55505
1!
#55510
0!
b10011100 #
#55515
1!
#55520
0!
b10011101 #
#55525
1!
#55530
0!
b10011110 #
#55535
1!
#55540
0!
b10011111 #
#55545
1!
#55550
0!
b10100000 #
#55555
1!
#55560
0!
b10100001 #
#55565
1!
#55570
0!
b10100010 #
#55575
1!
#55580
0!
b10100011 #
#55585
1!
#55590
0!
b10100100 #
#55595
1!
#55600
0!
b10100101 #
#55605
1!
#55610
0!
b10100110 #
#55615
1!
#55620
0!
b10100111 #
#55625
1!
#55630
0!
b10101000 #
#55635
1!
#55640
0!
b10101001 #
#55645
1!
#55650
0!
b10101010 #
#55655
1!
#55660
0!
b10101011 #
#55665
1!
#55670
0!
b10101100 #
#55675
1!
#55680
0!
b10101101 #
#55685
1!
#55690
0!
b10101110 #
#55695
1!
#55700
0!
b10101111 #
#55705
1!
#55710
0!
b10110000 #
#55715
1!
#55720
0!
b10110001 #
#55725
1!
#55730
0!
b10110010 #
#55735
1!
#55740
0!
b10110011 #
#55745
1!
#55750
0!
b10110100 #
#55755
1!
#55760
0!
b10110101 #
#55765
1!
#55770
0!
b10110110 #
#55775
1!
#55780
0!
b10110111 #
#55785
1!
#55790
0!
b10111000 #
#55795
1!
#55800
0!
b10111001 #
#55805
1!
#55810
0!
b10111010 #
#55815
1!
#55820
0!
b10111011 #
#55825
1!
#55830
0!
b10111100 #
#55835
1!
#55840
0!
b10111101 #
#55845
1!
#55850
0!
b10111110 #
#55855
1!
#55860
0!
b10111111 #
#55865
1!
#55870
0!
b11000000 #
#55875
1!
#55880
0!
b11000001 #
#55885
1!
#55890
0!
b11000010 #
#55895
1!
#55900
0!
b11000011 #
#55905
1!
#55910
0!
b11000100 #
#55915
1!
#55920
0!
b11000101 #
#55925
1!
#55930
0!
b11000110 #
#55935
1!
#55940
0!
b11000111 #
#55945
1!
#55950
0!
b11001000 #
#55955
1!
#55960
0!
b11001001 #
#55965
1!
#55970
0!
b11001010 #
#55975
1!
#55980
0!
b11001011 #
#55985
1!
#55990
0!
b11001100 #
#55995
1!
#56000
0!
b11001101 #
#56005
1!
#56010
0!
b11001110 #
#56015
1!
#56020
0!
b11001111 #
#56025
1!
#56030
0!
b11010000 #
#56035
1!
#56040
0!
b11010001 #
#56045
1!
#56050
0!
b11010010 #
#56055
1!
#56060
0!
b11010011 #
#56065
1!
#56070
0!
b11010100 #
#56075
1!
#56080
0!
b11010101 #
#56085
1!
#56090
0!
b11010110 #
#56095
1!
#56100
0!
b11010111 #
#56105
1!
#56110
0!
b11011000 #
#56115
1!
#56120
0!
b11011001 #
#56125
1!
#56130
0!
b11011010 #
#56135
1!
#56140
0!
b11011011 #
#56145
1!
#56150
0!
b11011100 #
#56155
1!
#56160
0!
b11011101 #
#56165
1!
#56170
0!
b11011110 #
#56175
1!
#56180
0!
b11011111 #
#56185
1!
#56190
0!
b11100000 #
#56195
1!
#56200
0!
b11100001 #
#56205
1!
#56210
0!
b11100010 #
#56215
1!
#56220
0!
b11100011 #
#56225
1!
#56230
0!
b11100100 #
#56235
1!
#56240
0!
b11100101 #
#56245
1!
#56250
0!
b11100110 #
#56255
1!
#56260
0!
b11100111 #
#56265
1!
#56270
0!
b11101000 #
#56275
1!
#56280
0!
b11101001 #
#56285
1!
#56290
0!
b11101010 #
#56295
1!
#56300
0!
b11101011 #
#56305
1!
#56310
0!
b11101100 #
#56315
1!
#56320
0!
b11101101 #
#56325
1!
#56330
0!
b11101110 #
#56335
1!
#56340
0!
b11101111 #
#56345
1!
#56350
0!
b11110000 #
#56355
1!
#56360
0!
b11110001 #
#56365
1!
#56370
0!
b11110010 #
#56375
1!
#56380
0!
b11110011 #
#56385
1!
#56390
0!
b11110100 #
#56395
1!
#56400
0!
b11110101 #
#56405
1!
#56410
0!
b11110110 #
#56415
1!
#56420
0!
b11110111 #
#56425
1!
#56430
0!
b11111000 #
#56435
1!
#56440
0!
b11111001 #
#56445
1!
#56450
0!
b11111010 #
#56455
1!
#56460
0!
b11111011 #
#56465
1!
#56470
0!
b11111100 #
#56475
1!
#56480
0!
b11111101 #
#56485
1!
#56490
0!
b11111110 #
#56495
1!
#56500
0!
b11111111 #
#56505
1!
#56510
0!
b00000000 #
#56515
1!
#56520
0!
b00000001 #
#56525
1!
#56530
0!
b00000010 #
#56535
1!
#56540
0!
b00000011 #
#56545
1!
#56550
0!
b00000100 #
#56555
1!
#56560
0!
b00000101 #
#56565
1!
#56570
0!
b00000110 #
#56575
1!
#56580
0!
b00000111 #
#56585
1!
#56590
0!
b00001000 #
#56595
1!
#56600
0!
b00001001 #
#56605
1!
#56610
0!
b00001010 #
#56615
1!
#56620
0!
b00001011 #
#56625
1!
#56630
0!
b00001100 #
#56635
1!
#56640
0!
b00001101 #
#56645
1!
#56650
0!
b00001110 #
#56655
1!
#56660
0!
b00001111 #
#56665
1!
#56670
0!
b00010000 #
#56675
1!
#56680
0!
b00010001 #
#56685
1!
#56690
0!
b00010010 #
#56695
1!
#56700
0!
b00010011 #
#56705
1!
#56710
0!
b00010100 #
#56715
1!
#56720
0!
b00010101 #
#56725
1!
#56730
0!
b00010110 #
#56735
1!
#56740
0!
b00010111 #
#56745
1!
#56750
0!
b00011000 #
#56755
1!
#56760
0!
b00011001 #
#56765
1!
#56770
0!
b00011010 #
#56775
1!
#56780
0!
b00011011 #
#56785
1!
#56790
0!
b00011100 #
#56795
1!
#56800
0!
b00011101 #
#56805
1!
#56810
0!
b00011110 #
#56815
1!
#56820
0!
b00011111 #
#56825
1!
#56830
0!
b00100000 #
#56835
1!
#56840
0!
b00100001 #
#56845
1!
#56850
0!
b00100010 #
#56855
1!
#56860
0!
b00100011 #
#56865
1!
#56870
0!
b00100100 #
#56875
1!
#56880
0!
b00100101 #
#56885
1!
#56890
0!
b00100110 #
#56895
1!
#56900
0!
b00100111 #
#56905
1!
#56910
0!
b00101000 #
#56915
1!
#56920
0!
b00101001 #
#56925
1!
#56930
0!
b00101010 #
#56935
1!
#56940
0!
b00101011 #
#56945
1!
#56950
0!
b00101100 #
#56955
1!
#56960
0!
b00101101 #
#56965
1!
#56970
0!
b00101110 #
#56975
1!
#56980
0!
b00101111 #
#56985
1!
#56990
0!
b00110000 #
#56995
1!
#57000
0!
b00110001 #
#57005
1!
#57010
0!
b00110010 #
#57015
1!
#57020
0!
b00110011 #
#57025
1!
#57030
0!
b00110100 #
#57035
1!
#57040
0!
b00110101 #
#57045
1!
#57050
0!
b00110110 #
#57055
1!
#57060
0!
b00110111 #
#57065
1!
#57070
0!
b00111000 #
#57075
1!
#57080
0!
b00111001 #
#57085
1!
#57090
0!
b00111010 #
#57095
1!
#57100
0!
b00111011 #
#57105
1!
#57110
0!
b00111100 #
#57115
1!
#57120
0!
b00111101 #
#57125
1!
#57130
0!
b00111110 #
#57135
1!
#57140
0!
b00111111 #
#57145
1!
#57150
0!
b01000000 #
#57155
1!
#57160
0!
b01000001 #
#57165
1!
#57170
0!
b01000010 #
#57175
1!
#57180
0!
b01000011 #
#57185
1!
#57190
0!
b01000100 #
#57195
1!
#57200
0!
b01000101 #
#57205
1!
#57210
0!
b01000110 #
#57215
1!
#57220
0!
b01000111 #
#57225
1!
#57230
0!
b01001000 #
#57235
1!
#57240
0!
b01001001 #
#57245
1!
#57250
0!
b01001010 #
#57255
1!
#57260
0!
b01001011 #
#57265
1!
#57270
0!
b01001100 #
#57275
1!
#57280
0!
b01001101 #
#57285
1!
#57290
0!
b01001110 #
#57295
1!
#57300
0!
b01001111 #
#57305
1!
#57310
0!
b01010000 #
#57315
1!
#57320
0!
b01010001 #
#57325
1!
#57330
0!
b01010010 #
#57335
1!
#57340
0!
b01010011 #
#57345
1!
#57350
0!
b01010100 #
#57355
1!
#57360
0!
b01010101 #
#57365
1!
#57370
0!
b01010110 #
#57375
1!
#57380
0!
b01010111 #
#57385
1!
#57390
0!
b01011000 #
#57395
1!
#57400
0!
b01011001 #
#57405
1!
#57410
0!
b01011010 #
#57415
1!
#57420
0!
b01011011 #
#57425
1!
#57430
0!
b01011100 #
#57435
1!
#57440
0!
b01011101 #
#57445
1!
#57450
0!
b01011110 #
#57455
1!
#57460
0!
b01011111 #
#57465
1!
#57470
0!
b01100000 #
#57475
1!
#57480
0!
b01100001 #
#57485
1!
#57490
0!
b01100010 #
#57495
1!
#57500
0!
b01100011 #
#57505
1!
#57510
0!
b01100100 #
#57515
1!
#57520
0!
b01100101 #
#57525
1!
#57530
0!
b01100110 #
#57535
1!
#57540
0!
b01100111 #
#57545
1!
#57550
0!
b01101000 #
#57555
1!
#57560
0!
b01101001 #
#57565
1!
#57570
0!
b01101010 #
#57575
1!
#57580
0!
b01101011 #
#57585
1!
#57590
0!
b01101100 #
#57595
1!
#57600
0!
b01101101 #
#57605
1!
#57610
0!
b01101110 #
#57615
1!
#57620
0!
b01101111 #
#57625
1!
#57630
0!
b01110000 #
#57635
1!
#57640
0!
b01110001 #
#57645
1!
#57650
0!
b01110010 #
#57655
1!
#57660
0!
b01110011 #
#57665
1!
#57670
0!
b01110100 #
#57675
1!
#57680
0!
b01110101 #
#57685
1!
#57690
0!
b01110110 #
#57695
1!
#57700
0!
b01110111 #
#57705
1!
#57710
0!
b01111000 #
#57715
1!
#57720
0!
b01111001 #
#57725
1!
#57730
0!
b01111010 #
#57735
1!
#57740
0!
b01111011 #
#57745
1!
#57750
0!
b01111100 #
#57755
1!
#57760
0!
b01111101 #
#57765
1!
#57770
0!
b01111110 #
#57775
1!
#57780
0!
b01111111 #
#57785
1!
#57790
0!
b10000000 #
#57795
1!
#57800
0!
b10000001 #
#57805
1!
#57810
0!
b10000010 #
#57815
1!
#57820
0!
b10000011 #
#57825
1!
#57830
0!
b10000100 #
#57835
1!
#57840
0!
b10000101 #
#57845
1!
#57850
0!
b10000110 #
#57855
1!
#57860
0!
b10000111 #
#57865
1!
#57870
0!
b10001000 #
#57875
1!
#57880
0!
b10001001 #
#57885
1!
#57890
0!
b10001010 #
#57895
1!
#57900
0!
b10001011 #
#57905
1!
#57910
0!
b10001100 #
#57915
1!
#57920
0!
b10001101 #
#57925
1!
#57930
0!
b10001110 #
#57935
1!
#57940
0!
b10001111 #
#57945
1!
#57950
0!
b10010000 #
#57955
1!
#57960
0!
b10010001 #
#57965
1!
#57970
0!
b10010010 #
#57975
1!
#57980
0!
b10010011 #
#57985
1!
#57990
0!
b10010100 #
#57995
1!
#58000
0!
b10010101 #
#58005
1!
#58010
0!
b10010110 #
#58015
1!
#58020
0!
b10010111 #
#58025
1!
#58030
0!
b10011000 #
#58035
1!
#58040
0!
b10011001 #
#58045
1!
#58050
0!
b10011010 #
#58055
1!
#58060
0!
b10011011 #
#58065
1!
#58070
0!
b10011100 #
#58075
1!
#58080
0!
b10011101 #
#58085
1!
#58090
0!
b10011110 #
#58095
1!
#58100
0!
b10011111 #
#58105
1!
#58110
0!
b10100000 #
#58115
1!
#58120
0!
b10100001 #
#58125
1!
#58130
0!
b10100010 #
#58135
1!
#58140
0!
b10100011 #
#58145
1!
#58150
0!
b10100100 #
#58155
1!
#58160
0!
b10100101 #
#58165
1!
#58170
0!
b10100110 #
#58175
1!
#58180
0!
b10100111 #
#58185
1!
#58190
0!
b10101000 #
#58195
1!
#58200
0!
b10101001 #
#58205
1!
#58210
0!
b10101010 #
#58215
1!
#58220
0!
b10101011 #
#58225
1!
#58230
0!
b10101100 #
#58235
1!
#58240
0!
b10101101 #
#58245
1!
#58250
0!
b10101110 #
#58255
1!
#58260
0!
b10101111 #
#58265
1!
#58270
0!
b10110000 #
#58275
1!
#58280
0!
b10110001 #
#58285
1!
#58290
0!
b10110010 #
#58295
1!
#58300
0!
b10110011 #
#58305
1!
#58310
0!
b10110100 #
#58315
1!
#58320
0!
b10110101 #
#58325
1!
#58330
0!
b10110110 #
#58335
1!
#58340
0!
b10110111 #
#58345
1!
#58350
0!
b10111000 #
#58355
1!
#58360
0!
b10111001 #
#58365
1!
#58370
0!
b10111010 #
#58375
1!
#58380
0!
b10111011 #
#58385
1!
#58390
0!
b10111100 #
#58395
1!
#58400
0!
b10111101 #
#58405
1!
#58410
0!
b10111110 #
#58415
1!
#58420
0!
b10111111 #
#58425
1!
#58430
0!
b11000000 #
#58435
1!
#58440
0!
b11000001 #
#58445
1!
#58450
0!
b11000010 #
#58455
1!
#58460
0!
b11000011 #
#58465
1!
#58470
0!
b11000100 #
#58475
1!
#58480
0!
b11000101 #
#58485
1!
#58490
0!
b11000110 #
#58495
1!
#58500
0!
b11000111 #
#58505
1!
#58510
0!
b11001000 #
#58515
1!
#58520
0!
b11001001 #
#58525
1!
#58530
0!
b11001010 #
#58535
1!
#58540
0!
b11001011 #
#58545
1!
#58550
0!
b11001100 #
#58555
1!
#58560
0!
b11001101 #
#58565
1!
#58570
0!
b11001110 #
#58575
1!
#58580
0!
b11001111 #
#58585
1!
#58590
0!
b11010000 #
#58595
1!
#58600
0!
b11010001 #
#58605
1!
#58610
0!
b11010010 #
#58615
1!
#58620
0!
b11010011 #
#58625
1!
#58630
0!
b11010100 #
#58635
1!
#58640
0!
b11010101 #
#58645
1!
#58650
0!
b11010110 #
#58655
1!
#58660
0!
b11010111 #
#58665
1!
#58670
0!
b11011000 #
#58675
1!
#58680
0!
b11011001 #
#58685
1!
#58690
0!
b11011010 #
#58695
1!
#58700
0!
b11011011 #
#58705
1!
#58710
0!
b11011100 #
#58715
1!
#58720
0!
b11011101 #
#58725
1!
#58730
0!
b11011110 #
#58735
1!
#58740
0!
b11011111 #
#58745
1!
#58750
0!
b11100000 #
#58755
1!
#58760
0!
b11100001 #
#58765
1!
#58770
0!
b11100010 #
#58775
1!
#58780
0!
b11100011 #
#58785
1!
#58790
0!
b11100100 #
#58795
1!
#58800
0!
b11100101 #
#58805
1!
#58810
0!
b11100110 #
#58815
1!
#58820
0!
b11100111 #
#58825
1!
#58830
0!
b11101000 #
#58835
1!
#58840
0!
b11101001 #
#58845
1!
#58850
0!
b11101010 #
#58855
1!
#58860
0!
b11101011 #
#58865
1!
#58870
0!
b11101100 #
#58875
1!
#58880
0!
b11101101 #
#58885
1!
#58890
0!
b11101110 #
#58895
1!
#58900
0!
b11101111 #
#58905
1!
#58910
0!
b11110000 #
#58915
1!
#58920
0!
b11110001 #
#58925
1!
#58930
0!
b11110010 #
#58935
1!
#58940
0!
b11110011 #
#58945
1!
#58950
0!
b11110100 #
#58955
1!
#58960
0!
b11110101 #
#58965
1!
#58970
0!
b11110110 #
#58975
1!
#58980
0!
b11110111 #
#58985
1!
#58990
0!
b11111000 #
#58995
1!
#59000
0!
b11111001 #
#59005
1!
#59010
0!
b11111010 #
#59015
1!
#59020
0!
b11111011 #
#59025
1!
#59030
0!
b11111100 #
#59035
1!
#59040
0!
b11111101 #
#59045
1!
#59050
0!
b11111110 #
#59055
1!
#59060
0!
b11111111 #
#59065
1!
#59070
0!
b00000000 #
#59075
1!
#59080
0!
b00000001 #
#59085
1!
#59090
0!
b00000010 #
#59095
1!
#59100
0!
b00000011 #
#59105
1!
#59110
0!
b00000100 #
#59115
1!
#59120
0!
b00000101 #
#59125
1!
#59130
0!
b00000110 #
#59135
1!
#59140
0!
b00000111 #
#59145
1!
#59150
0!
b00001000 #
#59155
1!
#59160
0!
b00001001 #
#59165
1!
#59170
0!
b00001010 #
#59175
1!
#59180
0!
b00001011 #
#59185
1!
#59190
0!
b00001100 #
#59195
1!
#59200
0!
b00001101 #
#59205
1!
#59210
0!
b00001110 #
#59215
1!
#59220
0!
b00001111 #
#59225
1!
#59230
0!
b00010000 #
#59235
1!
#59240
0!
b00010001 #
#59245
1!
#59250
0!
b00010010 #
#59255
1!
#59260
0!
b00010011 #
#59265
1!
#59270
0!
b00010100 #
#59275
1!
#59280
0!
b00010101 #
#59285
1!
#59290
0!
b00010110 #
#59295
1!
#59300
0!
b00010111 #
#59305
1!
#59310
0!
b00011000 #
#59315
1!
#59320
0!
b00011001 #
#59325
1!
#59330
0!
b00011010 #
#59335
1!
#59340
0!
b00011011 #
#59345
1!
#59350
0!
b00011100 #
#59355
1!
#59360
0!
b00011101 #
#59365
1!
#59370
0!
b00011110 #
#59375
1!
#59380
0!
b00011111 #
#59385
1!
#59390
0!
b00100000 #
#59395
1!
#59400
0!
b00100001 #
#59405
1!
#59410
0!
b00100010 #
#59415
1!
#59420
0!
b00100011 #
#59425
1!
#59430
0!
b00100100 #
#59435
1!
#59440
0!
b00100101 #
#59445
1!
#59450
0!
b00100110 #
#59455
1!
#59460
0!
b00100111 #
#59465
1!
#59470
0!
b00101000 #
#59475
1!
#59480
0!
b00101001 #
#59485
1!
#59490
0!
b00101010 #
#59495
1!
#59500
0!
b00101011 #
#59505
1!
#59510
0!
b00101100 #
#59515
1!
#59520
0!
b00101101 #
#59525
1!
#59530
0!
b00101110 #
#59535
1!
#59540
0!
b00101111 #
#59545
1!
#59550
0!
b00110000 #
#59555
1!
#59560
0!
b00110001 #
#59565
1!
#59570
0!
b00110010 #
#59575
1!
#59580
0!
b00110011 #
#59585
1!
#59590
0!
b00110100 #
#59595
1!
#59600
0!
b00110101 #
#59605
1!
#59610
0!
b00110110 #
#59615
1!
#59620
0!
b00110111 #
#59625
1!
#59630
0!
b00111000 #
#59635
1!
#59640
0!
b00111001 #
#59645
1!
#59650
0!
b00111010 #
#59655
1!
#59660
0!
b00111011 #
#59665
1!
#59670
0!
b00111100 #
#59675
1!
#59680
0!
b00111101 #
#59685
1!
#59690
0!
b00111110 #
#59695
1!
#59700
0!
b00111111 #
#59705
1!
#59710
0!
b01000000 #
#59715
1!
#59720
0!
b01000001 #
#59725
1!
#59730
0!
b01000010 #
#59735
1!
#59740
0!
b01000011 #
#59745
1!
#59750
0!
b01000100 #
#59755
1!
#59760
0!
b01000101 #
#59765
1!
#59770
0!
b01000110 #
#59775
1!
#59780
0!
b01000111 #
#59785
1!
#59790
0!
b01001000 #
#59795
1!
#59800
0!
b01001001 #
#59805
1!
#59810
0!
b01001010 #
#59815
1!
#59820
0!
b01001011 #
#59825
1!
#59830
0!
b01001100 #
#59835
1!
#59840
0!
b01001101 #
#59845
1!
#59850
0!
b01001110 #
#59855
1!
#59860
0!
b01001111 #
#59865
1!
#59870
0!
b01010000 #
#59875
1!
#59880
0!
b01010001 #
#59885
1!
#59890
0!
b01010010 #
#59895
1!
#59900
0!
b01010011 #
#59905
1!
#59910
0!
b01010100 #
#59915
1!
#59920
0!
b01010101 #
#59925
1!
#59930
0!
b01010110 #
#59935
1!
#59940
0!
b01010111 #
#59945
1!
#59950
0!
b01011000 #
#59955
1!
#59960
0!
b01011001 #
#59965
1!
#59970
0!
b01011010 #
#59975
1!
#59980
0!
b01011011 #
#59985
1!
#59990
0!
b01011100 #
#59995
1!
#60000
0!
b01011101 #
0(
#60005
1!
#60010
0!
b01011110 #
#60015
1!
#60020
0!
b01011111 #
#60025
1!
#60030
0!
b01100000 #
#60035
1!
#60040
0!
b01100001 #
#60045
1!
#60050
0!
b01100010 #
#60055
1!
#60060
0!
b01100011 #
#60065
1!
#60070
0!
b01100100 #
#60075
1!
#60080
0!
b01100101 #
#60085
1!
#60090
0!
b01100110 #
#60095
1!
#60100
0!
b01100111 #
#60105
1!
#60110
0!
b01101000 #
#60115
1!
#60120
0!
b01101001 #
#60125
1!
#60130
0!
b01101010 #
#60135
1!
#60140
0!
b01101011 #
#60145
1!
#60150
0!
b01101100 #
#60155
1!
#60160
0!
b01101101 #
#60165
1!
#60170
0!
b01101110 #
#60175
1!
#60180
0!
b01101111 #
#60185
1!
#60190
0!
b01110000 #
#60195
1!
#60200
0!
b01110001 #
#60205
1!
#60210
0!
b01110010 #
#60215
1!
#60220
0!
b01110011 #
#60225
1!
#60230
0!
b01110100 #
#60235
1!
#60240
0!
b01110101 #
#60245
1!
#60250
0!
b01110110 #
#60255
1!
#60260
0!
b01110111 #
#60265
1!
#60270
0!
b01111000 #
#60275
1!
#60280
0!
b01111001 #
#60285
1!
#60290
0!
b01111010 #
#60295
1!
#60300
0!
b01111011 #
#60305
1!
#60310
0!
b01111100 #
#60315
1!
#60320
0!
b01111101 #
#60325
1!
#60330
0!
b01111110 #
#60335
1!
#60340
0!
b01111111 #
#60345
1!
#60350
0!
b10000000 #
#60355
1!
#60360
0!
b10000001 #
#60365
1!
#60370
0!
b10000010 #
#60375
1!
#60380
0!
b10000011 #
#60385
1!
#60390
0!
b10000100 #
#60395
1!
#60400
0!
b10000101 #
#60405
1!
#60410
0!
b10000110 #
#60415
1!
#60420
0!
b10000111 #
#60425
1!
#60430
0!
b10001000 #
#60435
1!
#60440
0!
b10001001 #
#60445
1!
#60450
0!
b10001010 #
#60455
1!
#60460
0!
b10001011 #
#60465
1!
#60470
0!
b10001100 #
#60475
1!
#60480
0!
b10001101 #
#60485
1!
#60490
0!
b10001110 #
#60495
1!
#60500
0!
b10001111 #
#60505
1!
#60510
0!
b10010000 #
#60515
1!
#60520
0!
b10010001 #
#60525
1!
#60530
0!
b10010010 #
#60535
1!
#60540
0!
b10010011 #
#60545
1!
#60550
0!
b10010100 #
#60555
1!
#60560
0!
b10010101 #
#60565
1!
#60570
0!
b10010110 #
#60575
1!
#60580
0!
b10010111 #
#60585
1!
#60590
0!
b10011000 #
#60595
1!
#60600
0!
b10011001 #
#60605
1!
#60610
0!
b10011010 #
#60615
1!
#60620
0!
b10011011 #
#60625
1!
#60630
0!
b10011100 #
#60635
1!
#60640
0!
b10011101 #
#60645
1!
#60650
0!
b10011110 #
#60655
1!
#60660
0!
b10011111 #
#60665
1!
#60670
0!
b10100000 #
#60675
1!
#60680
0!
b10100001 #
#60685
1!
#60690
0!
b10100010 #
#60695
1!
#60700
0!
b10100011 #
#60705
1!
#60710
0!
b10100100 #
#60715
1!
#60720
0!
b10100101 #
#60725
1!
#60730
0!
b10100110 #
#60735
1!
#60740
0!
b10100111 #
#60745
1!
#60750
0!
b10101000 #
#60755
1!
#60760
0!
b10101001 #
#60765
1!
#60770
0!
b10101010 #
#60775
1!
#60780
0!
b10101011 #
#60785
1!
#60790
0!
b10101100 #
#60795
1!
#60800
0!
b10101101 #
#60805
1!
#60810
0!
b10101110 #
#60815
1!
#60820
0!
b10101111 #
#60825
1!
#60830
0!
b10110000 #
#60835
1!
#60840
0!
b10110001 #
#60845
1!
#60850
0!
b10110010 #
#60855
1!
#60860
0!
b10110011 #
#60865
1!
#60870
0!
b10110100 #
#60875
1!
#60880
0!
b10110101 #
#60885
1!
#60890
0!
b10110110 #
#60895
1!
#60900
0!
b10110111 #
#60905
1!
#60910
0!
b10111000 #
#60915
1!
#60920
0!
b10111001 #
#60925
1!
#60930
0!
b10111010 #
#60935
1!
#60940
0!
b10111011 #
#60945
1!
#60950
0!
b10111100 #
#60955
1!
#60960
0!
b10111101 #
#60965
1!
#60970
0!
b10111110 #
#60975
1!
#60980
0!
b10111111 #
#60985
1!
#60990
0!
b11000000 #
#60995
1!
#61000
0!
b11000001 #
1(
#61005
1!
#61010
0!
b11000010 #
#61015
1!
#61020
0!
b11000011 #
#61025
1!
#61030
0!
b11000100 #
#61035
1!
#61040
0!
b11000101 #
#61045
1!
#61050
0!
b11000110 #
#61055
1!
#61060
0!
b11000111 #
#61065
1!
#61070
0!
b11001000 #
#61075
1!
#61080
0!
b11001001 #
#61085
1!
#61090
0!
b11001010 #
#61095
1!
#61100
0!
b11001011 #
#61105
1!
#61110
0!
b11001100 #
#61115
1!
#61120
0!
b11001101 #
#61125
1!
#61130
0!
b11001110 #
#61135
1!
#61140
0!
b11001111 #
#61145
1!
#61150
0!
b11010000 #
#61155
1!
#61160
0!
b11010001 #
#61165
1!
#61170
0!
b11010010 #
#61175
1!
#61180
0!
b11010011 #
#61185
1!
#61190
0!
b11010100 #
#61195
1!
#61200
0!
b11010101 #
#61205
1!
#61210
0!
b11010110 #
#61215
1!
#61220
0!
b11010111 #
#61225
1!
#61230
0!
b11011000 #
#61235
1!
#61240
0!
b11011001 #
#61245
1!
#61250
0!
b11011010 #
#61255
1!
#61260
0!
b11011011 #
#61265
1!
#61270
0!
b11011100 #
#61275
1!
#61280
0!
b11011101 #
#61285
1!
#61290
0!
b11011110 #
#61295
1!
#61300
0!
b11011111 #
#61305
1!
#61310
0!
b11100000 #
#61315
1!
#61320
0!
b11100001 #
#61325
1!
#61330
0!
b11100010 #
#61335
1!
#61340
0!
b11100011 #
#61345
1!
#61350
0!
b11100100 #
#61355
1!
#61360
0!
b11100101 #
#61365
1!
#61370
0!
b11100110 #
#61375
1!
#61380
0!
b11100111 #
#61385
1!
#61390
0!
b11101000 #
#61395
1!
#61400
0!
b11101001 #
#61405
1!
#61410
0!
b11101010 #
#61415
1!
#61420
0!
b11101011 #
#61425
1!
#61430
0!
b11101100 #
#61435
1!
#61440
0!
b11101101 #
#61445
1!
#61450
0!
b11101110 #
#61455
1!
#61460
0!
b11101111 #
#61465
1!
#61470
0!
b11110000 #
#61475
1!
#61480
0!
b11110001 #
#61485
1!
#61490
0!
b11110010 #
#61495
1!
#61500
0!
b11110011 #
#61505
1!
#61510
0!
b11110100 #
#61515
1!
#61520
0!
b11110101 #
#61525
1!
#61530
0!
b11110110 #
#61535
1!
#61540
0!
b11110111 #
#61545
1!
#61550
0!
b11111000 #
#61555
1!
#61560
0!
b11111001 #
#61565
1!
#61570
0!
b11111010 #
#61575
1!
#61580
0!
b11111011 #
#61585
1!
#61590
0!
b11111100 #
#61595
1!
#61600
0!
b11111101 #
#61605
1!
#61610
0!
b11111110 #
#61615
1!
#61620
0!
b11111111 #
#61625
1!
#61630
0!
b00000000 #
#61635
1!
#61640
0!
b00000001 #
#61645
1!
#61650
0!
b00000010 #
#61655
1!
#61660
0!
b00000011 #
#61665
1!
#61670
0!
b00000100 #
#61675
1!
#61680
0!
b00000101 #
#61685
1!
#61690
0!
b00000110 #
#61695
1!
#61700
0!
b00000111 #
#61705
1!
#61710
0!
b00001000 #
#61715
1!
#61720
0!
b00001001 #
#61725
1!
#61730
0!
b00001010 #
#61735
1!
#61740
0!
b00001011 #
#61745
1!
#61750
0!
b00001100 #
#61755
1!
#61760
0!
b00001101 #
#61765
1!
#61770
0!
b00001110 #
#61775
1!
#61780
0!
b00001111 #
#61785
1!
#61790
0!
b00010000 #
#61795
1!
#61800
0!
b00010001 #
#61805
1!
#61810
0!
b00010010 #
#61815
1!
#61820
0!
b00010011 #
#61825
1!
#61830
0!
b00010100 #
#61835
1!
#61840
0!
b00010101 #
#61845
1!
#61850
0!
b00010110 #
#61855
1!
#61860
0!
b00010111 #
#61865
1!
#61870
0!
b00011000 #
#61875
1!
#61880
0!
b00011001 #
#61885
1!
#61890
0!
b00011010 #
#61895
1!
#61900
0!
b00011011 #
#61905
1!
#61910
0!
b00011100 #
#61915
1!
#61920
0!
b00011101 #
#61925
1!
#61930
0!
b00011110 #
#61935
1!
#61940
0!
b00011111 #
#61945
1!
#61950
0!
b00100000 #
#61955
1!
#61960
0!
b00100001 #
#61965
1!
#61970
0!
b00100010 #
#61975
1!
#61980
0!
b00100011 #
#61985
1!
#61990
0!
b00100100 #
#61995
1!
#62000
0!
b00100101 #
1(
#62005
1!
#62010
0!
b00100110 #
#62015
1!
#62020
0!
b00100111 #
#62025
1!
#62030
0!
b00101000 #
#62035
1!
#62040
0!
b00101001 #
#62045
1!
#62050
0!
b00101010 #
#62055
1!
#62060
0!
b00101011 #
#62065
1!
#62070
0!
b00101100 #
#62075
1!
#62080
0!
b00101101 #
#62085
1!
#62090
0!
b00101110 #
#62095
1!
#62100
0!
b00101111 #
#62105
1!
#62110
0!
b00110000 #
#62115
1!
#62120
0!
b00110001 #
#62125
1!
#62130
0!
b00110010 #
#62135
1!
#62140
0!
b00110011 #
#62145
1!
#62150
0!
b00110100 #
#62155
1!
#62160
0!
b00110101 #
#62165
1!
#62170
0!
b00110110 #
#62175
1!
#62180
0!
b00110111 #
#62185
1!
#62190
0!
b00111000 #
#62195
1!
#62200
0!
b00111001 #
#62205
1!
#62210
0!
b00111010 #
#62215
1!
#62220
0!
b00111011 #
#62225
1!
#62230
0!
b00111100 #
#62235
1!
#62240
0!
b00111101 #
#62245
1!
#62250
0!
b00111110 #
#62255
1!
#62260
0!
b00111111 #
#62265
1!
#62270
0!
b01000000 #
#62275
1!
#62280
0!
b01000001 #
#62285
1!
#62290
0!
b01000010 #
#62295
1!
#62300
0!
b01000011 #
#62305
1!
#62310
0!
b01000100 #
#62315
1!
#62320
0!
b01000101 #
#62325
1!
#62330
0!
b01000110 #
#62335
1!
#62340
0!
b01000111 #
#62345
1!
#62350
0!
b01001000 #
#62355
1!
#62360
0!
b01001001 #
#62365
1!
#62370
0!
b01001010 #
#62375
1!
#62380
0!
b01001011 #
#62385
1!
#62390
0!
b01001100 #
#62395
1!
#62400
0!
b01001101 #
#62405
1!
#62410
0!
b01001110 #
#62415
1!
#62420
0!
b01001111 #
#62425
1!
#62430
0!
b01010000 #
#62435
1!
#62440
0!
b01010001 #
#62445
1!
#62450
0!
b01010010 #
#62455
1!
#62460
0!
b01010011 #
#62465
1!
#62470
0!
b01010100 #
#62475
1!
#62480
0!
b01010101 #
#62485
1!
#62490
0!
b01010110 #
#62495
1!
#62500
0!
b01010111 #
#62505
1!
#62510
0!
b01011000 #
#62515
1!
#62520
0!
b01011001 #
#62525
1!
#62530
0!
b01011010 #
#62535
1!
#62540
0!
b01011011 #
#62545
1!
#62550
0!
b01011100 #
#62555
1!
#62560
0!
b01011101 #
#62565
1!
#62570
0!
b01011110 #
#62575
1!
#62580
0!
b01011111 #
#62585
1!
#62590
0!
b01100000 #
#62595
1!
#62600
0!
b01100001 #
#62605
1!
#62610
0!
b01100010 #
#62615
1!
#62620
0!
b01100011 #
#62625
1!
#62630
0!
b01100100 #
#62635
1!
#62640
0!
b01100101 #
#62645
1!
#62650
0!
b01100110 #
#62655
1!
#62660
0!
b01100111 #
#62665
1!
#62670
0!
b01101000 #
#62675
1!
#62680
0!
b01101001 #
#62685
1!
#62690
0!
b01101010 #
#62695
1!
#62700
0!
b01101011 #
#62705
1!
#62710
0!
b01101100 #
#62715
1!
#62720
0!
b01101101 #
#62725
1!
#62730
0!
b01101110 #
#62735
1!
#62740
0!
b01101111 #
#62745
1!
#62750
0!
b01110000 #
#62755
1!
#62760
0!
b01110001 #
#62765
1!
#62770
0!
b01110010 #
#62775
1!
#62780
0!
b01110011 #
#62785
1!
#62790
0!
b01110100 #
#62795
1!
#62800
0!
b01110101 #
#62805
1!
#62810
0!
b01110110 #
#62815
1!
#62820
0!
b01110111 #
#62825
1!
#62830
0!
b01111000 #
#62835
1!
#62840
0!
b01111001 #
#62845
1!
#62850
0!
b01111010 #
#62855
1!
#62860
0!
b01111011 #
#62865
1!
#62870
0!
b01111100 #
#62875
1!
#62880
0!
b01111101 #
#62885
1!
#62890
0!
b01111110 #
#62895
1!
#62900
0!
b01111111 #
#62905
1!
#62910
0!
b10000000 #
#62915
1!
#62920
0!
b10000001 #
#62925
1!
#62930
0!
b10000010 #
#62935
1!
#62940
0!
b10000011 #
#62945
1!
#62950
0!
b10000100 #
#62955
1!
#62960
0!
b10000101 #
#62965
1!
#62970
0!
b10000110 #
#62975
1!
#62980
0!
b10000111 #
#62985
1!
#62990
0!
b10001000 #
#62995
1!
#63000
0!
b10001001 #
0(
#63005
1!
#63010
0!
b10001010 #
#63015
1!
#63020
0!
b10001011 #
#63025
1!
#63030
0!
b10001100 #
#63035
1!
#63040
0!
b10001101 #
#63045
1!
#63050
0!
b10001110 #
#63055
1!
#63060
0!
b10001111 #
#63065
1!
#63070
0!
b10010000 #
#63075
1!
#63080
0!
b10010001 #
#63085
1!
#63090
0!
b10010010 #
#63095
1!
#63100
0!
b10010011 #
#63105
1!
#63110
0!
b10010100 #
#63115
1!
#63120
0!
b10010101 #
#63125
1!
#63130
0!
b10010110 #
#63135
1!
#63140
0!
b10010111 #
#63145
1!
#63150
0!
b10011000 #
#63155
1!
#63160
0!
b10011001 #
#63165
1!
#63170
0!
b10011010 #
#63175
1!
#63180
0!
b10011011 #
#63185
1!
#63190
0!
b10011100 #
#63195
1!
#63200
0!
b10011101 #
#63205
1!
#63210
0!
b10011110 #
#63215
1!
#63220
0!
b10011111 #
#63225
1!
#63230
0!
b10100000 #
#63235
1!
#63240
0!
b10100001 #
#63245
1!
#63250
0!
b10100010 #
#63255
1!
#63260
0!
b10100011 #
#63265
1!
#63270
0!
b10100100 #
#63275
1!
#63280
0!
b10100101 #
#63285
1!
#63290
0!
b10100110 #
#63295
1!
#63300
0!
b10100111 #
#63305
1!
#63310
0!
b10101000 #
#63315
1!
#63320
0!
b10101001 #
#63325
1!
#63330
0!
b10101010 #
#63335
1!
#63340
0!
b10101011 #
#63345
1!
#63350
0!
b10101100 #
#63355
1!
#63360
0!
b10101101 #
#63365
1!
#63370
0!
b10101110 #
#63375
1!
#63380
0!
b10101111 #
#63385
1!
#63390
0!
b10110000 #
#63395
1!
#63400
0!
b10110001 #
#63405
1!
#63410
0!
b10110010 #
#63415
1!
#63420
0!
b10110011 #
#63425
1!
#63430
0!
b10110100 #
#63435
1!
#63440
0!
b10110101 #
#63445
1!
#63450
0!
b10110110 #
#63455
1!
#63460
0!
b10110111 #
#63465
1!
#63470
0!
b10111000 #
#63475
1!
#63480
0!
b10111001 #
#63485
1!
#63490
0!
b10111010 #
#63495
1!
#63500
0!
b10111011 #
#63505
1!
#63510
0!
b10111100 #
#63515
1!
#63520
0!
b10111101 #
#63525
1!
#63530
0!
b10111110 #
#63535
1!
#63540
0!
b10111111 #
#63545
1!
#63550
0!
b11000000 #
#63555
1!
#63560
0!
b11000001 #
#63565
1!
#63570
0!
b11000010 #
#63575
1!
#63580
0!
b11000011 #
#63585
1!
#63590
0!
b11000100 #
#63595
1!
#63600
0!
b11000101 #
#63605
1!
#63610
0!
b11000110 #
#63615
1!
#63620
0!
b11000111 #
#63625
1!
#63630
0!
b11001000 #
#63635
1!
#63640
0!
b11001001 #
#63645
1!
#63650
0!
b11001010 #
#63655
1!
#63660
0!
b11001011 #
#63665
1!
#63670
0!
b11001100 #
#63675
1!
#63680
0!
b11001101 #
#63685
1!
#63690
0!
b11001110 #
#63695
1!
#63700
0!
b11001111 #
#63705
1!
#63710
0!
b11010000 #
#63715
1!
#63720
0!
b11010001 #
#63725
1!
#63730
0!
b11010010 #
#63735
1!
#63740
0!
b11010011 #
#63745
1!
#63750
0!
b11010100 #
#63755
1!
#63760
0!
b11010101 #
#63765
1!
#63770
0!
b11010110 #
#63775
1!
#63780
0!
b11010111 #
#63785
1!
#63790
0!
b11011000 #
#63795
1!
#63800
0!
b11011001 #
#63805
1!
#63810
0!
b11011010 #
#63815
1!
#63820
0!
b11011011 #
#63825
1!
#63830
0!
b11011100 #
#63835
1!
#63840
0!
b11011101 #
#63845
1!
#63850
0!
b11011110 #
#63855
1!
#63860
0!
b11011111 #
#63865
1!
#63870
0!
b11100000 #
#63875
1!
#63880
0!
b11100001 #
#63885
1!
#63890
0!
b11100010 #
#63895
1!
#63900
0!
b11100011 #
#63905
1!
#63910
0!
b11100100 #
#63915
1!
#63920
0!
b11100101 #
#63925
1!
#63930
0!
b11100110 #
#63935
1!
#63940
0!
b11100111 #
#63945
1!
#63950
0!
b11101000 #
#63955
1!
#63960
0!
b11101001 #
#63965
1!
#63970
0!
b11101010 #
#63975
1!
#63980
0!
b11101011 #
#63985
1!
#63990
0!
b11101100 #
#63995
1!
#64000
0!
b11101101 #
1(
#64005
1!
#64010
0!
b11101110 #
#64015
1!
#64020
0!
b11101111 #
#64025
1!
#64030
0!
b11110000 #
#64035
1!
#64040
0!
b11110001 #
#64045
1!
#64050
0!
b11110010 #
#64055
1!
#64060
0!
b11110011 #
#64065
1!
#64070
0!
b11110100 #
#64075
1!
#64080
0!
b11110101 #
#64085
1!
#64090
0!
b11110110 #
#64095
1!
#64100
0!
b11110111 #
#64105
1!
#64110
0!
b11111000 #
#64115
1!
#64120
0!
b11111001 #
#64125
1!
#64130
0!
b11111010 #
#64135
1!
#64140
0!
b11111011 #
#64145
1!
#64150
0!
b11111100 #
#64155
1!
#64160
0!
b11111101 #
#64165
1!
#64170
0!
b11111110 #
#64175
1!
#64180
0!
b11111111 #
#64185
1!
#64190
0!
b00000000 #
#64195
1!
#64200
0!
b00000001 #
#64205
1!
#64210
0!
b00000010 #
#64215
1!
#64220
0!
b00000011 #
#64225
1!
#64230
0!
b00000100 #
#64235
1!
#64240
0!
b00000101 #
#64245
1!
#64250
0!
b00000110 #
#64255
1!
#64260
0!
b00000111 #
#64265
1!
#64270
0!
b00001000 #
#64275
1!
#64280
0!
b00001001 #
#64285
1!
#64290
0!
b00001010 #
#64295
1!
#64300
0!
b00001011 #
#64305
1!
#64310
0!
b00001100 #
#64315
1!
#64320
0!
b00001101 #
#64325
1!
#64330
0!
b00001110 #
#64335
1!
#64340
0!
b00001111 #
#64345
1!
#64350
0!
b00010000 #
#64355
1!
#64360
0!
b00010001 #
#64365
1!
#64370
0!
b00010010 #
#64375
1!
#64380
0!
b00010011 #
#64385
1!
#64390
0!
b00010100 #
#64395
1!
#64400
0!
b00010101 #
#64405
1!
#64410
0!
b00010110 #
#64415
1!
#64420
0!
b00010111 #
#64425
1!
#64430
0!
b00011000 #
#64435
1!
#64440
0!
b00011001 #
#64445
1!
#64450
0!
b00011010 #
#64455
1!
#64460
0!
b00011011 #
#64465
1!
#64470
0!
b00011100 #
#64475
1!
#64480
0!
b00011101 #
#64485
1!
#64490
0!
b00011110 #
#64495
1!
#64500
0!
b00011111 #
#64505
1!
#64510
0!
b00100000 #
#64515
1!
#64520
0!
b00100001 #
#64525
1!
#64530
0!
b00100010 #
#64535
1!
#64540
0!
b00100011 #
#64545
1!
#64550
0!
b00100100 #
#64555
1!
#64560
0!
b00100101 #
#64565
1!
#64570
0!
b00100110 #
#64575
1!
#64580
0!
b00100111 #
#64585
1!
#64590
0!
b00101000 #
#64595
1!
#64600
0!
b00101001 #
#64605
1!
#64610
0!
b00101010 #
#64615
1!
#64620
0!
b00101011 #
#64625
1!
#64630
0!
b00101100 #
#64635
1!
#64640
0!
b00101101 #
#64645
1!
#64650
0!
b00101110 #
#64655
1!
#64660
0!
b00101111 #
#64665
1!
#64670
0!
b00110000 #
#64675
1!
#64680
0!
b00110001 #
#64685
1!
#64690
0!
b00110010 #
#64695
1!
#64700
0!
b00110011 #
#64705
1!
#64710
0!
b00110100 #
#64715
1!
#64720
0!
b00110101 #
#64725
1!
#64730
0!
b00110110 #
#64735
1!
#64740
0!
b00110111 #
#64745
1!
#64750
0!
b00111000 #
#64755
1!
#64760
0!
b00111001 #
#64765
1!
#64770
0!
b00111010 #
#64775
1!
#64780
0!
b00111011 #
#64785
1!
#64790
0!
b00111100 #
#64795
1!
#64800
0!
b00111101 #
#64805
1!
#64810
0!
b00111110 #
#64815
1!
#64820
0!
b00111111 #
#64825
1!
#64830
0!
b01000000 #
#64835
1!
#64840
0!
b01000001 #
#64845
1!
#64850
0!
b01000010 #
#64855
1!
#64860
0!
b01000011 #
#64865
1!
#64870
0!
b01000100 #
#64875
1!
#64880
0!
b01000101 #
#64885
1!
#64890
0!
b01000110 #
#64895
1!
#64900
0!
b01000111 #
#64905
1!
#64910
0!
b01001000 #
#64915
1!
#64920
0!
b01001001 #
#64925
1!
#64930
0!
b01001010 #
#64935
1!
#64940
0!
b01001011 #
#64945
1!
#64950
0!
b01001100 #
#64955
1!
#64960
0!
b01001101 #
#64965
1!
#64970
0!
b01001110 #
#64975
1!
#64980
0!
b01001111 #
#64985
1!
#64990
0!
b01010000 #
#64995
1!
#65000
0!
b01010001 #
0(
#65005
1!
#65010
0!
b01010010 #
#65015
1!
#65020
0!
b01010011 #
#65025
1!
#65030
0!
b01010100 #
#65035
1!
#65040
0!
b01010101 #
#65045
1!
#65050
0!
b01010110 #
#65055
1!
#65060
0!
b01010111 #
#65065
1!
#65070
0!
b01011000 #
#65075
1!
#65080
0!
b01011001 #
#65085
1!
#65090
0!
b01011010 #
#65095
1!
#65100
0!
b01011011 #
#65105
1!
#65110
0!
b01011100 #
#65115
1!
#65120
0!
b01011101 #
#65125
1!
#65130
0!
b01011110 #
#65135
1!
#65140
0!
b01011111 #
#65145
1!
#65150
0!
b01100000 #
#65155
1!
#65160
0!
b01100001 #
#65165
1!
#65170
0!
b01100010 #
#65175
1!
#65180
0!
b01100011 #
#65185
1!
#65190
0!
b01100100 #
#65195
1!
#65200
0!
b01100101 #
#65205
1!
#65210
0!
b01100110 #
#65215
1!
#65220
0!
b01100111 #
#65225
1!
#65230
0!
b01101000 #
#65235
1!
#65240
0!
b01101001 #
#65245
1!
#65250
0!
b01101010 #
#65255
1!
#65260
0!
b01101011 #
#65265
1!
#65270
0!
b01101100 #
#65275
1!
#65280
0!
b01101101 #
#65285
1!
#65290
0!
b01101110 #
#65295
1!
#65300
0!
b01101111 #
#65305
1!
#65310
0!
b01110000 #
#65315
1!
#65320
0!
b01110001 #
#65325
1!
#65330
0!
b01110010 #
#65335
1!
#65340
0!
b01110011 #
#65345
1!
#65350
0!
b01110100 #
#65355
1!
#65360
0!
b01110101 #
#65365
1!
#65370
0!
b01110110 #
#65375
1!
#65380
0!
b01110111 #
#65385
1!
#65390
0!
b01111000 #
#65395
1!
#65400
0!
b01111001 #
#65405
1!
#65410
0!
b01111010 #
#65415
1!
#65420
0!
b01111011 #
#65425
1!
#65430
0!
b01111100 #
#65435
1!
#65440
0!
b01111101 #
#65445
1!
#65450
0!
b01111110 #
#65455
1!
#65460
0!
b01111111 #
#65465
1!
#65470
0!
b10000000 #
#65475
1!
#65480
0!
b10000001 #
#65485
1!
#65490
0!
b10000010 #
#65495
1!
#65500
0!
b10000011 #
#65505
1!
#65510
0!
b10000100 #
#65515
1!
#65520
0!
b10000101 #
#65525
1!
#65530
0!
b10000110 #
#65535
1!
#65540
0!
b10000111 #
#65545
1!
#65550
0!
b10001000 #
#65555
1!
#65560
0!
b10001001 #
#65565
1!
#65570
0!
b10001010 #
#65575
1!
#65580
0!
b10001011 #
#65585
1!
#65590
0!
b10001100 #
#65595
1!
#65600
0!
b10001101 #
#65605
1!
#65610
0!
b10001110 #
#65615
1!
#65620
0!
b10001111 #
#65625
1!
#65630
0!
b10010000 #
#65635
1!
#65640
0!
b10010001 #
#65645
1!
#65650
0!
b10010010 #
#65655
1!
#65660
0!
b10010011 #
#65665
1!
#65670
0!
b10010100 #
#65675
1!
#65680
0!
b10010101 #
#65685
1!
#65690
0!
b10010110 #
#65695
1!
#65700
0!
b10010111 #
#65705
1!
#65710
0!
b10011000 #
#65715
1!
#65720
0!
b10011001 #
#65725
1!
#65730
0!
b10011010 #
#65735
1!
#65740
0!
b10011011 #
#65745
1!
#65750
0!
b10011100 #
#65755
1!
#65760
0!
b10011101 #
#65765
1!
#65770
0!
b10011110 #
#65775
1!
#65780
0!
b10011111 #
#65785
1!
#65790
0!
b10100000 #
#65795
1!
#65800
0!
b10100001 #
#65805
1!
#65810
0!
b10100010 #
#65815
1!
#65820
0!
b10100011 #
#65825
1!
#65830
0!
b10100100 #
#65835
1!
#65840
0!
b10100101 #
#65845
1!
#65850
0!
b10100110 #
#65855
1!
#65860
0!
b10100111 #
#65865
1!
#65870
0!
b10101000 #
#65875
1!
#65880
0!
b10101001 #
#65885
1!
#65890
0!
b10101010 #
#65895
1!
#65900
0!
b10101011 #
#65905
1!
#65910
0!
b10101100 #
#65915
1!
#65920
0!
b10101101 #
#65925
1!
#65930
0!
b10101110 #
#65935
1!
#65940
0!
b10101111 #
#65945
1!
#65950
0!
b10110000 #
#65955
1!
#65960
0!
b10110001 #
#65965
1!
#65970
0!
b10110010 #
#65975
1!
#65980
0!
b10110011 #
#65985
1!
#65990
0!
b10110100 #
#65995
1!
#66000
0!
b10110101 #
0(
#66005
1!
#66010
0!
b10110110 #
#66015
1!
#66020
0!
b10110111 #
#66025
1!
#66030
0!
b10111000 #
#66035
1!
#66040
0!
b10111001 #
#66045
1!
#66050
0!
b10111010 #
#66055
1!
#66060
0!
b10111011 #
#66065
1!
#66070
0!
b10111100 #
#66075
1!
#66080
0!
b10111101 #
#66085
1!
#66090
0!
b10111110 #
#66095
1!
#66100
0!
b10111111 #
#66105
1!
#66110
0!
b11000000 #
#66115
1!
#66120
0!
b11000001 #
#66125
1!
#66130
0!
b11000010 #
#66135
1!
#66140
0!
b11000011 #
#66145
1!
#66150
0!
b11000100 #
#66155
1!
#66160
0!
b11000101 #
#66165
1!
#66170
0!
b11000110 #
#66175
1!
#66180
0!
b11000111 #
#66185
1!
#66190
0!
b11001000 #
#66195
1!
#66200
0!
b11001001 #
#66205
1!
#66210
0!
b11001010 #
#66215
1!
#66220
0!
b11001011 #
#66225
1!
#66230
0!
b11001100 #
#66235
1!
#66240
0!
b11001101 #
#66245
1!
#66250
0!
b11001110 #
#66255
1!
#66260
0!
b11001111 #
#66265
1!
#66270
0!
b11010000 #
#66275
1!
#66280
0!
b11010001 #
#66285
1!
#66290
0!
b11010010 #
#66295
1!
#66300
0!
b11010011 #
#66305
1!
#66310
0!
b11010100 #
#66315
1!
#66320
0!
b11010101 #
#66325
1!
#66330
0!
b11010110 #
#66335
1!
#66340
0!
b11010111 #
#66345
1!
#66350
0!
b11011000 #
#66355
1!
#66360
0!
b11011001 #
#66365
1!
#66370
0!
b11011010 #
#66375
1!
#66380
0!
b11011011 #
#66385
1!
#66390
0!
b11011100 #
#66395
1!
#66400
0!
b11011101 #
#66405
1!
#66410
0!
b11011110 #
#66415
1!
#66420
0!
b11011111 #
#66425
1!
#66430
0!
b11100000 #
#66435
1!
#66440
0!
b11100001 #
#66445
1!
#66450
0!
b11100010 #
#66455
1!
#66460
0!
b11100011 #
#66465
1!
#66470
0!
b11100100 #
#66475
1!
#66480
0!
b11100101 #
#66485
1!
#66490
0!
b11100110 #
#66495
1!
#66500
0!
b11100111 #
#66505
1!
#66510
0!
b11101000 #
#66515
1!
#66520
0!
b11101001 #
#66525
1!
#66530
0!
b11101010 #
#66535
1!
#66540
0!
b11101011 #
#66545
1!
#66550
0!
b11101100 #
#66555
1!
#66560
0!
b11101101 #
#66565
1!
#66570
0!
b11101110 #
#66575
1!
#66580
0!
b11101111 #
#66585
1!
#66590
0!
b11110000 #
#66595
1!
#66600
0!
b11110001 #
#66605
1!
#66610
0!
b11110010 #
#66615
1!
#66620
0!
b11110011 #
#66625
1!
#66630
0!
b11110100 #
#66635
1!
#66640
0!
b11110101 #
#66645
1!
#66650
0!
b11110110 #
#66655
1!
#66660
0!
b11110111 #
#66665
1!
#66670
0!
b11111000 #
#66675
1!
#66680
0!
b11111001 #
#66685
1!
#66690
0!
b11111010 #
#66695
1!
#66700
0!
b11111011 #
#66705
1!
#66710
0!
b11111100 #
#66715
1!
#66720
0!
b11111101 #
#66725
1!
#66730
0!
b11111110 #
#66735
1!
#66740
0!
b11111111 #
#66745
1!
#66750
0!
b00000000 #
#66755
1!
#66760
0!
b00000001 #
#66765
1!
#66770
0!
b00000010 #
#66775
1!
#66780
0!
b00000011 #
#66785
1!
#66790
0!
b00000100 #
#66795
1!
#66800
0!
b00000101 #
#66805
1!
#66810
0!
b00000110 #
#66815
1!
#66820
0!
b00000111 #
#66825
1!
#66830
0!
b00001000 #
#66835
1!
#66840
0!
b00001001 #
#66845
1!
#66850
0!
b00001010 #
#66855
1!
#66860
0!
b00001011 #
#66865
1!
#66870
0!
b00001100 #
#66875
1!
#66880
0!
b00001101 #
#66885
1!
#66890
0!
b00001110 #
#66895
1!
#66900
0!
b00001111 #
#66905
1!
#66910
0!
b00010000 #
#66915
1!
#66920
0!
b00010001 #
#66925
1!
#66930
0!
b00010010 #
#66935
1!
#66940
0!
b00010011 #
#66945
1!
#66950
0!
b00010100 #
#66955
1!
#66960
0!
b00010101 #
#66965
1!
#66970
0!
b00010110 #
#66975
1!
#66980
0!
b00010111 #
#66985
1!
#66990
0!
b00011000 #
#66995
1!
#67000
0!
b00011001 #
1(
#67005
1!
#67010
0!
b00011010 #
#67015
1!
#67020
0!
b00011011 #
#67025
1!
#67030
0!
b00011100 #
#67035
1!
#67040
0!
b00011101 #
#67045
1!
#67050
0!
b00011110 #
#67055
1!
#67060
0!
b00011111 #
#67065
1!
#67070
0!
b00100000 #
#67075
1!
#67080
0!
b00100001 #
#67085
1!
#67090
0!
b00100010 #
#67095
1!
#67100
0!
b00100011 #
#67105
1!
#67110
0!
b00100100 #
#67115
1!
#67120
0!
b00100101 #
#67125
1!
#67130
0!
b00100110 #
#67135
1!
#67140
0!
b00100111 #
#67145
1!
#67150
0!
b00101000 #
#67155
1!
#67160
0!
b00101001 #
#67165
1!
#67170
0!
b00101010 #
#67175
1!
#67180
0!
b00101011 #
#67185
1!
#67190
0!
b00101100 #
#67195
1!
#67200
0!
b00101101 #
#67205
1!
#67210
0!
b00101110 #
#67215
1!
#67220
0!
b00101111 #
#67225
1!
#67230
0!
b00110000 #
#67235
1!
#67240
0!
b00110001 #
#67245
1!
#67250
0!
b00110010 #
#67255
1!
#67260
0!
b00110011 #
#67265
1!
#67270
0!
b00110100 #
#67275
1!
#67280
0!
b00110101 #
#67285
1!
#67290
0!
b00110110 #
#67295
1!
#67300
0!
b00110111 #
#67305
1!
#67310
0!
b00111000 #
#67315
1!
#67320
0!
b00111001 #
#67325
1!
#67330
0!
b00111010 #
#67335
1!
#67340
0!
b00111011 #
#67345
1!
#67350
0!
b00111100 #
#67355
1!
#67360
0!
b00111101 #
#67365
1!
#67370
0!
b00111110 #
#67375
1!
#67380
0!
b00111111 #
#67385
1!
#67390
0!
b01000000 #
#67395
1!
#67400
0!
b01000001 #
#67405
1!
#67410
0!
b01000010 #
#67415
1!
#67420
0!
b01000011 #
#67425
1!
#67430
0!
b01000100 #
#67435
1!
#67440
0!
b01000101 #
#67445
1!
#67450
0!
b01000110 #
#67455
1!
#67460
0!
b01000111 #
#67465
1!
#67470
0!
b01001000 #
#67475
1!
#67480
0!
b01001001 #
#67485
1!
#67490
0!
b01001010 #
#67495
1!
#67500
0!
b01001011 #
#67505
1!
#67510
0!
b01001100 #
#67515
1!
#67520
0!
b01001101 #
#67525
1!
#67530
0!
b01001110 #
#67535
1!
#67540
0!
b01001111 #
#67545
1!
#67550
0!
b01010000 #
#67555
1!
#67560
0!
b01010001 #
#67565
1!
#67570
0!
b01010010 #
#67575
1!
#67580
0!
b01010011 #
#67585
1!
#67590
0!
b01010100 #
#67595
1!
#67600
0!
b01010101 #
#67605
1!
#67610
0!
b01010110 #
#67615
1!
#67620
0!
b01010111 #
#67625
1!
#67630
0!
b01011000 #
#67635
1!
#67640
0!
b01011001 #
#67645
1!
#67650
0!
b01011010 #
#67655
1!
#67660
0!
b01011011 #
#67665
1!
#67670
0!
b01011100 #
#67675
1!
#67680
0!
b01011101 #
#67685
1!
#67690
0!
b01011110 #
#67695
1!
#67700
0!
b01011111 #
#67705
1!
#67710
0!
b01100000 #
#67715
1!
#67720
0!
b01100001 #
#67725
1!
#67730
0!
b01100010 #
#67735
1!
#67740
0!
b01100011 #
#67745
1!
#67750
0!
b01100100 #
#67755
1!
#67760
0!
b01100101 #
#67765
1!
#67770
0!
b01100110 #
#67775
1!
#67780
0!
b01100111 #
#67785
1!
#67790
0!
b01101000 #
#67795
1!
#67800
0!
b01101001 #
#67805
1!
#67810
0!
b01101010 #
#67815
1!
#67820
0!
b01101011 #
#67825
1!
#67830
0!
b01101100 #
#67835
1!
#67840
0!
b01101101 #
#67845
1!
#67850
0!
b01101110 #
#67855
1!
#67860
0!
b01101111 #
#67865
1!
#67870
0!
b01110000 #
#67875
1!
#67880
0!
b01110001 #
#67885
1!
#67890
0!
b01110010 #
#67895
1!
#67900
0!
b01110011 #
#67905
1!
#67910
0!
b01110100 #
#67915
1!
#67920
0!
b01110101 #
#67925
1!
#67930
0!
b01110110 #
#67935
1!
#67940
0!
b01110111 #
#67945
1!
#67950
0!
b01111000 #
#67955
1!
#67960
0!
b01111001 #
#67965
1!
#67970
0!
b01111010 #
#67975
1!
#67980
0!
b01111011 #
#67985
1!
#67990
0!
b01111100 #
#67995
1!
#68000
0!
b01111101 #
0(
#68005
1!
#68010
0!
b01111110 #
#68015
1!
#68020
0!
b01111111 #
#68025
1!
#68030
0!
b10000000 #
#68035
1!
#68040
0!
b10000001 #
#68045
1!
#68050
0!
b10000010 #
#68055
1!
#68060
0!
b10000011 #
#68065
1!
#68070
0!
b10000100 #
#68075
1!
#68080
0!
b10000101 #
#68085
1!
#68090
0!
b10000110 #
#68095
1!
#68100
0!
b10000111 #
#68105
1!
#68110
0!
b10001000 #
#68115
1!
#68120
0!
b10001001 #
#68125
1!
#68130
0!
b10001010 #
#68135
1!
#68140
0!
b10001011 #
#68145
1!
#68150
0!
b10001100 #
#68155
1!
#68160
0!
b10001101 #
#68165
1!
#68170
0!
b10001110 #
#68175
1!
#68180
0!
b10001111 #
#68185
1!
#68190
0!
b10010000 #
#68195
1!
#68200
0!
b10010001 #
#68205
1!
#68210
0!
b10010010 #
#68215
1!
#68220
0!
b10010011 #
#68225
1!
#68230
0!
b10010100 #
#68235
1!
#68240
0!
b10010101 #
#68245
1!
#68250
0!
b10010110 #
#68255
1!
#68260
0!
b10010111 #
#68265
1!
#68270
0!
b10011000 #
#68275
1!
#68280
0!
b10011001 #
#68285
1!
#68290
0!
b10011010 #
#68295
1!
#68300
0!
b10011011 #
#68305
1!
#68310
0!
b10011100 #
#68315
1!
#68320
0!
b10011101 #
#68325
1!
#68330
0!
b10011110 #
#68335
1!
#68340
0!
b10011111 #
#68345
1!
#68350
0!
b10100000 #
#68355
1!
#68360
0!
b10100001 #
#68365
1!
#68370
0!
b10100010 #
#68375
1!
#68380
0!
b10100011 #
#68385
1!
#68390
0!
b10100100 #
#68395
1!
#68400
0!
b10100101 #
#68405
1!
#68410
0!
b10100110 #
#68415
1!
#68420
0!
b10100111 #
#68425
1!
#68430
0!
b10101000 #
#68435
1!
#68440
0!
b10101001 #
#68445
1!
#68450
0!
b10101010 #
#68455
1!
#68460
0!
b10101011 #
#68465
1!
#68470
0!
b10101100 #
#68475
1!
#68480
0!
b10101101 #
#68485
1!
#68490
0!
b10101110 #
#68495
1!
#68500
0!
b10101111 #
#68505
1!
#68510
0!
b10110000 #
#68515
1!
#68520
0!
b10110001 #
#68525
1!
#68530
0!
b10110010 #
#68535
1!
#68540
0!
b10110011 #
#68545
1!
#68550
0!
b10110100 #
#68555
1!
#68560
0!
b10110101 #
#68565
1!
#68570
0!
b10110110 #
#68575
1!
#68580
0!
b10110111 #
#68585
1!
#68590
0!
b10111000 #
#68595
1!
#68600
0!
b10111001 #
#68605
1!
#68610
0!
b10111010 #
#68615
1!
#68620
0!
b10111011 #
#68625
1!
#68630
0!
b10111100 #
#68635
1!
#68640
0!
b10111101 #
#68645
1!
#68650
0!
b10111110 #
#68655
1!
#68660
0!
b10111111 #
#68665
1!
#68670
0!
b11000000 #
#68675
1!
#68680
0!
b11000001 #
#68685
1!
#68690
0!
b11000010 #
#68695
1!
#68700
0!
b11000011 #
#68705
1!
#68710
0!
b11000100 #
#68715
1!
#68720
0!
b11000101 #
#68725
1!
#68730
0!
b11000110 #
#68735
1!
#68740
0!
b11000111 #
#68745
1!
#68750
0!
b11001000 #
#68755
1!
#68760
0!
b11001001 #
#68765
1!
#68770
0!
b11001010 #
#68775
1!
#68780
0!
b11001011 #
#68785
1!
#68790
0!
b11001100 #
#68795
1!
#68800
0!
b11001101 #
#68805
1!
#68810
0!
b11001110 #
#68815
1!
#68820
0!
b11001111 #
#68825
1!
#68830
0!
b11010000 #
#68835
1!
#68840
0!
b11010001 #
#68845
1!
#68850
0!
b11010010 #
#68855
1!
#68860
0!
b11010011 #
#68865
1!
#68870
0!
b11010100 #
#68875
1!
#68880
0!
b11010101 #
#68885
1!
#68890
0!
b11010110 #
#68895
1!
#68900
0!
b11010111 #
#68905
1!
#68910
0!
b11011000 #
#68915
1!
#68920
0!
b11011001 #
#68925
1!
#68930
0!
b11011010 #
#68935
1!
#68940
0!
b11011011 #
#68945
1!
#68950
0!
b11011100 #
#68955
1!
#68960
0!
b11011101 #
#68965
1!
#68970
0!
b11011110 #
#68975
1!
#68980
0!
b11011111 #
#68985
1!
#68990
0!
b11100000 #
#68995
1!
#69000
0!
b11100001 #
1(
#69005
1!
#69010
0!
b11100010 #
#69015
1!
#69020
0!
b11100011 #
#69025
1!
#69030
0!
b11100100 #
#69035
1!
#69040
0!
b11100101 #
#69045
1!
#69050
0!
b11100110 #
#69055
1!
#69060
0!
b11100111 #
#69065
1!
#69070
0!
b11101000 #
#69075
1!
#69080
0!
b11101001 #
#69085
1!
#69090
0!
b11101010 #
#69095
1!
#69100
0!
b11101011 #
#69105
1!
#69110
0!
b11101100 #
#69115
1!
#69120
0!
b11101101 #
#69125
1!
#69130
0!
b11101110 #
#69135
1!
#69140
0!
b11101111 #
#69145
1!
#69150
0!
b11110000 #
#69155
1!
#69160
0!
b11110001 #
#69165
1!
#69170
0!
b11110010 #
#69175
1!
#69180
0!
b11110011 #
#69185
1!
#69190
0!
b11110100 #
#69195
1!
#69200
0!
b11110101 #
#69205
1!
#69210
0!
b11110110 #
#69215
1!
#69220
0!
b11110111 #
#69225
1!
#69230
0!
b11111000 #
#69235
1!
#69240
0!
b11111001 #
#69245
1!
#69250
0!
b11111010 #
#69255
1!
#69260
0!
b11111011 #
#69265
1!
#69270
0!
b11111100 #
#69275
1!
#69280
0!
b11111101 #
#69285
1!
#69290
0!
b11111110 #
#69295
1!
#69300
0!
b11111111 #
#69305
1!
#69310
0!
b00000000 #
#69315
1!
#69320
0!
b00000001 #
#69325
1!
#69330
0!
b00000010 #
#69335
1!
#69340
0!
b00000011 #
#69345
1!
#69350
0!
b00000100 #
#69355
1!
#69360
0!
b00000101 #
#69365
1!
#69370
0!
b00000110 #
#69375
1!
#69380
0!
b00000111 #
#69385
1!
#69390
0!
b00001000 #
#69395
1!
#69400
0!
b00001001 #
#69405
1!
#69410
0!
b00001010 #
#69415
1!
#69420
0!
b00001011 #
#69425
1!
#69430
0!
b00001100 #
#69435
1!
#69440
0!
b00001101 #
#69445
1!
#69450
0!
b00001110 #
#69455
1!
#69460
0!
b00001111 #
#69465
1!
#69470
0!
b00010000 #
#69475
1!
#69480
0!
b00010001 #
#69485
1!
#69490
0!
b00010010 #
#69495
1!
#69500
0!
b00010011 #
#69505
1!
#69510
0!
b00010100 #
#69515
1!
#69520
0!
b00010101 #
#69525
1!
#69530
0!
b00010110 #
#69535
1!
#69540
0!
b00010111 #
#69545
1!
#69550
0!
b00011000 #
#69555
1!
#69560
0!
b00011001 #
#69565
1!
#69570
0!
b00011010 #
#69575
1!
#69580
0!
b00011011 #
#69585
1!
#69590
0!
b00011100 #
#69595
1!
#69600
0!
b00011101 #
#69605
1!
#69610
0!
b00011110 #
#69615
1!
#69620
0!
b00011111 #
#69625
1!
#69630
0!
b00100000 #
#69635
1!
#69640
0!
b00100001 #
#69645
1!
#69650
0!
b00100010 #
#69655
1!
#69660
0!
b00100011 #
#69665
1!
#69670
0!
b00100100 #
#69675
1!
#69680
0!
b00100101 #
#69685
1!
#69690
0!
b00100110 #
#69695
1!
#69700
0!
b00100111 #
#69705
1!
#69710
0!
b00101000 #
#69715
1!
#69720
0!
b00101001 #
#69725
1!
#69730
0!
b00101010 #
#69735
1!
#69740
0!
b00101011 #
#69745
1!
#69750
0!
b00101100 #
#69755
1!
#69760
0!
b00101101 #
#69765
1!
#69770
0!
b00101110 #
#69775
1!
#69780
0!
b00101111 #
#69785
1!
#69790
0!
b00110000 #
#69795
1!
#69800
0!
b00110001 #
#69805
1!
#69810
0!
b00110010 #
#69815
1!
#69820
0!
b00110011 #
#69825
1!
#69830
0!
b00110100 #
#69835
1!
#69840
0!
b00110101 #
#69845
1!
#69850
0!
b00110110 #
#69855
1!
#69860
0!
b00110111 #
#69865
1!
#69870
0!
b00111000 #
#69875
1!
#69880
0!
b00111001 #
#69885
1!
#69890
0!
b00111010 #
#69895
1!
#69900
0!
b00111011 #
#69905
1!
#69910
0!
b00111100 #
#69915
1!
#69920
0!
b00111101 #
#69925
1!
#69930
0!
b00111110 #
#69935
1!
#69940
0!
b00111111 #
#69945
1!
#69950
0!
b01000000 #
#69955
1!
#69960
0!
b01000001 #
#69965
1!
#69970
0!
b01000010 #
#69975
1!
#69980
0!
b01000011 #
#69985
1!
#69990
0!
b01000100 #
#69995
1!
#70000
0!
b01000101 #
#70005
1!
#70010
0!
b01000110 #
#70015
1!
#70020
0!
b01000111 #
#70025
1!
#70030
0!
b01001000 #
#70035
1!
#70040
0!
b01001001 #
#70045
1!
#70050
0!
b01001010 #
#70055
1!
#70060
0!
b01001011 #
#70065
1!
#70070
0!
b01001100 #
#70075
1!
#70080
0!
b01001101 #
#70085
1!
#70090
0!
b01001110 #
#70095
1!
#70100
0!
b01001111 #
#70105
1!
#70110
0!
b01010000 #
#70115
1!
#70120
0!
b01010001 #
#70125
1!
#70130
0!
b01010010 #
#70135
1!
#70140
0!
b01010011 #
#70145
1!
#70150
0!
b01010100 #
#70155
1!
#70160
0!
b01010101 #
#70165
1!
#70170
0!
b01010110 #
#70175
1!
#70180
0!
b01010111 #
#70185
1!
#70190
0!
b01011000 #
#70195
1!
#70200
0!
b01011001 #
#70205
1!
#70210
0!
b01011010 #
#70215
1!
#70220
0!
b01011011 #
#70225
1!
#70230
0!
b01011100 #
#70235
1!
#70240
0!
b01011101 #
#70245
1!
#70250
0!
b01011110 #
#70255
1!
#70260
0!
b01011111 #
#70265
1!
#70270
0!
b01100000 #
#70275
1!
#70280
0!
b01100001 #
#70285
1!
#70290
0!
b01100010 #
#70295
1!
#70300
0!
b01100011 #
#70305
1!
#70310
0!
b01100100 #
#70315
1!
#70320
0!
b01100101 #
#70325
1!
#70330
0!
b01100110 #
#70335
1!
#70340
0!
b01100111 #
#70345
1!
#70350
0!
b01101000 #
#70355
1!
#70360
0!
b01101001 #
#70365
1!
#70370
0!
b01101010 #
#70375
1!
#70380
0!
b01101011 #
#70385
1!
#70390
0!
b01101100 #
#70395
1!
#70400
0!
b01101101 #
#70405
1!
#70410
0!
b01101110 #
#70415
1!
#70420
0!
b01101111 #
#70425
1!
#70430
0!
b01110000 #
#70435
1!
#70440
0!
b01110001 #
#70445
1!
#70450
0!
b01110010 #
#70455
1!
#70460
0!
b01110011 #
#70465
1!
#70470
0!
b01110100 #
#70475
1!
#70480
0!
b01110101 #
#70485
1!
#70490
0!
b01110110 #
#70495
1!
#70500
0!
b01110111 #
#70505
1!
#70510
0!
b01111000 #
#70515
1!
#70520
0!
b01111001 #
#70525
1!
#70530
0!
b01111010 #
#70535
1!
#70540
0!
b01111011 #
#70545
1!
#70550
0!
b01111100 #
#70555
1!
#70560
0!
b01111101 #
#70565
1!
#70570
0!
b01111110 #
#70575
1!
#70580
0!
b01111111 #
#70585
1!
#70590
0!
b10000000 #
#70595
1!
#70600
0!
b10000001 #
#70605
1!
#70610
0!
b10000010 #
#70615
1!
#70620
0!
b10000011 #
#70625
1!
#70630
0!
b10000100 #
#70635
1!
#70640
0!
b10000101 #
#70645
1!
#70650
0!
b10000110 #
#70655
1!
#70660
0!
b10000111 #
#70665
1!
#70670
0!
b10001000 #
#70675
1!
#70680
0!
b10001001 #
#70685
1!
#70690
0!
b10001010 #
#70695
1!
#70700
0!
b10001011 #
#70705
1!
#70710
0!
b10001100 #
#70715
1!
#70720
0!
b10001101 #
#70725
1!
#70730
0!
b10001110 #
#70735
1!
#70740
0!
b10001111 #
#70745
1!
#70750
0!
b10010000 #
#70755
1!
#70760
0!
b10010001 #
#70765
1!
#70770
0!
b10010010 #
#70775
1!
#70780
0!
b10010011 #
#70785
1!
#70790
0!
b10010100 #
#70795
1!
#70800
0!
b10010101 #
#70805
1!
#70810
0!
b10010110 #
#70815
1!
#70820
0!
b10010111 #
#70825
1!
#70830
0!
b10011000 #
#70835
1!
#70840
0!
b10011001 #
#70845
1!
#70850
0!
b10011010 #
#70855
1!
#70860
0!
b10011011 #
#70865
1!
#70870
0!
b10011100 #
#70875
1!
#70880
0!
b10011101 #
#70885
1!
#70890
0!
b10011110 #
#70895
1!
#70900
0!
b10011111 #
#70905
1!
#70910
0!
b10100000 #
#70915
1!
#70920
0!
b10100001 #
#70925
1!
#70930
0!
b10100010 #
#70935
1!
#70940
0!
b10100011 #
#70945
1!
#70950
0!
b10100100 #
#70955
1!
#70960
0!
b10100101 #
#70965
1!
#70970
0!
b10100110 #
#70975
1!
#70980
0!
b10100111 #
#70985
1!
#70990
0!
b10101000 #
#70995
1!
#71000
0!
b10101001 #
#71005
1!
#71010
0!
b10101010 #
#71015
1!
#71020
0!
b10101011 #
#71025
1!
#71030
0!
b10101100 #
#71035
1!
#71040
0!
b10101101 #
#71045
1!
#71050
0!
b10101110 #
#71055
1!
#71060
0!
b10101111 #
#71065
1!
#71070
0!
b10110000 #
#71075
1!
#71080
0!
b10110001 #
#71085
1!
#71090
0!
b10110010 #
#71095
1!
#71100
0!
b10110011 #
#71105
1!
#71110
0!
b10110100 #
#71115
1!
#71120
0!
b10110101 #
#71125
1!
#71130
0!
b10110110 #
#71135
1!
#71140
0!
b10110111 #
#71145
1!
#71150
0!
b10111000 #
#71155
1!
#71160
0!
b10111001 #
#71165
1!
#71170
0!
b10111010 #
#71175
1!
#71180
0!
b10111011 #
#71185
1!
#71190
0!
b10111100 #
#71195
1!
#71200
0!
b10111101 #
#71205
1!
#71210
0!
b10111110 #
#71215
1!
#71220
0!
b10111111 #
#71225
1!
#71230
0!
b11000000 #
#71235
1!
#71240
0!
b11000001 #
#71245
1!
#71250
0!
b11000010 #
#71255
1!
#71260
0!
b11000011 #
#71265
1!
#71270
0!
b11000100 #
#71275
1!
#71280
0!
b11000101 #
#71285
1!
#71290
0!
b11000110 #
#71295
1!
#71300
0!
b11000111 #
#71305
1!
#71310
0!
b11001000 #
#71315
1!
#71320
0!
b11001001 #
#71325
1!
#71330
0!
b11001010 #
#71335
1!
#71340
0!
b11001011 #
#71345
1!
#71350
0!
b11001100 #
#71355
1!
#71360
0!
b11001101 #
#71365
1!
#71370
0!
b11001110 #
#71375
1!
#71380
0!
b11001111 #
#71385
1!
#71390
0!
b11010000 #
#71395
1!
#71400
0!
b11010001 #
#71405
1!
#71410
0!
b11010010 #
#71415
1!
#71420
0!
b11010011 #
#71425
1!
#71430
0!
b11010100 #
#71435
1!
#71440
0!
b11010101 #
#71445
1!
#71450
0!
b11010110 #
#71455
1!
#71460
0!
b11010111 #
#71465
1!
#71470
0!
b11011000 #
#71475
1!
#71480
0!
b11011001 #
#71485
1!
#71490
0!
b11011010 #
#71495
1!
#71500
0!
b11011011 #
#71505
1!
#71510
0!
b11011100 #
#71515
1!
#71520
0!
b11011101 #
#71525
1!
#71530
0!
b11011110 #
#71535
1!
#71540
0!
b11011111 #
#71545
1!
#71550
0!
b11100000 #
#71555
1!
#71560
0!
b11100001 #
#71565
1!
#71570
0!
b11100010 #
#71575
1!
#71580
0!
b11100011 #
#71585
1!
#71590
0!
b11100100 #
#71595
1!
#71600
0!
b11100101 #
#71605
1!
#71610
0!
b11100110 #
#71615
1!
#71620
0!
b11100111 #
#71625
1!
#71630
0!
b11101000 #
#71635
1!
#71640
0!
b11101001 #
#71645
1!
#71650
0!
b11101010 #
#71655
1!
#71660
0!
b11101011 #
#71665
1!
#71670
0!
b11101100 #
#71675
1!
#71680
0!
b11101101 #
#71685
1!
#71690
0!
b11101110 #
#71695
1!
#71700
0!
b11101111 #
#71705
1!
#71710
0!
b11110000 #
#71715
1!
#71720
0!
b11110001 #
#71725
1!
#71730
0!
b11110010 #
#71735
1!
#71740
0!
b11110011 #
#71745
1!
#71750
0!
b11110100 #
#71755
1!
#71760
0!
b11110101 #
#71765
1!
#71770
0!
b11110110 #
#71775
1!
#71780
0!
b11110111 #
#71785
1!
#71790
0!
b11111000 #
#71795
1!
#71800
0!
b11111001 #
#71805
1!
#71810
0!
b11111010 #
#71815
1!
#71820
0!
b11111011 #
#71825
1!
#71830
0!
b11111100 #
#71835
1!
#71840
0!
b11111101 #
#71845
1!
#71850
0!
b11111110 #
#71855
1!
#71860
0!
b11111111 #
#71865
1!
#71870
0!
b00000000 #
#71875
1!
#71880
0!
b00000001 #
#71885
1!
#71890
0!
b00000010 #
#71895
1!
#71900
0!
b00000011 #
#71905
1!
#71910
0!
b00000100 #
#71915
1!
#71920
0!
b00000101 #
#71925
1!
#71930
0!
b00000110 #
#71935
1!
#71940
0!
b00000111 #
#71945
1!
#71950
0!
b00001000 #
#71955
1!
#71960
0!
b00001001 #
#71965
1!
#71970
0!
b00001010 #
#71975
1!
#71980
0!
b00001011 #
#71985
1!
#71990
0!
b00001100 #
#71995
1!
#72000
0!
b00001101 #
0(
#72005
1!
#72010
0!
b00001110 #
#72015
1!
#72020
0!
b00001111 #
#72025
1!
#72030
0!
b00010000 #
#72035
1!
#72040
0!
b00010001 #
#72045
1!
#72050
0!
b00010010 #
#72055
1!
#72060
0!
b00010011 #
#72065
1!
#72070
0!
b00010100 #
#72075
1!
#72080
0!
b00010101 #
#72085
1!
#72090
0!
b00010110 #
#72095
1!
#72100
0!
b00010111 #
#72105
1!
#72110
0!
b00011000 #
#72115
1!
#72120
0!
b00011001 #
#72125
1!
#72130
0!
b00011010 #
#72135
1!
#72140
0!
b00011011 #
#72145
1!
#72150
0!
b00011100 #
#72155
1!
#72160
0!
b00011101 #
#72165
1!
#72170
0!
b00011110 #
#72175
1!
#72180
0!
b00011111 #
#72185
1!
#72190
0!
b00100000 #
#72195
1!
#72200
0!
b00100001 #
#72205
1!
#72210
0!
b00100010 #
#72215
1!
#72220
0!
b00100011 #
#72225
1!
#72230
0!
b00100100 #
#72235
1!
#72240
0!
b00100101 #
#72245
1!
#72250
0!
b00100110 #
#72255
1!
#72260
0!
b00100111 #
#72265
1!
#72270
0!
b00101000 #
#72275
1!
#72280
0!
b00101001 #
#72285
1!
#72290
0!
b00101010 #
#72295
1!
#72300
0!
b00101011 #
#72305
1!
#72310
0!
b00101100 #
#72315
1!
#72320
0!
b00101101 #
#72325
1!
#72330
0!
b00101110 #
#72335
1!
#72340
0!
b00101111 #
#72345
1!
#72350
0!
b00110000 #
#72355
1!
#72360
0!
b00110001 #
#72365
1!
#72370
0!
b00110010 #
#72375
1!
#72380
0!
b00110011 #
#72385
1!
#72390
0!
b00110100 #
#72395
1!
#72400
0!
b00110101 #
#72405
1!
#72410
0!
b00110110 #
#72415
1!
#72420
0!
b00110111 #
#72425
1!
#72430
0!
b00111000 #
#72435
1!
#72440
0!
b00111001 #
#72445
1!
#72450
0!
b00111010 #
#72455
1!
#72460
0!
b00111011 #
#72465
1!
#72470
0!
b00111100 #
#72475
1!
#72480
0!
b00111101 #
#72485
1!
#72490
0!
b00111110 #
#72495
1!
#72500
0!
b00111111 #
#72505
1!
#72510
0!
b01000000 #
#72515
1!
#72520
0!
b01000001 #
#72525
1!
#72530
0!
b01000010 #
#72535
1!
#72540
0!
b01000011 #
#72545
1!
#72550
0!
b01000100 #
#72555
1!
#72560
0!
b01000101 #
#72565
1!
#72570
0!
b01000110 #
#72575
1!
#72580
0!
b01000111 #
#72585
1!
#72590
0!
b01001000 #
#72595
1!
#72600
0!
b01001001 #
#72605
1!
#72610
0!
b01001010 #
#72615
1!
#72620
0!
b01001011 #
#72625
1!
#72630
0!
b01001100 #
#72635
1!
#72640
0!
b01001101 #
#72645
1!
#72650
0!
b01001110 #
#72655
1!
#72660
0!
b01001111 #
#72665
1!
#72670
0!
b01010000 #
#72675
1!
#72680
0!
b01010001 #
#72685
1!
#72690
0!
b01010010 #
#72695
1!
#72700
0!
b01010011 #
#72705
1!
#72710
0!
b01010100 #
#72715
1!
#72720
0!
b01010101 #
#72725
1!
#72730
0!
b01010110 #
#72735
1!
#72740
0!
b01010111 #
#72745
1!
#72750
0!
b01011000 #
#72755
1!
#72760
0!
b01011001 #
#72765
1!
#72770
0!
b01011010 #
#72775
1!
#72780
0!
b01011011 #
#72785
1!
#72790
0!
b01011100 #
#72795
1!
#72800
0!
b01011101 #
#72805
1!
#72810
0!
b01011110 #
#72815
1!
#72820
0!
b01011111 #
#72825
1!
#72830
0!
b01100000 #
#72835
1!
#72840
0!
b01100001 #
#72845
1!
#72850
0!
b01100010 #
#72855
1!
#72860
0!
b01100011 #
#72865
1!
#72870
0!
b01100100 #
#72875
1!
#72880
0!
b01100101 #
#72885
1!
#72890
0!
b01100110 #
#72895
1!
#72900
0!
b01100111 #
#72905
1!
#72910
0!
b01101000 #
#72915
1!
#72920
0!
b01101001 #
#72925
1!
#72930
0!
b01101010 #
#72935
1!
#72940
0!
b01101011 #
#72945
1!
#72950
0!
b01101100 #
#72955
1!
#72960
0!
b01101101 #
#72965
1!
#72970
0!
b01101110 #
#72975
1!
#72980
0!
b01101111 #
#72985
1!
#72990
0!
b01110000 #
#72995
1!
#73000
0!
b01110001 #
1(
#73005
1!
#73010
0!
b01110010 #
#73015
1!
#73020
0!
b01110011 #
#73025
1!
#73030
0!
b01110100 #
#73035
1!
#73040
0!
b01110101 #
#73045
1!
#73050
0!
b01110110 #
#73055
1!
#73060
0!
b01110111 #
#73065
1!
#73070
0!
b01111000 #
#73075
1!
#73080
0!
b01111001 #
#73085
1!
#73090
0!
b01111010 #
#73095
1!
#73100
0!
b01111011 #
#73105
1!
#73110
0!
b01111100 #
#73115
1!
#73120
0!
b01111101 #
#73125
1!
#73130
0!
b01111110 #
#73135
1!
#73140
0!
b01111111 #
#73145
1!
#73150
0!
b10000000 #
#73155
1!
#73160
0!
b10000001 #
#73165
1!
#73170
0!
b10000010 #
#73175
1!
#73180
0!
b10000011 #
#73185
1!
#73190
0!
b10000100 #
#73195
1!
#73200
0!
b10000101 #
#73205
1!
#73210
0!
b10000110 #
#73215
1!
#73220
0!
b10000111 #
#73225
1!
#73230
0!
b10001000 #
#73235
1!
#73240
0!
b10001001 #
#73245
1!
#73250
0!
b10001010 #
#73255
1!
#73260
0!
b10001011 #
#73265
1!
#73270
0!
b10001100 #
#73275
1!
#73280
0!
b10001101 #
#73285
1!
#73290
0!
b10001110 #
#73295
1!
#73300
0!
b10001111 #
#73305
1!
#73310
0!
b10010000 #
#73315
1!
#73320
0!
b10010001 #
#73325
1!
#73330
0!
b10010010 #
#73335
1!
#73340
0!
b10010011 #
#73345
1!
#73350
0!
b10010100 #
#73355
1!
#73360
0!
b10010101 #
#73365
1!
#73370
0!
b10010110 #
#73375
1!
#73380
0!
b10010111 #
#73385
1!
#73390
0!
b10011000 #
#73395
1!
#73400
0!
b10011001 #
#73405
1!
#73410
0!
b10011010 #
#73415
1!
#73420
0!
b10011011 #
#73425
1!
#73430
0!
b10011100 #
#73435
1!
#73440
0!
b10011101 #
#73445
1!
#73450
0!
b10011110 #
#73455
1!
#73460
0!
b10011111 #
#73465
1!
#73470
0!
b10100000 #
#73475
1!
#73480
0!
b10100001 #
#73485
1!
#73490
0!
b10100010 #
#73495
1!
#73500
0!
b10100011 #
#73505
1!
#73510
0!
b10100100 #
#73515
1!
#73520
0!
b10100101 #
#73525
1!
#73530
0!
b10100110 #
#73535
1!
#73540
0!
b10100111 #
#73545
1!
#73550
0!
b10101000 #
#73555
1!
#73560
0!
b10101001 #
#73565
1!
#73570
0!
b10101010 #
#73575
1!
#73580
0!
b10101011 #
#73585
1!
#73590
0!
b10101100 #
#73595
1!
#73600
0!
b10101101 #
#73605
1!
#73610
0!
b10101110 #
#73615
1!
#73620
0!
b10101111 #
#73625
1!
#73630
0!
b10110000 #
#73635
1!
#73640
0!
b10110001 #
#73645
1!
#73650
0!
b10110010 #
#73655
1!
#73660
0!
b10110011 #
#73665
1!
#73670
0!
b10110100 #
#73675
1!
#73680
0!
b10110101 #
#73685
1!
#73690
0!
b10110110 #
#73695
1!
#73700
0!
b10110111 #
#73705
1!
#73710
0!
b10111000 #
#73715
1!
#73720
0!
b10111001 #
#73725
1!
#73730
0!
b10111010 #
#73735
1!
#73740
0!
b10111011 #
#73745
1!
#73750
0!
b10111100 #
#73755
1!
#73760
0!
b10111101 #
#73765
1!
#73770
0!
b10111110 #
#73775
1!
#73780
0!
b10111111 #
#73785
1!
#73790
0!
b11000000 #
#73795
1!
#73800
0!
b11000001 #
#73805
1!
#73810
0!
b11000010 #
#73815
1!
#73820
0!
b11000011 #
#73825
1!
#73830
0!
b11000100 #
#73835
1!
#73840
0!
b11000101 #
#73845
1!
#73850
0!
b11000110 #
#73855
1!
#73860
0!
b11000111 #
#73865
1!
#73870
0!
b11001000 #
#73875
1!
#73880
0!
b11001001 #
#73885
1!
#73890
0!
b11001010 #
#73895
1!
#73900
0!
b11001011 #
#73905
1!
#73910
0!
b11001100 #
#73915
1!
#73920
0!
b11001101 #
#73925
1!
#73930
0!
b11001110 #
#73935
1!
#73940
0!
b11001111 #
#73945
1!
#73950
0!
b11010000 #
#73955
1!
#73960
0!
b11010001 #
#73965
1!
#73970
0!
b11010010 #
#73975
1!
#73980
0!
b11010011 #
#73985
1!
#73990
0!
b11010100 #
#73995
1!
#74000
0!
b11010101 #
0(
#74005
1!
#74010
0!
b11010110 #
#74015
1!
#74020
0!
b11010111 #
#74025
1!
#74030
0!
b11011000 #
#74035
1!
#74040
0!
b11011001 #
#74045
1!
#74050
0!
b11011010 #
#74055
1!
#74060
0!
b11011011 #
#74065
1!
#74070
0!
b11011100 #
#74075
1!
#74080
0!
b11011101 #
#74085
1!
#74090
0!
b11011110 #
#74095
1!
#74100
0!
b11011111 #
#74105
1!
#74110
0!
b11100000 #
#74115
1!
#74120
0!
b11100001 #
#74125
1!
#74130
0!
b11100010 #
#74135
1!
#74140
0!
b11100011 #
#74145
1!
#74150
0!
b11100100 #
#74155
1!
#74160
0!
b11100101 #
#74165
1!
#74170
0!
b11100110 #
#74175
1!
#74180
0!
b11100111 #
#74185
1!
#74190
0!
b11101000 #
#74195
1!
#74200
0!
b11101001 #
#74205
1!
#74210
0!
b11101010 #
#74215
1!
#74220
0!
b11101011 #
#74225
1!
#74230
0!
b11101100 #
#74235
1!
#74240
0!
b11101101 #
#74245
1!
#74250
0!
b11101110 #
#74255
1!
#74260
0!
b11101111 #
#74265
1!
#74270
0!
b11110000 #
#74275
1!
#74280
0!
b11110001 #
#74285
1!
#74290
0!
b11110010 #
#74295
1!
#74300
0!
b11110011 #
#74305
1!
#74310
0!
b11110100 #
#74315
1!
#74320
0!
b11110101 #
#74325
1!
#74330
0!
b11110110 #
#74335
1!
#74340
0!
b11110111 #
#74345
1!
#74350
0!
b11111000 #
#74355
1!
#74360
0!
b11111001 #
#74365
1!
#74370
0!
b11111010 #
#74375
1!
#74380
0!
b11111011 #
#74385
1!
#74390
0!
b11111100 #
#74395
1!
#74400
0!
b11111101 #
#74405
1!
#74410
0!
b11111110 #
#74415
1!
#74420
0!
b11111111 #
#74425
1!
#74430
0!
b00000000 #
#74435
1!
#74440
0!
b00000001 #
#74445
1!
#74450
0!
b00000010 #
#74455
1!
#74460
0!
b00000011 #
#74465
1!
#74470
0!
b00000100 #
#74475
1!
#74480
0!
b00000101 #
#74485
1!
#74490
0!
b00000110 #
#74495
1!
#74500
0!
b00000111 #
#74505
1!
#74510
0!
b00001000 #
#74515
1!
#74520
0!
b00001001 #
#74525
1!
#74530
0!
b00001010 #
#74535
1!
#74540
0!
b00001011 #
#74545
1!
#74550
0!
b00001100 #
#74555
1!
#74560
0!
b00001101 #
#74565
1!
#74570
0!
b00001110 #
#74575
1!
#74580
0!
b00001111 #
#74585
1!
#74590
0!
b00010000 #
#74595
1!
#74600
0!
b00010001 #
#74605
1!
#74610
0!
b00010010 #
#74615
1!
#74620
0!
b00010011 #
#74625
1!
#74630
0!
b00010100 #
#74635
1!
#74640
0!
b00010101 #
#74645
1!
#74650
0!
b00010110 #
#74655
1!
#74660
0!
b00010111 #
#74665
1!
#74670
0!
b00011000 #
#74675
1!
#74680
0!
b00011001 #
#74685
1!
#74690
0!
b00011010 #
#74695
1!
#74700
0!
b00011011 #
#74705
1!
#74710
0!
b00011100 #
#74715
1!
#74720
0!
b00011101 #
#74725
1!
#74730
0!
b00011110 #
#74735
1!
#74740
0!
b00011111 #
#74745
1!
#74750
0!
b00100000 #
#74755
1!
#74760
0!
b00100001 #
#74765
1!
#74770
0!
b00100010 #
#74775
1!
#74780
0!
b00100011 #
#74785
1!
#74790
0!
b00100100 #
#74795
1!
#74800
0!
b00100101 #
#74805
1!
#74810
0!
b00100110 #
#74815
1!
#74820
0!
b00100111 #
#74825
1!
#74830
0!
b00101000 #
#74835
1!
#74840
0!
b00101001 #
#74845
1!
#74850
0!
b00101010 #
#74855
1!
#74860
0!
b00101011 #
#74865
1!
#74870
0!
b00101100 #
#74875
1!
#74880
0!
b00101101 #
#74885
1!
#74890
0!
b00101110 #
#74895
1!
#74900
0!
b00101111 #
#74905
1!
#74910
0!
b00110000 #
#74915
1!
#74920
0!
b00110001 #
#74925
1!
#74930
0!
b00110010 #
#74935
1!
#74940
0!
b00110011 #
#74945
1!
#74950
0!
b00110100 #
#74955
1!
#74960
0!
b00110101 #
#74965
1!
#74970
0!
b00110110 #
#74975
1!
#74980
0!
b00110111 #
#74985
1!
#74990
0!
b00111000 #
#74995
1!
#75000
0!
b00111001 #
0(
#75005
1!
#75010
0!
b00111010 #
#75015
1!
#75020
0!
b00111011 #
#75025
1!
#75030
0!
b00111100 #
#75035
1!
#75040
0!
b00111101 #
#75045
1!
#75050
0!
b00111110 #
#75055
1!
#75060
0!
b00111111 #
#75065
1!
#75070
0!
b01000000 #
#75075
1!
#75080
0!
b01000001 #
#75085
1!
#75090
0!
b01000010 #
#75095
1!
#75100
0!
b01000011 #
#75105
1!
#75110
0!
b01000100 #
#75115
1!
#75120
0!
b01000101 #
#75125
1!
#75130
0!
b01000110 #
#75135
1!
#75140
0!
b01000111 #
#75145
1!
#75150
0!
b01001000 #
#75155
1!
#75160
0!
b01001001 #
#75165
1!
#75170
0!
b01001010 #
#75175
1!
#75180
0!
b01001011 #
#75185
1!
#75190
0!
b01001100 #
#75195
1!
#75200
0!
b01001101 #
#75205
1!
#75210
0!
b01001110 #
#75215
1!
#75220
0!
b01001111 #
#75225
1!
#75230
0!
b01010000 #
#75235
1!
#75240
0!
b01010001 #
#75245
1!
#75250
0!
b01010010 #
#75255
1!
#75260
0!
b01010011 #
#75265
1!
#75270
0!
b01010100 #
#75275
1!
#75280
0!
b01010101 #
#75285
1!
#75290
0!
b01010110 #
#75295
1!
#75300
0!
b01010111 #
#75305
1!
#75310
0!
b01011000 #
#75315
1!
#75320
0!
b01011001 #
#75325
1!
#75330
0!
b01011010 #
#75335
1!
#75340
0!
b01011011 #
#75345
1!
#75350
0!
b01011100 #
#75355
1!
#75360
0!
b01011101 #
#75365
1!
#75370
0!
b01011110 #
#75375
1!
#75380
0!
b01011111 #
#75385
1!
#75390
0!
b01100000 #
#75395
1!
#75400
0!
b01100001 #
#75405
1!
#75410
0!
b01100010 #
#75415
1!
#75420
0!
b01100011 #
#75425
1!
#75430
0!
b01100100 #
#75435
1!
#75440
0!
b01100101 #
#75445
1!
#75450
0!
b01100110 #
#75455
1!
#75460
0!
b01100111 #
#75465
1!
#75470
0!
b01101000 #
#75475
1!
#75480
0!
b01101001 #
#75485
1!
#75490
0!
b01101010 #
#75495
1!
#75500
0!
b01101011 #
#75505
1!
#75510
0!
b01101100 #
#75515
1!
#75520
0!
b01101101 #
#75525
1!
#75530
0!
b01101110 #
#75535
1!
#75540
0!
b01101111 #
#75545
1!
#75550
0!
b01110000 #
#75555
1!
#75560
0!
b01110001 #
#75565
1!
#75570
0!
b01110010 #
#75575
1!
#75580
0!
b01110011 #
#75585
1!
#75590
0!
b01110100 #
#75595
1!
#75600
0!
b01110101 #
#75605
1!
#75610
0!
b01110110 #
#75615
1!
#75620
0!
b01110111 #
#75625
1!
#75630
0!
b01111000 #
#75635
1!
#75640
0!
b01111001 #
#75645
1!
#75650
0!
b01111010 #
#75655
1!
#75660
0!
b01111011 #
#75665
1!
#75670
0!
b01111100 #
#75675
1!
#75680
0!
b01111101 #
#75685
1!
#75690
0!
b01111110 #
#75695
1!
#75700
0!
b01111111 #
#75705
1!
#75710
0!
b10000000 #
#75715
1!
#75720
0!
b10000001 #
#75725
1!
#75730
0!
b10000010 #
#75735
1!
#75740
0!
b10000011 #
#75745
1!
#75750
0!
b10000100 #
#75755
1!
#75760
0!
b10000101 #
#75765
1!
#75770
0!
b10000110 #
#75775
1!
#75780
0!
b10000111 #
#75785
1!
#75790
0!
b10001000 #
#75795
1!
#75800
0!
b10001001 #
#75805
1!
#75810
0!
b10001010 #
#75815
1!
#75820
0!
b10001011 #
#75825
1!
#75830
0!
b10001100 #
#75835
1!
#75840
0!
b10001101 #
#75845
1!
#75850
0!
b10001110 #
#75855
1!
#75860
0!
b10001111 #
#75865
1!
#75870
0!
b10010000 #
#75875
1!
#75880
0!
b10010001 #
#75885
1!
#75890
0!
b10010010 #
#75895
1!
#75900
0!
b10010011 #
#75905
1!
#75910
0!
b10010100 #
#75915
1!
#75920
0!
b10010101 #
#75925
1!
#75930
0!
b10010110 #
#75935
1!
#75940
0!
b10010111 #
#75945
1!
#75950
0!
b10011000 #
#75955
1!
#75960
0!
b10011001 #
#75965
1!
#75970
0!
b10011010 #
#75975
1!
#75980
0!
b10011011 #
#75985
1!
#75990
0!
b10011100 #
#75995
1!
#76000
0!
b10011101 #
0(
#76005
1!
#76010
0!
b10011110 #
#76015
1!
#76020
0!
b10011111 #
#76025
1!
#76030
0!
b10100000 #
#76035
1!
#76040
0!
b10100001 #
#76045
1!
#76050
0!
b10100010 #
#76055
1!
#76060
0!
b10100011 #
#76065
1!
#76070
0!
b10100100 #
#76075
1!
#76080
0!
b10100101 #
#76085
1!
#76090
0!
b10100110 #
#76095
1!
#76100
0!
b10100111 #
#76105
1!
#76110
0!
b10101000 #
#76115
1!
#76120
0!
b10101001 #
#76125
1!
#76130
0!
b10101010 #
#76135
1!
#76140
0!
b10101011 #
#76145
1!
#76150
0!
b10101100 #
#76155
1!
#76160
0!
b10101101 #
#76165
1!
#76170
0!
b10101110 #
#76175
1!
#76180
0!
b10101111 #
#76185
1!
#76190
0!
b10110000 #
#76195
1!
#76200
0!
b10110001 #
#76205
1!
#76210
0!
b10110010 #
#76215
1!
#76220
0!
b10110011 #
#76225
1!
#76230
0!
b10110100 #
#76235
1!
#76240
0!
b10110101 #
#76245
1!
#76250
0!
b10110110 #
#76255
1!
#76260
0!
b10110111 #
#76265
1!
#76270
0!
b10111000 #
#76275
1!
#76280
0!
b10111001 #
#76285
1!
#76290
0!
b10111010 #
#76295
1!
#76300
0!
b10111011 #
#76305
1!
#76310
0!
b10111100 #
#76315
1!
#76320
0!
b10111101 #
#76325
1!
#76330
0!
b10111110 #
#76335
1!
#76340
0!
b10111111 #
#76345
1!
#76350
0!
b11000000 #
#76355
1!
#76360
0!
b11000001 #
#76365
1!
#76370
0!
b11000010 #
#76375
1!
#76380
0!
b11000011 #
#76385
1!
#76390
0!
b11000100 #
#76395
1!
#76400
0!
b11000101 #
#76405
1!
#76410
0!
b11000110 #
#76415
1!
#76420
0!
b11000111 #
#76425
1!
#76430
0!
b11001000 #
#76435
1!
#76440
0!
b11001001 #
#76445
1!
#76450
0!
b11001010 #
#76455
1!
#76460
0!
b11001011 #
#76465
1!
#76470
0!
b11001100 #
#76475
1!
#76480
0!
b11001101 #
#76485
1!
#76490
0!
b11001110 #
#76495
1!
#76500
0!
b11001111 #
#76505
1!
#76510
0!
b11010000 #
#76515
1!
#76520
0!
b11010001 #
#76525
1!
#76530
0!
b11010010 #
#76535
1!
#76540
0!
b11010011 #
#76545
1!
#76550
0!
b11010100 #
#76555
1!
#76560
0!
b11010101 #
#76565
1!
#76570
0!
b11010110 #
#76575
1!
#76580
0!
b11010111 #
#76585
1!
#76590
0!
b11011000 #
#76595
1!
#76600
0!
b11011001 #
#76605
1!
#76610
0!
b11011010 #
#76615
1!
#76620
0!
b11011011 #
#76625
1!
#76630
0!
b11011100 #
#76635
1!
#76640
0!
b11011101 #
#76645
1!
#76650
0!
b11011110 #
#76655
1!
#76660
0!
b11011111 #
#76665
1!
#76670
0!
b11100000 #
#76675
1!
#76680
0!
b11100001 #
#76685
1!
#76690
0!
b11100010 #
#76695
1!
#76700
0!
b11100011 #
#76705
1!
#76710
0!
b11100100 #
#76715
1!
#76720
0!
b11100101 #
#76725
1!
#76730
0!
b11100110 #
#76735
1!
#76740
0!
b11100111 #
#76745
1!
#76750
0!
b11101000 #
#76755
1!
#76760
0!
b11101001 #
#76765
1!
#76770
0!
b11101010 #
#76775
1!
#76780
0!
b11101011 #
#76785
1!
#76790
0!
b11101100 #
#76795
1!
#76800
0!
b11101101 #
#76805
1!
#76810
0!
b11101110 #
#76815
1!
#76820
0!
b11101111 #
#76825
1!
#76830
0!
b11110000 #
#76835
1!
#76840
0!
b11110001 #
#76845
1!
#76850
0!
b11110010 #
#76855
1!
#76860
0!
b11110011 #
#76865
1!
#76870
0!
b11110100 #
#76875
1!
#76880
0!
b11110101 #
#76885
1!
#76890
0!
b11110110 #
#76895
1!
#76900
0!
b11110111 #
#76905
1!
#76910
0!
b11111000 #
#76915
1!
#76920
0!
b11111001 #
#76925
1!
#76930
0!
b11111010 #
#76935
1!
#76940
0!
b11111011 #
#76945
1!
#76950
0!
b11111100 #
#76955
1!
#76960
0!
b11111101 #
#76965
1!
#76970
0!
b11111110 #
#76975
1!
#76980
0!
b11111111 #
#76985
1!
#76990
0!
b00000000 #
#76995
1!
#77000
0!
b00000001 #
0(
#77005
1!
#77010
0!
b00000010 #
#77015
1!
#77020
0!
b00000011 #
#77025
1!
#77030
0!
b00000100 #
#77035
1!
#77040
0!
b00000101 #
#77045
1!
#77050
0!
b00000110 #
#77055
1!
#77060
0!
b00000111 #
#77065
1!
#77070
0!
b00001000 #
#77075
1!
#77080
0!
b00001001 #
#77085
1!
#77090
0!
b00001010 #
#77095
1!
#77100
0!
b00001011 #
#77105
1!
#77110
0!
b00001100 #
#77115
1!
#77120
0!
b00001101 #
#77125
1!
#77130
0!
b00001110 #
#77135
1!
#77140
0!
b00001111 #
#77145
1!
#77150
0!
b00010000 #
#77155
1!
#77160
0!
b00010001 #
#77165
1!
#77170
0!
b00010010 #
#77175
1!
#77180
0!
b00010011 #
#77185
1!
#77190
0!
b00010100 #
#77195
1!
#77200
0!
b00010101 #
#77205
1!
#77210
0!
b00010110 #
#77215
1!
#77220
0!
b00010111 #
#77225
1!
#77230
0!
b00011000 #
#77235
1!
#77240
0!
b00011001 #
#77245
1!
#77250
0!
b00011010 #
#77255
1!
#77260
0!
b00011011 #
#77265
1!
#77270
0!
b00011100 #
#77275
1!
#77280
0!
b00011101 #
#77285
1!
#77290
0!
b00011110 #
#77295
1!
#77300
0!
b00011111 #
#77305
1!
#77310
0!
b00100000 #
#77315
1!
#77320
0!
b00100001 #
#77325
1!
#77330
0!
b00100010 #
#77335
1!
#77340
0!
b00100011 #
#77345
1!
#77350
0!
b00100100 #
#77355
1!
#77360
0!
b00100101 #
#77365
1!
#77370
0!
b00100110 #
#77375
1!
#77380
0!
b00100111 #
#77385
1!
#77390
0!
b00101000 #
#77395
1!
#77400
0!
b00101001 #
#77405
1!
#77410
0!
b00101010 #
#77415
1!
#77420
0!
b00101011 #
#77425
1!
#77430
0!
b00101100 #
#77435
1!
#77440
0!
b00101101 #
#77445
1!
#77450
0!
b00101110 #
#77455
1!
#77460
0!
b00101111 #
#77465
1!
#77470
0!
b00110000 #
#77475
1!
#77480
0!
b00110001 #
#77485
1!
#77490
0!
b00110010 #
#77495
1!
#77500
0!
b00110011 #
#77505
1!
#77510
0!
b00110100 #
#77515
1!
#77520
0!
b00110101 #
#77525
1!
#77530
0!
b00110110 #
#77535
1!
#77540
0!
b00110111 #
#77545
1!
#77550
0!
b00111000 #
#77555
1!
#77560
0!
b00111001 #
#77565
1!
#77570
0!
b00111010 #
#77575
1!
#77580
0!
b00111011 #
#77585
1!
#77590
0!
b00111100 #
#77595
1!
#77600
0!
b00111101 #
#77605
1!
#77610
0!
b00111110 #
#77615
1!
#77620
0!
b00111111 #
#77625
1!
#77630
0!
b01000000 #
#77635
1!
#77640
0!
b01000001 #
#77645
1!
#77650
0!
b01000010 #
#77655
1!
#77660
0!
b01000011 #
#77665
1!
#77670
0!
b01000100 #
#77675
1!
#77680
0!
b01000101 #
#77685
1!
#77690
0!
b01000110 #
#77695
1!
#77700
0!
b01000111 #
#77705
1!
#77710
0!
b01001000 #
#77715
1!
#77720
0!
b01001001 #
#77725
1!
#77730
0!
b01001010 #
#77735
1!
#77740
0!
b01001011 #
#77745
1!
#77750
0!
b01001100 #
#77755
1!
#77760
0!
b01001101 #
#77765
1!
#77770
0!
b01001110 #
#77775
1!
#77780
0!
b01001111 #
#77785
1!
#77790
0!
b01010000 #
#77795
1!
#77800
0!
b01010001 #
#77805
1!
#77810
0!
b01010010 #
#77815
1!
#77820
0!
b01010011 #
#77825
1!
#77830
0!
b01010100 #
#77835
1!
#77840
0!
b01010101 #
#77845
1!
#77850
0!
b01010110 #
#77855
1!
#77860
0!
b01010111 #
#77865
1!
#77870
0!
b01011000 #
#77875
1!
#77880
0!
b01011001 #
#77885
1!
#77890
0!
b01011010 #
#77895
1!
#77900
0!
b01011011 #
#77905
1!
#77910
0!
b01011100 #
#77915
1!
#77920
0!
b01011101 #
#77925
1!
#77930
0!
b01011110 #
#77935
1!
#77940
0!
b01011111 #
#77945
1!
#77950
0!
b01100000 #
#77955
1!
#77960
0!
b01100001 #
#77965
1!
#77970
0!
b01100010 #
#77975
1!
#77980
0!
b01100011 #
#77985
1!
#77990
0!
b01100100 #
#77995
1!
#78000
0!
b01100101 #
1(
#78005
1!
#78010
0!
b01100110 #
#78015
1!
#78020
0!
b01100111 #
#78025
1!
#78030
0!
b01101000 #
#78035
1!
#78040
0!
b01101001 #
#78045
1!
#78050
0!
b01101010 #
#78055
1!
#78060
0!
b01101011 #
#78065
1!
#78070
0!
b01101100 #
#78075
1!
#78080
0!
b01101101 #
#78085
1!
#78090
0!
b01101110 #
#78095
1!
#78100
0!
b01101111 #
#78105
1!
#78110
0!
b01110000 #
#78115
1!
#78120
0!
b01110001 #
#78125
1!
#78130
0!
b01110010 #
#78135
1!
#78140
0!
b01110011 #
#78145
1!
#78150
0!
b01110100 #
#78155
1!
#78160
0!
b01110101 #
#78165
1!
#78170
0!
b01110110 #
#78175
1!
#78180
0!
b01110111 #
#78185
1!
#78190
0!
b01111000 #
#78195
1!
#78200
0!
b01111001 #
#78205
1!
#78210
0!
b01111010 #
#78215
1!
#78220
0!
b01111011 #
#78225
1!
#78230
0!
b01111100 #
#78235
1!
#78240
0!
b01111101 #
#78245
1!
#78250
0!
b01111110 #
#78255
1!
#78260
0!
b01111111 #
#78265
1!
#78270
0!
b10000000 #
#78275
1!
#78280
0!
b10000001 #
#78285
1!
#78290
0!
b10000010 #
#78295
1!
#78300
0!
b10000011 #
#78305
1!
#78310
0!
b10000100 #
#78315
1!
#78320
0!
b10000101 #
#78325
1!
#78330
0!
b10000110 #
#78335
1!
#78340
0!
b10000111 #
#78345
1!
#78350
0!
b10001000 #
#78355
1!
#78360
0!
b10001001 #
#78365
1!
#78370
0!
b10001010 #
#78375
1!
#78380
0!
b10001011 #
#78385
1!
#78390
0!
b10001100 #
#78395
1!
#78400
0!
b10001101 #
#78405
1!
#78410
0!
b10001110 #
#78415
1!
#78420
0!
b10001111 #
#78425
1!
#78430
0!
b10010000 #
#78435
1!
#78440
0!
b10010001 #
#78445
1!
#78450
0!
b10010010 #
#78455
1!
#78460
0!
b10010011 #
#78465
1!
#78470
0!
b10010100 #
#78475
1!
#78480
0!
b10010101 #
#78485
1!
#78490
0!
b10010110 #
#78495
1!
#78500
0!
b10010111 #
#78505
1!
#78510
0!
b10011000 #
#78515
1!
#78520
0!
b10011001 #
#78525
1!
#78530
0!
b10011010 #
#78535
1!
#78540
0!
b10011011 #
#78545
1!
#78550
0!
b10011100 #
#78555
1!
#78560
0!
b10011101 #
#78565
1!
#78570
0!
b10011110 #
#78575
1!
#78580
0!
b10011111 #
#78585
1!
#78590
0!
b10100000 #
#78595
1!
#78600
0!
b10100001 #
#78605
1!
#78610
0!
b10100010 #
#78615
1!
#78620
0!
b10100011 #
#78625
1!
#78630
0!
b10100100 #
#78635
1!
#78640
0!
b10100101 #
#78645
1!
#78650
0!
b10100110 #
#78655
1!
#78660
0!
b10100111 #
#78665
1!
#78670
0!
b10101000 #
#78675
1!
#78680
0!
b10101001 #
#78685
1!
#78690
0!
b10101010 #
#78695
1!
#78700
0!
b10101011 #
#78705
1!
#78710
0!
b10101100 #
#78715
1!
#78720
0!
b10101101 #
#78725
1!
#78730
0!
b10101110 #
#78735
1!
#78740
0!
b10101111 #
#78745
1!
#78750
0!
b10110000 #
#78755
1!
#78760
0!
b10110001 #
#78765
1!
#78770
0!
b10110010 #
#78775
1!
#78780
0!
b10110011 #
#78785
1!
#78790
0!
b10110100 #
#78795
1!
#78800
0!
b10110101 #
#78805
1!
#78810
0!
b10110110 #
#78815
1!
#78820
0!
b10110111 #
#78825
1!
#78830
0!
b10111000 #
#78835
1!
#78840
0!
b10111001 #
#78845
1!
#78850
0!
b10111010 #
#78855
1!
#78860
0!
b10111011 #
#78865
1!
#78870
0!
b10111100 #
#78875
1!
#78880
0!
b10111101 #
#78885
1!
#78890
0!
b10111110 #
#78895
1!
#78900
0!
b10111111 #
#78905
1!
#78910
0!
b11000000 #
#78915
1!
#78920
0!
b11000001 #
#78925
1!
#78930
0!
b11000010 #
#78935
1!
#78940
0!
b11000011 #
#78945
1!
#78950
0!
b11000100 #
#78955
1!
#78960
0!
b11000101 #
#78965
1!
#78970
0!
b11000110 #
#78975
1!
#78980
0!
b11000111 #
#78985
1!
#78990
0!
b11001000 #
#78995
1!
#79000
0!
b11001001 #
1(
#79005
1!
#79010
0!
b11001010 #
#79015
1!
#79020
0!
b11001011 #
#79025
1!
#79030
0!
b11001100 #
#79035
1!
#79040
0!
b11001101 #
#79045
1!
#79050
0!
b11001110 #
#79055
1!
#79060
0!
b11001111 #
#79065
1!
#79070
0!
b11010000 #
#79075
1!
#79080
0!
b11010001 #
#79085
1!
#79090
0!
b11010010 #
#79095
1!
#79100
0!
b11010011 #
#79105
1!
#79110
0!
b11010100 #
#79115
1!
#79120
0!
b11010101 #
#79125
1!
#79130
0!
b11010110 #
#79135
1!
#79140
0!
b11010111 #
#79145
1!
#79150
0!
b11011000 #
#79155
1!
#79160
0!
b11011001 #
#79165
1!
#79170
0!
b11011010 #
#79175
1!
#79180
0!
b11011011 #
#79185
1!
#79190
0!
b11011100 #
#79195
1!
#79200
0!
b11011101 #
#79205
1!
#79210
0!
b11011110 #
#79215
1!
#79220
0!
b11011111 #
#79225
1!
#79230
0!
b11100000 #
#79235
1!
#79240
0!
b11100001 #
#79245
1!
#79250
0!
b11100010 #
#79255
1!
#79260
0!
b11100011 #
#79265
1!
#79270
0!
b11100100 #
#79275
1!
#79280
0!
b11100101 #
#79285
1!
#79290
0!
b11100110 #
#79295
1!
#79300
0!
b11100111 #
#79305
1!
#79310
0!
b11101000 #
#79315
1!
#79320
0!
b11101001 #
#79325
1!
#79330
0!
b11101010 #
#79335
1!
#79340
0!
b11101011 #
#79345
1!
#79350
0!
b11101100 #
#79355
1!
#79360
0!
b11101101 #
#79365
1!
#79370
0!
b11101110 #
#79375
1!
#79380
0!
b11101111 #
#79385
1!
#79390
0!
b11110000 #
#79395
1!
#79400
0!
b11110001 #
#79405
1!
#79410
0!
b11110010 #
#79415
1!
#79420
0!
b11110011 #
#79425
1!
#79430
0!
b11110100 #
#79435
1!
#79440
0!
b11110101 #
#79445
1!
#79450
0!
b11110110 #
#79455
1!
#79460
0!
b11110111 #
#79465
1!
#79470
0!
b11111000 #
#79475
1!
#79480
0!
b11111001 #
#79485
1!
#79490
0!
b11111010 #
#79495
1!
#79500
0!
b11111011 #
#79505
1!
#79510
0!
b11111100 #
#79515
1!
#79520
0!
b11111101 #
#79525
1!
#79530
0!
b11111110 #
#79535
1!
#79540
0!
b11111111 #
#79545
1!
#79550
0!
b00000000 #
#79555
1!
#79560
0!
b00000001 #
#79565
1!
#79570
0!
b00000010 #
#79575
1!
#79580
0!
b00000011 #
#79585
1!
#79590
0!
b00000100 #
#79595
1!
#79600
0!
b00000101 #
#79605
1!
#79610
0!
b00000110 #
#79615
1!
#79620
0!
b00000111 #
#79625
1!
#79630
0!
b00001000 #
#79635
1!
#79640
0!
b00001001 #
#79645
1!
#79650
0!
b00001010 #
#79655
1!
#79660
0!
b00001011 #
#79665
1!
#79670
0!
b00001100 #
#79675
1!
#79680
0!
b00001101 #
#79685
1!
#79690
0!
b00001110 #
#79695
1!
#79700
0!
b00001111 #
#79705
1!
#79710
0!
b00010000 #
#79715
1!
#79720
0!
b00010001 #
#79725
1!
#79730
0!
b00010010 #
#79735
1!
#79740
0!
b00010011 #
#79745
1!
#79750
0!
b00010100 #
#79755
1!
#79760
0!
b00010101 #
#79765
1!
#79770
0!
b00010110 #
#79775
1!
#79780
0!
b00010111 #
#79785
1!
#79790
0!
b00011000 #
#79795
1!
#79800
0!
b00011001 #
#79805
1!
#79810
0!
b00011010 #
#79815
1!
#79820
0!
b00011011 #
#79825
1!
#79830
0!
b00011100 #
#79835
1!
#79840
0!
b00011101 #
#79845
1!
#79850
0!
b00011110 #
#79855
1!
#79860
0!
b00011111 #
#79865
1!
#79870
0!
b00100000 #
#79875
1!
#79880
0!
b00100001 #
#79885
1!
#79890
0!
b00100010 #
#79895
1!
#79900
0!
b00100011 #
#79905
1!
#79910
0!
b00100100 #
#79915
1!
#79920
0!
b00100101 #
#79925
1!
#79930
0!
b00100110 #
#79935
1!
#79940
0!
b00100111 #
#79945
1!
#79950
0!
b00101000 #
#79955
1!
#79960
0!
b00101001 #
#79965
1!
#79970
0!
b00101010 #
#79975
1!
#79980
0!
b00101011 #
#79985
1!
#79990
0!
b00101100 #
#79995
1!
#80000
0!
b00101101 #
0(
#80005
1!
#80010
0!
b00101110 #
#80015
1!
#80020
0!
b00101111 #
#80025
1!
#80030
0!
b00110000 #
#80035
1!
#80040
0!
b00110001 #
#80045
1!
#80050
0!
b00110010 #
#80055
1!
#80060
0!
b00110011 #
#80065
1!
#80070
0!
b00110100 #
#80075
1!
#80080
0!
b00110101 #
#80085
1!
#80090
0!
b00110110 #
#80095
1!
#80100
0!
b00110111 #
#80105
1!
#80110
0!
b00111000 #
#80115
1!
#80120
0!
b00111001 #
#80125
1!
#80130
0!
b00111010 #
#80135
1!
#80140
0!
b00111011 #
#80145
1!
#80150
0!
b00111100 #
#80155
1!
#80160
0!
b00111101 #
#80165
1!
#80170
0!
b00111110 #
#80175
1!
#80180
0!
b00111111 #
#80185
1!
#80190
0!
b01000000 #
#80195
1!
#80200
0!
b01000001 #
#80205
1!
#80210
0!
b01000010 #
#80215
1!
#80220
0!
b01000011 #
#80225
1!
#80230
0!
b01000100 #
#80235
1!
#80240
0!
b01000101 #
#80245
1!
#80250
0!
b01000110 #
#80255
1!
#80260
0!
b01000111 #
#80265
1!
#80270
0!
b01001000 #
#80275
1!
#80280
0!
b01001001 #
#80285
1!
#80290
0!
b01001010 #
#80295
1!
#80300
0!
b01001011 #
#80305
1!
#80310
0!
b01001100 #
#80315
1!
#80320
0!
b01001101 #
#80325
1!
#80330
0!
b01001110 #
#80335
1!
#80340
0!
b01001111 #
#80345
1!
#80350
0!
b01010000 #
#80355
1!
#80360
0!
b01010001 #
#80365
1!
#80370
0!
b01010010 #
#80375
1!
#80380
0!
b01010011 #
#80385
1!
#80390
0!
b01010100 #
#80395
1!
#80400
0!
b01010101 #
#80405
1!
#80410
0!
b01010110 #
#80415
1!
#80420
0!
b01010111 #
#80425
1!
#80430
0!
b01011000 #
#80435
1!
#80440
0!
b01011001 #
#80445
1!
#80450
0!
b01011010 #
#80455
1!
#80460
0!
b01011011 #
#80465
1!
#80470
0!
b01011100 #
#80475
1!
#80480
0!
b01011101 #
#80485
1!
#80490
0!
b01011110 #
#80495
1!
#80500
0!
b01011111 #
#80505
1!
#80510
0!
b01100000 #
#80515
1!
#80520
0!
b01100001 #
#80525
1!
#80530
0!
b01100010 #
#80535
1!
#80540
0!
b01100011 #
#80545
1!
#80550
0!
b01100100 #
#80555
1!
#80560
0!
b01100101 #
#80565
1!
#80570
0!
b01100110 #
#80575
1!
#80580
0!
b01100111 #
#80585
1!
#80590
0!
b01101000 #
#80595
1!
#80600
0!
b01101001 #
#80605
1!
#80610
0!
b01101010 #
#80615
1!
#80620
0!
b01101011 #
#80625
1!
#80630
0!
b01101100 #
#80635
1!
#80640
0!
b01101101 #
#80645
1!
#80650
0!
b01101110 #
#80655
1!
#80660
0!
b01101111 #
#80665
1!
#80670
0!
b01110000 #
#80675
1!
#80680
0!
b01110001 #
#80685
1!
#80690
0!
b01110010 #
#80695
1!
#80700
0!
b01110011 #
#80705
1!
#80710
0!
b01110100 #
#80715
1!
#80720
0!
b01110101 #
#80725
1!
#80730
0!
b01110110 #
#80735
1!
#80740
0!
b01110111 #
#80745
1!
#80750
0!
b01111000 #
#80755
1!
#80760
0!
b01111001 #
#80765
1!
#80770
0!
b01111010 #
#80775
1!
#80780
0!
b01111011 #
#80785
1!
#80790
0!
b01111100 #
#80795
1!
#80800
0!
b01111101 #
#80805
1!
#80810
0!
b01111110 #
#80815
1!
#80820
0!
b01111111 #
#80825
1!
#80830
0!
b10000000 #
#80835
1!
#80840
0!
b10000001 #
#80845
1!
#80850
0!
b10000010 #
#80855
1!
#80860
0!
b10000011 #
#80865
1!
#80870
0!
b10000100 #
#80875
1!
#80880
0!
b10000101 #
#80885
1!
#80890
0!
b10000110 #
#80895
1!
#80900
0!
b10000111 #
#80905
1!
#80910
0!
b10001000 #
#80915
1!
#80920
0!
b10001001 #
#80925
1!
#80930
0!
b10001010 #
#80935
1!
#80940
0!
b10001011 #
#80945
1!
#80950
0!
b10001100 #
#80955
1!
#80960
0!
b10001101 #
#80965
1!
#80970
0!
b10001110 #
#80975
1!
#80980
0!
b10001111 #
#80985
1!
#80990
0!
b10010000 #
#80995
1!
#81000
0!
b10010001 #
1(
#81005
1!
#81010
0!
b10010010 #
#81015
1!
#81020
0!
b10010011 #
#81025
1!
#81030
0!
b10010100 #
#81035
1!
#81040
0!
b10010101 #
#81045
1!
#81050
0!
b10010110 #
#81055
1!
#81060
0!
b10010111 #
#81065
1!
#81070
0!
b10011000 #
#81075
1!
#81080
0!
b10011001 #
#81085
1!
#81090
0!
b10011010 #
#81095
1!
#81100
0!
b10011011 #
#81105
1!
#81110
0!
b10011100 #
#81115
1!
#81120
0!
b10011101 #
#81125
1!
#81130
0!
b10011110 #
#81135
1!
#81140
0!
b10011111 #
#81145
1!
#81150
0!
b10100000 #
#81155
1!
#81160
0!
b10100001 #
#81165
1!
#81170
0!
b10100010 #
#81175
1!
#81180
0!
b10100011 #
#81185
1!
#81190
0!
b10100100 #
#81195
1!
#81200
0!
b10100101 #
#81205
1!
#81210
0!
b10100110 #
#81215
1!
#81220
0!
b10100111 #
#81225
1!
#81230
0!
b10101000 #
#81235
1!
#81240
0!
b10101001 #
#81245
1!
#81250
0!
b10101010 #
#81255
1!
#81260
0!
b10101011 #
#81265
1!
#81270
0!
b10101100 #
#81275
1!
#81280
0!
b10101101 #
#81285
1!
#81290
0!
b10101110 #
#81295
1!
#81300
0!
b10101111 #
#81305
1!
#81310
0!
b10110000 #
#81315
1!
#81320
0!
b10110001 #
#81325
1!
#81330
0!
b10110010 #
#81335
1!
#81340
0!
b10110011 #
#81345
1!
#81350
0!
b10110100 #
#81355
1!
#81360
0!
b10110101 #
#81365
1!
#81370
0!
b10110110 #
#81375
1!
#81380
0!
b10110111 #
#81385
1!
#81390
0!
b10111000 #
#81395
1!
#81400
0!
b10111001 #
#81405
1!
#81410
0!
b10111010 #
#81415
1!
#81420
0!
b10111011 #
#81425
1!
#81430
0!
b10111100 #
#81435
1!
#81440
0!
b10111101 #
#81445
1!
#81450
0!
b10111110 #
#81455
1!
#81460
0!
b10111111 #
#81465
1!
#81470
0!
b11000000 #
#81475
1!
#81480
0!
b11000001 #
#81485
1!
#81490
0!
b11000010 #
#81495
1!
#81500
0!
b11000011 #
#81505
1!
#81510
0!
b11000100 #
#81515
1!
#81520
0!
b11000101 #
#81525
1!
#81530
0!
b11000110 #
#81535
1!
#81540
0!
b11000111 #
#81545
1!
#81550
0!
b11001000 #
#81555
1!
#81560
0!
b11001001 #
#81565
1!
#81570
0!
b11001010 #
#81575
1!
#81580
0!
b11001011 #
#81585
1!
#81590
0!
b11001100 #
#81595
1!
#81600
0!
b11001101 #
#81605
1!
#81610
0!
b11001110 #
#81615
1!
#81620
0!
b11001111 #
#81625
1!
#81630
0!
b11010000 #
#81635
1!
#81640
0!
b11010001 #
#81645
1!
#81650
0!
b11010010 #
#81655
1!
#81660
0!
b11010011 #
#81665
1!
#81670
0!
b11010100 #
#81675
1!
#81680
0!
b11010101 #
#81685
1!
#81690
0!
b11010110 #
#81695
1!
#81700
0!
b11010111 #
#81705
1!
#81710
0!
b11011000 #
#81715
1!
#81720
0!
b11011001 #
#81725
1!
#81730
0!
b11011010 #
#81735
1!
#81740
0!
b11011011 #
#81745
1!
#81750
0!
b11011100 #
#81755
1!
#81760
0!
b11011101 #
#81765
1!
#81770
0!
b11011110 #
#81775
1!
#81780
0!
b11011111 #
#81785
1!
#81790
0!
b11100000 #
#81795
1!
#81800
0!
b11100001 #
#81805
1!
#81810
0!
b11100010 #
#81815
1!
#81820
0!
b11100011 #
#81825
1!
#81830
0!
b11100100 #
#81835
1!
#81840
0!
b11100101 #
#81845
1!
#81850
0!
b11100110 #
#81855
1!
#81860
0!
b11100111 #
#81865
1!
#81870
0!
b11101000 #
#81875
1!
#81880
0!
b11101001 #
#81885
1!
#81890
0!
b11101010 #
#81895
1!
#81900
0!
b11101011 #
#81905
1!
#81910
0!
b11101100 #
#81915
1!
#81920
0!
b11101101 #
#81925
1!
#81930
0!
b11101110 #
#81935
1!
#81940
0!
b11101111 #
#81945
1!
#81950
0!
b11110000 #
#81955
1!
#81960
0!
b11110001 #
#81965
1!
#81970
0!
b11110010 #
#81975
1!
#81980
0!
b11110011 #
#81985
1!
#81990
0!
b11110100 #
#81995
1!
#82000
0!
b11110101 #
#82005
1!
#82010
0!
b11110110 #
#82015
1!
#82020
0!
b11110111 #
#82025
1!
#82030
0!
b11111000 #
#82035
1!
#82040
0!
b11111001 #
#82045
1!
#82050
0!
b11111010 #
#82055
1!
#82060
0!
b11111011 #
#82065
1!
#82070
0!
b11111100 #
#82075
1!
#82080
0!
b11111101 #
#82085
1!
#82090
0!
b11111110 #
#82095
1!
#82100
0!
b11111111 #
#82105
1!
#82110
0!
b00000000 #
#82115
1!
#82120
0!
b00000001 #
#82125
1!
#82130
0!
b00000010 #
#82135
1!
#82140
0!
b00000011 #
#82145
1!
#82150
0!
b00000100 #
#82155
1!
#82160
0!
b00000101 #
#82165
1!
#82170
0!
b00000110 #
#82175
1!
#82180
0!
b00000111 #
#82185
1!
#82190
0!
b00001000 #
#82195
1!
#82200
0!
b00001001 #
#82205
1!
#82210
0!
b00001010 #
#82215
1!
#82220
0!
b00001011 #
#82225
1!
#82230
0!
b00001100 #
#82235
1!
#82240
0!
b00001101 #
#82245
1!
#82250
0!
b00001110 #
#82255
1!
#82260
0!
b00001111 #
#82265
1!
#82270
0!
b00010000 #
#82275
1!
#82280
0!
b00010001 #
#82285
1!
#82290
0!
b00010010 #
#82295
1!
#82300
0!
b00010011 #
#82305
1!
#82310
0!
b00010100 #
#82315
1!
#82320
0!
b00010101 #
#82325
1!
#82330
0!
b00010110 #
#82335
1!
#82340
0!
b00010111 #
#82345
1!
#82350
0!
b00011000 #
#82355
1!
#82360
0!
b00011001 #
#82365
1!
#82370
0!
b00011010 #
#82375
1!
#82380
0!
b00011011 #
#82385
1!
#82390
0!
b00011100 #
#82395
1!
#82400
0!
b00011101 #
#82405
1!
#82410
0!
b00011110 #
#82415
1!
#82420
0!
b00011111 #
#82425
1!
#82430
0!
b00100000 #
#82435
1!
#82440
0!
b00100001 #
#82445
1!
#82450
0!
b00100010 #
#82455
1!
#82460
0!
b00100011 #
#82465
1!
#82470
0!
b00100100 #
#82475
1!
#82480
0!
b00100101 #
#82485
1!
#82490
0!
b00100110 #
#82495
1!
#82500
0!
b00100111 #
#82505
1!
#82510
0!
b00101000 #
#82515
1!
#82520
0!
b00101001 #
#82525
1!
#82530
0!
b00101010 #
#82535
1!
#82540
0!
b00101011 #
#82545
1!
#82550
0!
b00101100 #
#82555
1!
#82560
0!
b00101101 #
#82565
1!
#82570
0!
b00101110 #
#82575
1!
#82580
0!
b00101111 #
#82585
1!
#82590
0!
b00110000 #
#82595
1!
#82600
0!
b00110001 #
#82605
1!
#82610
0!
b00110010 #
#82615
1!
#82620
0!
b00110011 #
#82625
1!
#82630
0!
b00110100 #
#82635
1!
#82640
0!
b00110101 #
#82645
1!
#82650
0!
b00110110 #
#82655
1!
#82660
0!
b00110111 #
#82665
1!
#82670
0!
b00111000 #
#82675
1!
#82680
0!
b00111001 #
#82685
1!
#82690
0!
b00111010 #
#82695
1!
#82700
0!
b00111011 #
#82705
1!
#82710
0!
b00111100 #
#82715
1!
#82720
0!
b00111101 #
#82725
1!
#82730
0!
b00111110 #
#82735
1!
#82740
0!
b00111111 #
#82745
1!
#82750
0!
b01000000 #
#82755
1!
#82760
0!
b01000001 #
#82765
1!
#82770
0!
b01000010 #
#82775
1!
#82780
0!
b01000011 #
#82785
1!
#82790
0!
b01000100 #
#82795
1!
#82800
0!
b01000101 #
#82805
1!
#82810
0!
b01000110 #
#82815
1!
#82820
0!
b01000111 #
#82825
1!
#82830
0!
b01001000 #
#82835
1!
#82840
0!
b01001001 #
#82845
1!
#82850
0!
b01001010 #
#82855
1!
#82860
0!
b01001011 #
#82865
1!
#82870
0!
b01001100 #
#82875
1!
#82880
0!
b01001101 #
#82885
1!
#82890
0!
b01001110 #
#82895
1!
#82900
0!
b01001111 #
#82905
1!
#82910
0!
b01010000 #
#82915
1!
#82920
0!
b01010001 #
#82925
1!
#82930
0!
b01010010 #
#82935
1!
#82940
0!
b01010011 #
#82945
1!
#82950
0!
b01010100 #
#82955
1!
#82960
0!
b01010101 #
#82965
1!
#82970
0!
b01010110 #
#82975
1!
#82980
0!
b01010111 #
#82985
1!
#82990
0!
b01011000 #
#82995
1!
#83000
0!
b01011001 #
#83005
1!
#83010
0!
b01011010 #
#83015
1!
#83020
0!
b01011011 #
#83025
1!
#83030
0!
b01011100 #
#83035
1!
#83040
0!
b01011101 #
#83045
1!
#83050
0!
b01011110 #
#83055
1!
#83060
0!
b01011111 #
#83065
1!
#83070
0!
b01100000 #
#83075
1!
#83080
0!
b01100001 #
#83085
1!
#83090
0!
b01100010 #
#83095
1!
#83100
0!
b01100011 #
#83105
1!
#83110
0!
b01100100 #
#83115
1!
#83120
0!
b01100101 #
#83125
1!
#83130
0!
b01100110 #
#83135
1!
#83140
0!
b01100111 #
#83145
1!
#83150
0!
b01101000 #
#83155
1!
#83160
0!
b01101001 #
#83165
1!
#83170
0!
b01101010 #
#83175
1!
#83180
0!
b01101011 #
#83185
1!
#83190
0!
b01101100 #
#83195
1!
#83200
0!
b01101101 #
#83205
1!
#83210
0!
b01101110 #
#83215
1!
#83220
0!
b01101111 #
#83225
1!
#83230
0!
b01110000 #
#83235
1!
#83240
0!
b01110001 #
#83245
1!
#83250
0!
b01110010 #
#83255
1!
#83260
0!
b01110011 #
#83265
1!
#83270
0!
b01110100 #
#83275
1!
#83280
0!
b01110101 #
#83285
1!
#83290
0!
b01110110 #
#83295
1!
#83300
0!
b01110111 #
#83305
1!
#83310
0!
b01111000 #
#83315
1!
#83320
0!
b01111001 #
#83325
1!
#83330
0!
b01111010 #
#83335
1!
#83340
0!
b01111011 #
#83345
1!
#83350
0!
b01111100 #
#83355
1!
#83360
0!
b01111101 #
#83365
1!
#83370
0!
b01111110 #
#83375
1!
#83380
0!
b01111111 #
#83385
1!
#83390
0!
b10000000 #
#83395
1!
#83400
0!
b10000001 #
#83405
1!
#83410
0!
b10000010 #
#83415
1!
#83420
0!
b10000011 #
#83425
1!
#83430
0!
b10000100 #
#83435
1!
#83440
0!
b10000101 #
#83445
1!
#83450
0!
b10000110 #
#83455
1!
#83460
0!
b10000111 #
#83465
1!
#83470
0!
b10001000 #
#83475
1!
#83480
0!
b10001001 #
#83485
1!
#83490
0!
b10001010 #
#83495
1!
#83500
0!
b10001011 #
#83505
1!
#83510
0!
b10001100 #
#83515
1!
#83520
0!
b10001101 #
#83525
1!
#83530
0!
b10001110 #
#83535
1!
#83540
0!
b10001111 #
#83545
1!
#83550
0!
b10010000 #
#83555
1!
#83560
0!
b10010001 #
#83565
1!
#83570
0!
b10010010 #
#83575
1!
#83580
0!
b10010011 #
#83585
1!
#83590
0!
b10010100 #
#83595
1!
#83600
0!
b10010101 #
#83605
1!
#83610
0!
b10010110 #
#83615
1!
#83620
0!
b10010111 #
#83625
1!
#83630
0!
b10011000 #
#83635
1!
#83640
0!
b10011001 #
#83645
1!
#83650
0!
b10011010 #
#83655
1!
#83660
0!
b10011011 #
#83665
1!
#83670
0!
b10011100 #
#83675
1!
#83680
0!
b10011101 #
#83685
1!
#83690
0!
b10011110 #
#83695
1!
#83700
0!
b10011111 #
#83705
1!
#83710
0!
b10100000 #
#83715
1!
#83720
0!
b10100001 #
#83725
1!
#83730
0!
b10100010 #
#83735
1!
#83740
0!
b10100011 #
#83745
1!
#83750
0!
b10100100 #
#83755
1!
#83760
0!
b10100101 #
#83765
1!
#83770
0!
b10100110 #
#83775
1!
#83780
0!
b10100111 #
#83785
1!
#83790
0!
b10101000 #
#83795
1!
#83800
0!
b10101001 #
#83805
1!
#83810
0!
b10101010 #
#83815
1!
#83820
0!
b10101011 #
#83825
1!
#83830
0!
b10101100 #
#83835
1!
#83840
0!
b10101101 #
#83845
1!
#83850
0!
b10101110 #
#83855
1!
#83860
0!
b10101111 #
#83865
1!
#83870
0!
b10110000 #
#83875
1!
#83880
0!
b10110001 #
#83885
1!
#83890
0!
b10110010 #
#83895
1!
#83900
0!
b10110011 #
#83905
1!
#83910
0!
b10110100 #
#83915
1!
#83920
0!
b10110101 #
#83925
1!
#83930
0!
b10110110 #
#83935
1!
#83940
0!
b10110111 #
#83945
1!
#83950
0!
b10111000 #
#83955
1!
#83960
0!
b10111001 #
#83965
1!
#83970
0!
b10111010 #
#83975
1!
#83980
0!
b10111011 #
#83985
1!
#83990
0!
b10111100 #
#83995
1!
#84000
0!
b10111101 #
0(
#84005
1!
#84010
0!
b10111110 #
#84015
1!
#84020
0!
b10111111 #
#84025
1!
#84030
0!
b11000000 #
#84035
1!
#84040
0!
b11000001 #
#84045
1!
#84050
0!
b11000010 #
#84055
1!
#84060
0!
b11000011 #
#84065
1!
#84070
0!
b11000100 #
#84075
1!
#84080
0!
b11000101 #
#84085
1!
#84090
0!
b11000110 #
#84095
1!
#84100
0!
b11000111 #
#84105
1!
#84110
0!
b11001000 #
#84115
1!
#84120
0!
b11001001 #
#84125
1!
#84130
0!
b11001010 #
#84135
1!
#84140
0!
b11001011 #
#84145
1!
#84150
0!
b11001100 #
#84155
1!
#84160
0!
b11001101 #
#84165
1!
#84170
0!
b11001110 #
#84175
1!
#84180
0!
b11001111 #
#84185
1!
#84190
0!
b11010000 #
#84195
1!
#84200
0!
b11010001 #
#84205
1!
#84210
0!
b11010010 #
#84215
1!
#84220
0!
b11010011 #
#84225
1!
#84230
0!
b11010100 #
#84235
1!
#84240
0!
b11010101 #
#84245
1!
#84250
0!
b11010110 #
#84255
1!
#84260
0!
b11010111 #
#84265
1!
#84270
0!
b11011000 #
#84275
1!
#84280
0!
b11011001 #
#84285
1!
#84290
0!
b11011010 #
#84295
1!
#84300
0!
b11011011 #
#84305
1!
#84310
0!
b11011100 #
#84315
1!
#84320
0!
b11011101 #
#84325
1!
#84330
0!
b11011110 #
#84335
1!
#84340
0!
b11011111 #
#84345
1!
#84350
0!
b11100000 #
#84355
1!
#84360
0!
b11100001 #
#84365
1!
#84370
0!
b11100010 #
#84375
1!
#84380
0!
b11100011 #
#84385
1!
#84390
0!
b11100100 #
#84395
1!
#84400
0!
b11100101 #
#84405
1!
#84410
0!
b11100110 #
#84415
1!
#84420
0!
b11100111 #
#84425
1!
#84430
0!
b11101000 #
#84435
1!
#84440
0!
b11101001 #
#84445
1!
#84450
0!
b11101010 #
#84455
1!
#84460
0!
b11101011 #
#84465
1!
#84470
0!
b11101100 #
#84475
1!
#84480
0!
b11101101 #
#84485
1!
#84490
0!
b11101110 #
#84495
1!
#84500
0!
b11101111 #
#84505
1!
#84510
0!
b11110000 #
#84515
1!
#84520
0!
b11110001 #
#84525
1!
#84530
0!
b11110010 #
#84535
1!
#84540
0!
b11110011 #
#84545
1!
#84550
0!
b11110100 #
#84555
1!
#84560
0!
b11110101 #
#84565
1!
#84570
0!
b11110110 #
#84575
1!
#84580
0!
b11110111 #
#84585
1!
#84590
0!
b11111000 #
#84595
1!
#84600
0!
b11111001 #
#84605
1!
#84610
0!
b11111010 #
#84615
1!
#84620
0!
b11111011 #
#84625
1!
#84630
0!
b11111100 #
#84635
1!
#84640
0!
b11111101 #
#84645
1!
#84650
0!
b11111110 #
#84655
1!
#84660
0!
b11111111 #
#84665
1!
#84670
0!
b00000000 #
#84675
1!
#84680
0!
b00000001 #
#84685
1!
#84690
0!
b00000010 #
#84695
1!
#84700
0!
b00000011 #
#84705
1!
#84710
0!
b00000100 #
#84715
1!
#84720
0!
b00000101 #
#84725
1!
#84730
0!
b00000110 #
#84735
1!
#84740
0!
b00000111 #
#84745
1!
#84750
0!
b00001000 #
#84755
1!
#84760
0!
b00001001 #
#84765
1!
#84770
0!
b00001010 #
#84775
1!
#84780
0!
b00001011 #
#84785
1!
#84790
0!
b00001100 #
#84795
1!
#84800
0!
b00001101 #
#84805
1!
#84810
0!
b00001110 #
#84815
1!
#84820
0!
b00001111 #
#84825
1!
#84830
0!
b00010000 #
#84835
1!
#84840
0!
b00010001 #
#84845
1!
#84850
0!
b00010010 #
#84855
1!
#84860
0!
b00010011 #
#84865
1!
#84870
0!
b00010100 #
#84875
1!
#84880
0!
b00010101 #
#84885
1!
#84890
0!
b00010110 #
#84895
1!
#84900
0!
b00010111 #
#84905
1!
#84910
0!
b00011000 #
#84915
1!
#84920
0!
b00011001 #
#84925
1!
#84930
0!
b00011010 #
#84935
1!
#84940
0!
b00011011 #
#84945
1!
#84950
0!
b00011100 #
#84955
1!
#84960
0!
b00011101 #
#84965
1!
#84970
0!
b00011110 #
#84975
1!
#84980
0!
b00011111 #
#84985
1!
#84990
0!
b00100000 #
#84995
1!
#85000
0!
b00100001 #
0(
#85005
1!
#85010
0!
b00100010 #
#85015
1!
#85020
0!
b00100011 #
#85025
1!
#85030
0!
b00100100 #
#85035
1!
#85040
0!
b00100101 #
#85045
1!
#85050
0!
b00100110 #
#85055
1!
#85060
0!
b00100111 #
#85065
1!
#85070
0!
b00101000 #
#85075
1!
#85080
0!
b00101001 #
#85085
1!
#85090
0!
b00101010 #
#85095
1!
#85100
0!
b00101011 #
#85105
1!
#85110
0!
b00101100 #
#85115
1!
#85120
0!
b00101101 #
#85125
1!
#85130
0!
b00101110 #
#85135
1!
#85140
0!
b00101111 #
#85145
1!
#85150
0!
b00110000 #
#85155
1!
#85160
0!
b00110001 #
#85165
1!
#85170
0!
b00110010 #
#85175
1!
#85180
0!
b00110011 #
#85185
1!
#85190
0!
b00110100 #
#85195
1!
#85200
0!
b00110101 #
#85205
1!
#85210
0!
b00110110 #
#85215
1!
#85220
0!
b00110111 #
#85225
1!
#85230
0!
b00111000 #
#85235
1!
#85240
0!
b00111001 #
#85245
1!
#85250
0!
b00111010 #
#85255
1!
#85260
0!
b00111011 #
#85265
1!
#85270
0!
b00111100 #
#85275
1!
#85280
0!
b00111101 #
#85285
1!
#85290
0!
b00111110 #
#85295
1!
#85300
0!
b00111111 #
#85305
1!
#85310
0!
b01000000 #
#85315
1!
#85320
0!
b01000001 #
#85325
1!
#85330
0!
b01000010 #
#85335
1!
#85340
0!
b01000011 #
#85345
1!
#85350
0!
b01000100 #
#85355
1!
#85360
0!
b01000101 #
#85365
1!
#85370
0!
b01000110 #
#85375
1!
#85380
0!
b01000111 #
#85385
1!
#85390
0!
b01001000 #
#85395
1!
#85400
0!
b01001001 #
#85405
1!
#85410
0!
b01001010 #
#85415
1!
#85420
0!
b01001011 #
#85425
1!
#85430
0!
b01001100 #
#85435
1!
#85440
0!
b01001101 #
#85445
1!
#85450
0!
b01001110 #
#85455
1!
#85460
0!
b01001111 #
#85465
1!
#85470
0!
b01010000 #
#85475
1!
#85480
0!
b01010001 #
#85485
1!
#85490
0!
b01010010 #
#85495
1!
#85500
0!
b01010011 #
#85505
1!
#85510
0!
b01010100 #
#85515
1!
#85520
0!
b01010101 #
#85525
1!
#85530
0!
b01010110 #
#85535
1!
#85540
0!
b01010111 #
#85545
1!
#85550
0!
b01011000 #
#85555
1!
#85560
0!
b01011001 #
#85565
1!
#85570
0!
b01011010 #
#85575
1!
#85580
0!
b01011011 #
#85585
1!
#85590
0!
b01011100 #
#85595
1!
#85600
0!
b01011101 #
#85605
1!
#85610
0!
b01011110 #
#85615
1!
#85620
0!
b01011111 #
#85625
1!
#85630
0!
b01100000 #
#85635
1!
#85640
0!
b01100001 #
#85645
1!
#85650
0!
b01100010 #
#85655
1!
#85660
0!
b01100011 #
#85665
1!
#85670
0!
b01100100 #
#85675
1!
#85680
0!
b01100101 #
#85685
1!
#85690
0!
b01100110 #
#85695
1!
#85700
0!
b01100111 #
#85705
1!
#85710
0!
b01101000 #
#85715
1!
#85720
0!
b01101001 #
#85725
1!
#85730
0!
b01101010 #
#85735
1!
#85740
0!
b01101011 #
#85745
1!
#85750
0!
b01101100 #
#85755
1!
#85760
0!
b01101101 #
#85765
1!
#85770
0!
b01101110 #
#85775
1!
#85780
0!
b01101111 #
#85785
1!
#85790
0!
b01110000 #
#85795
1!
#85800
0!
b01110001 #
#85805
1!
#85810
0!
b01110010 #
#85815
1!
#85820
0!
b01110011 #
#85825
1!
#85830
0!
b01110100 #
#85835
1!
#85840
0!
b01110101 #
#85845
1!
#85850
0!
b01110110 #
#85855
1!
#85860
0!
b01110111 #
#85865
1!
#85870
0!
b01111000 #
#85875
1!
#85880
0!
b01111001 #
#85885
1!
#85890
0!
b01111010 #
#85895
1!
#85900
0!
b01111011 #
#85905
1!
#85910
0!
b01111100 #
#85915
1!
#85920
0!
b01111101 #
#85925
1!
#85930
0!
b01111110 #
#85935
1!
#85940
0!
b01111111 #
#85945
1!
#85950
0!
b10000000 #
#85955
1!
#85960
0!
b10000001 #
#85965
1!
#85970
0!
b10000010 #
#85975
1!
#85980
0!
b10000011 #
#85985
1!
#85990
0!
b10000100 #
#85995
1!
#86000
0!
b10000101 #
0(
#86005
1!
#86010
0!
b10000110 #
#86015
1!
#86020
0!
b10000111 #
#86025
1!
#86030
0!
b10001000 #
#86035
1!
#86040
0!
b10001001 #
#86045
1!
#86050
0!
b10001010 #
#86055
1!
#86060
0!
b10001011 #
#86065
1!
#86070
0!
b10001100 #
#86075
1!
#86080
0!
b10001101 #
#86085
1!
#86090
0!
b10001110 #
#86095
1!
#86100
0!
b10001111 #
#86105
1!
#86110
0!
b10010000 #
#86115
1!
#86120
0!
b10010001 #
#86125
1!
#86130
0!
b10010010 #
#86135
1!
#86140
0!
b10010011 #
#86145
1!
#86150
0!
b10010100 #
#86155
1!
#86160
0!
b10010101 #
#86165
1!
#86170
0!
b10010110 #
#86175
1!
#86180
0!
b10010111 #
#86185
1!
#86190
0!
b10011000 #
#86195
1!
#86200
0!
b10011001 #
#86205
1!
#86210
0!
b10011010 #
#86215
1!
#86220
0!
b10011011 #
#86225
1!
#86230
0!
b10011100 #
#86235
1!
#86240
0!
b10011101 #
#86245
1!
#86250
0!
b10011110 #
#86255
1!
#86260
0!
b10011111 #
#86265
1!
#86270
0!
b10100000 #
#86275
1!
#86280
0!
b10100001 #
#86285
1!
#86290
0!
b10100010 #
#86295
1!
#86300
0!
b10100011 #
#86305
1!
#86310
0!
b10100100 #
#86315
1!
#86320
0!
b10100101 #
#86325
1!
#86330
0!
b10100110 #
#86335
1!
#86340
0!
b10100111 #
#86345
1!
#86350
0!
b10101000 #
#86355
1!
#86360
0!
b10101001 #
#86365
1!
#86370
0!
b10101010 #
#86375
1!
#86380
0!
b10101011 #
#86385
1!
#86390
0!
b10101100 #
#86395
1!
#86400
0!
b10101101 #
#86405
1!
#86410
0!
b10101110 #
#86415
1!
#86420
0!
b10101111 #
#86425
1!
#86430
0!
b10110000 #
#86435
1!
#86440
0!
b10110001 #
#86445
1!
#86450
0!
b10110010 #
#86455
1!
#86460
0!
b10110011 #
#86465
1!
#86470
0!
b10110100 #
#86475
1!
#86480
0!
b10110101 #
#86485
1!
#86490
0!
b10110110 #
#86495
1!
#86500
0!
b10110111 #
#86505
1!
#86510
0!
b10111000 #
#86515
1!
#86520
0!
b10111001 #
#86525
1!
#86530
0!
b10111010 #
#86535
1!
#86540
0!
b10111011 #
#86545
1!
#86550
0!
b10111100 #
#86555
1!
#86560
0!
b10111101 #
#86565
1!
#86570
0!
b10111110 #
#86575
1!
#86580
0!
b10111111 #
#86585
1!
#86590
0!
b11000000 #
#86595
1!
#86600
0!
b11000001 #
#86605
1!
#86610
0!
b11000010 #
#86615
1!
#86620
0!
b11000011 #
#86625
1!
#86630
0!
b11000100 #
#86635
1!
#86640
0!
b11000101 #
#86645
1!
#86650
0!
b11000110 #
#86655
1!
#86660
0!
b11000111 #
#86665
1!
#86670
0!
b11001000 #
#86675
1!
#86680
0!
b11001001 #
#86685
1!
#86690
0!
b11001010 #
#86695
1!
#86700
0!
b11001011 #
#86705
1!
#86710
0!
b11001100 #
#86715
1!
#86720
0!
b11001101 #
#86725
1!
#86730
0!
b11001110 #
#86735
1!
#86740
0!
b11001111 #
#86745
1!
#86750
0!
b11010000 #
#86755
1!
#86760
0!
b11010001 #
#86765
1!
#86770
0!
b11010010 #
#86775
1!
#86780
0!
b11010011 #
#86785
1!
#86790
0!
b11010100 #
#86795
1!
#86800
0!
b11010101 #
#86805
1!
#86810
0!
b11010110 #
#86815
1!
#86820
0!
b11010111 #
#86825
1!
#86830
0!
b11011000 #
#86835
1!
#86840
0!
b11011001 #
#86845
1!
#86850
0!
b11011010 #
#86855
1!
#86860
0!
b11011011 #
#86865
1!
#86870
0!
b11011100 #
#86875
1!
#86880
0!
b11011101 #
#86885
1!
#86890
0!
b11011110 #
#86895
1!
#86900
0!
b11011111 #
#86905
1!
#86910
0!
b11100000 #
#86915
1!
#86920
0!
b11100001 #
#86925
1!
#86930
0!
b11100010 #
#86935
1!
#86940
0!
b11100011 #
#86945
1!
#86950
0!
b11100100 #
#86955
1!
#86960
0!
b11100101 #
#86965
1!
#86970
0!
b11100110 #
#86975
1!
#86980
0!
b11100111 #
#86985
1!
#86990
0!
b11101000 #
#86995
1!
#87000
0!
b11101001 #
0(
#87005
1!
#87010
0!
b11101010 #
#87015
1!
#87020
0!
b11101011 #
#87025
1!
#87030
0!
b11101100 #
#87035
1!
#87040
0!
b11101101 #
#87045
1!
#87050
0!
b11101110 #
#87055
1!
#87060
0!
b11101111 #
#87065
1!
#87070
0!
b11110000 #
#87075
1!
#87080
0!
b11110001 #
#87085
1!
#87090
0!
b11110010 #
#87095
1!
#87100
0!
b11110011 #
#87105
1!
#87110
0!
b11110100 #
#87115
1!
#87120
0!
b11110101 #
#87125
1!
#87130
0!
b11110110 #
#87135
1!
#87140
0!
b11110111 #
#87145
1!
#87150
0!
b11111000 #
#87155
1!
#87160
0!
b11111001 #
#87165
1!
#87170
0!
b11111010 #
#87175
1!
#87180
0!
b11111011 #
#87185
1!
#87190
0!
b11111100 #
#87195
1!
#87200
0!
b11111101 #
#87205
1!
#87210
0!
b11111110 #
#87215
1!
#87220
0!
b11111111 #
#87225
1!
#87230
0!
b00000000 #
#87235
1!
#87240
0!
b00000001 #
#87245
1!
#87250
0!
b00000010 #
#87255
1!
#87260
0!
b00000011 #
#87265
1!
#87270
0!
b00000100 #
#87275
1!
#87280
0!
b00000101 #
#87285
1!
#87290
0!
b00000110 #
#87295
1!
#87300
0!
b00000111 #
#87305
1!
#87310
0!
b00001000 #
#87315
1!
#87320
0!
b00001001 #
#87325
1!
#87330
0!
b00001010 #
#87335
1!
#87340
0!
b00001011 #
#87345
1!
#87350
0!
b00001100 #
#87355
1!
#87360
0!
b00001101 #
#87365
1!
#87370
0!
b00001110 #
#87375
1!
#87380
0!
b00001111 #
#87385
1!
#87390
0!
b00010000 #
#87395
1!
#87400
0!
b00010001 #
#87405
1!
#87410
0!
b00010010 #
#87415
1!
#87420
0!
b00010011 #
#87425
1!
#87430
0!
b00010100 #
#87435
1!
#87440
0!
b00010101 #
#87445
1!
#87450
0!
b00010110 #
#87455
1!
#87460
0!
b00010111 #
#87465
1!
#87470
0!
b00011000 #
#87475
1!
#87480
0!
b00011001 #
#87485
1!
#87490
0!
b00011010 #
#87495
1!
#87500
0!
b00011011 #
#87505
1!
#87510
0!
b00011100 #
#87515
1!
#87520
0!
b00011101 #
#87525
1!
#87530
0!
b00011110 #
#87535
1!
#87540
0!
b00011111 #
#87545
1!
#87550
0!
b00100000 #
#87555
1!
#87560
0!
b00100001 #
#87565
1!
#87570
0!
b00100010 #
#87575
1!
#87580
0!
b00100011 #
#87585
1!
#87590
0!
b00100100 #
#87595
1!
#87600
0!
b00100101 #
#87605
1!
#87610
0!
b00100110 #
#87615
1!
#87620
0!
b00100111 #
#87625
1!
#87630
0!
b00101000 #
#87635
1!
#87640
0!
b00101001 #
#87645
1!
#87650
0!
b00101010 #
#87655
1!
#87660
0!
b00101011 #
#87665
1!
#87670
0!
b00101100 #
#87675
1!
#87680
0!
b00101101 #
#87685
1!
#87690
0!
b00101110 #
#87695
1!
#87700
0!
b00101111 #
#87705
1!
#87710
0!
b00110000 #
#87715
1!
#87720
0!
b00110001 #
#87725
1!
#87730
0!
b00110010 #
#87735
1!
#87740
0!
b00110011 #
#87745
1!
#87750
0!
b00110100 #
#87755
1!
#87760
0!
b00110101 #
#87765
1!
#87770
0!
b00110110 #
#87775
1!
#87780
0!
b00110111 #
#87785
1!
#87790
0!
b00111000 #
#87795
1!
#87800
0!
b00111001 #
#87805
1!
#87810
0!
b00111010 #
#87815
1!
#87820
0!
b00111011 #
#87825
1!
#87830
0!
b00111100 #
#87835
1!
#87840
0!
b00111101 #
#87845
1!
#87850
0!
b00111110 #
#87855
1!
#87860
0!
b00111111 #
#87865
1!
#87870
0!
b01000000 #
#87875
1!
#87880
0!
b01000001 #
#87885
1!
#87890
0!
b01000010 #
#87895
1!
#87900
0!
b01000011 #
#87905
1!
#87910
0!
b01000100 #
#87915
1!
#87920
0!
b01000101 #
#87925
1!
#87930
0!
b01000110 #
#87935
1!
#87940
0!
b01000111 #
#87945
1!
#87950
0!
b01001000 #
#87955
1!
#87960
0!
b01001001 #
#87965
1!
#87970
0!
b01001010 #
#87975
1!
#87980
0!
b01001011 #
#87985
1!
#87990
0!
b01001100 #
#87995
1!
#88000
0!
b01001101 #
1(
#88005
1!
#88010
0!
b01001110 #
#88015
1!
#88020
0!
b01001111 #
#88025
1!
#88030
0!
b01010000 #
#88035
1!
#88040
0!
b01010001 #
#88045
1!
#88050
0!
b01010010 #
#88055
1!
#88060
0!
b01010011 #
#88065
1!
#88070
0!
b01010100 #
#88075
1!
#88080
0!
b01010101 #
#88085
1!
#88090
0!
b01010110 #
#88095
1!
#88100
0!
b01010111 #
#88105
1!
#88110
0!
b01011000 #
#88115
1!
#88120
0!
b01011001 #
#88125
1!
#88130
0!
b01011010 #
#88135
1!
#88140
0!
b01011011 #
#88145
1!
#88150
0!
b01011100 #
#88155
1!
#88160
0!
b01011101 #
#88165
1!
#88170
0!
b01011110 #
#88175
1!
#88180
0!
b01011111 #
#88185
1!
#88190
0!
b01100000 #
#88195
1!
#88200
0!
b01100001 #
#88205
1!
#88210
0!
b01100010 #
#88215
1!
#88220
0!
b01100011 #
#88225
1!
#88230
0!
b01100100 #
#88235
1!
#88240
0!
b01100101 #
#88245
1!
#88250
0!
b01100110 #
#88255
1!
#88260
0!
b01100111 #
#88265
1!
#88270
0!
b01101000 #
#88275
1!
#88280
0!
b01101001 #
#88285
1!
#88290
0!
b01101010 #
#88295
1!
#88300
0!
b01101011 #
#88305
1!
#88310
0!
b01101100 #
#88315
1!
#88320
0!
b01101101 #
#88325
1!
#88330
0!
b01101110 #
#88335
1!
#88340
0!
b01101111 #
#88345
1!
#88350
0!
b01110000 #
#88355
1!
#88360
0!
b01110001 #
#88365
1!
#88370
0!
b01110010 #
#88375
1!
#88380
0!
b01110011 #
#88385
1!
#88390
0!
b01110100 #
#88395
1!
#88400
0!
b01110101 #
#88405
1!
#88410
0!
b01110110 #
#88415
1!
#88420
0!
b01110111 #
#88425
1!
#88430
0!
b01111000 #
#88435
1!
#88440
0!
b01111001 #
#88445
1!
#88450
0!
b01111010 #
#88455
1!
#88460
0!
b01111011 #
#88465
1!
#88470
0!
b01111100 #
#88475
1!
#88480
0!
b01111101 #
#88485
1!
#88490
0!
b01111110 #
#88495
1!
#88500
0!
b01111111 #
#88505
1!
#88510
0!
b10000000 #
#88515
1!
#88520
0!
b10000001 #
#88525
1!
#88530
0!
b10000010 #
#88535
1!
#88540
0!
b10000011 #
#88545
1!
#88550
0!
b10000100 #
#88555
1!
#88560
0!
b10000101 #
#88565
1!
#88570
0!
b10000110 #
#88575
1!
#88580
0!
b10000111 #
#88585
1!
#88590
0!
b10001000 #
#88595
1!
#88600
0!
b10001001 #
#88605
1!
#88610
0!
b10001010 #
#88615
1!
#88620
0!
b10001011 #
#88625
1!
#88630
0!
b10001100 #
#88635
1!
#88640
0!
b10001101 #
#88645
1!
#88650
0!
b10001110 #
#88655
1!
#88660
0!
b10001111 #
#88665
1!
#88670
0!
b10010000 #
#88675
1!
#88680
0!
b10010001 #
#88685
1!
#88690
0!
b10010010 #
#88695
1!
#88700
0!
b10010011 #
#88705
1!
#88710
0!
b10010100 #
#88715
1!
#88720
0!
b10010101 #
#88725
1!
#88730
0!
b10010110 #
#88735
1!
#88740
0!
b10010111 #
#88745
1!
#88750
0!
b10011000 #
#88755
1!
#88760
0!
b10011001 #
#88765
1!
#88770
0!
b10011010 #
#88775
1!
#88780
0!
b10011011 #
#88785
1!
#88790
0!
b10011100 #
#88795
1!
#88800
0!
b10011101 #
#88805
1!
#88810
0!
b10011110 #
#88815
1!
#88820
0!
b10011111 #
#88825
1!
#88830
0!
b10100000 #
#88835
1!
#88840
0!
b10100001 #
#88845
1!
#88850
0!
b10100010 #
#88855
1!
#88860
0!
b10100011 #
#88865
1!
#88870
0!
b10100100 #
#88875
1!
#88880
0!
b10100101 #
#88885
1!
#88890
0!
b10100110 #
#88895
1!
#88900
0!
b10100111 #
#88905
1!
#88910
0!
b10101000 #
#88915
1!
#88920
0!
b10101001 #
#88925
1!
#88930
0!
b10101010 #
#88935
1!
#88940
0!
b10101011 #
#88945
1!
#88950
0!
b10101100 #
#88955
1!
#88960
0!
b10101101 #
#88965
1!
#88970
0!
b10101110 #
#88975
1!
#88980
0!
b10101111 #
#88985
1!
#88990
0!
b10110000 #
#88995
1!
#89000
0!
b10110001 #
0(
#89005
1!
#89010
0!
b10110010 #
#89015
1!
#89020
0!
b10110011 #
#89025
1!
#89030
0!
b10110100 #
#89035
1!
#89040
0!
b10110101 #
#89045
1!
#89050
0!
b10110110 #
#89055
1!
#89060
0!
b10110111 #
#89065
1!
#89070
0!
b10111000 #
#89075
1!
#89080
0!
b10111001 #
#89085
1!
#89090
0!
b10111010 #
#89095
1!
#89100
0!
b10111011 #
#89105
1!
#89110
0!
b10111100 #
#89115
1!
#89120
0!
b10111101 #
#89125
1!
#89130
0!
b10111110 #
#89135
1!
#89140
0!
b10111111 #
#89145
1!
#89150
0!
b11000000 #
#89155
1!
#89160
0!
b11000001 #
#89165
1!
#89170
0!
b11000010 #
#89175
1!
#89180
0!
b11000011 #
#89185
1!
#89190
0!
b11000100 #
#89195
1!
#89200
0!
b11000101 #
#89205
1!
#89210
0!
b11000110 #
#89215
1!
#89220
0!
b11000111 #
#89225
1!
#89230
0!
b11001000 #
#89235
1!
#89240
0!
b11001001 #
#89245
1!
#89250
0!
b11001010 #
#89255
1!
#89260
0!
b11001011 #
#89265
1!
#89270
0!
b11001100 #
#89275
1!
#89280
0!
b11001101 #
#89285
1!
#89290
0!
b11001110 #
#89295
1!
#89300
0!
b11001111 #
#89305
1!
#89310
0!
b11010000 #
#89315
1!
#89320
0!
b11010001 #
#89325
1!
#89330
0!
b11010010 #
#89335
1!
#89340
0!
b11010011 #
#89345
1!
#89350
0!
b11010100 #
#89355
1!
#89360
0!
b11010101 #
#89365
1!
#89370
0!
b11010110 #
#89375
1!
#89380
0!
b11010111 #
#89385
1!
#89390
0!
b11011000 #
#89395
1!
#89400
0!
b11011001 #
#89405
1!
#89410
0!
b11011010 #
#89415
1!
#89420
0!
b11011011 #
#89425
1!
#89430
0!
b11011100 #
#89435
1!
#89440
0!
b11011101 #
#89445
1!
#89450
0!
b11011110 #
#89455
1!
#89460
0!
b11011111 #
#89465
1!
#89470
0!
b11100000 #
#89475
1!
#89480
0!
b11100001 #
#89485
1!
#89490
0!
b11100010 #
#89495
1!
#89500
0!
b11100011 #
#89505
1!
#89510
0!
b11100100 #
#89515
1!
#89520
0!
b11100101 #
#89525
1!
#89530
0!
b11100110 #
#89535
1!
#89540
0!
b11100111 #
#89545
1!
#89550
0!
b11101000 #
#89555
1!
#89560
0!
b11101001 #
#89565
1!
#89570
0!
b11101010 #
#89575
1!
#89580
0!
b11101011 #
#89585
1!
#89590
0!
b11101100 #
#89595
1!
#89600
0!
b11101101 #
#89605
1!
#89610
0!
b11101110 #
#89615
1!
#89620
0!
b11101111 #
#89625
1!
#89630
0!
b11110000 #
#89635
1!
#89640
0!
b11110001 #
#89645
1!
#89650
0!
b11110010 #
#89655
1!
#89660
0!
b11110011 #
#89665
1!
#89670
0!
b11110100 #
#89675
1!
#89680
0!
b11110101 #
#89685
1!
#89690
0!
b11110110 #
#89695
1!
#89700
0!
b11110111 #
#89705
1!
#89710
0!
b11111000 #
#89715
1!
#89720
0!
b11111001 #
#89725
1!
#89730
0!
b11111010 #
#89735
1!
#89740
0!
b11111011 #
#89745
1!
#89750
0!
b11111100 #
#89755
1!
#89760
0!
b11111101 #
#89765
1!
#89770
0!
b11111110 #
#89775
1!
#89780
0!
b11111111 #
#89785
1!
#89790
0!
b00000000 #
#89795
1!
#89800
0!
b00000001 #
#89805
1!
#89810
0!
b00000010 #
#89815
1!
#89820
0!
b00000011 #
#89825
1!
#89830
0!
b00000100 #
#89835
1!
#89840
0!
b00000101 #
#89845
1!
#89850
0!
b00000110 #
#89855
1!
#89860
0!
b00000111 #
#89865
1!
#89870
0!
b00001000 #
#89875
1!
#89880
0!
b00001001 #
#89885
1!
#89890
0!
b00001010 #
#89895
1!
#89900
0!
b00001011 #
#89905
1!
#89910
0!
b00001100 #
#89915
1!
#89920
0!
b00001101 #
#89925
1!
#89930
0!
b00001110 #
#89935
1!
#89940
0!
b00001111 #
#89945
1!
#89950
0!
b00010000 #
#89955
1!
#89960
0!
b00010001 #
#89965
1!
#89970
0!
b00010010 #
#89975
1!
#89980
0!
b00010011 #
#89985
1!
#89990
0!
b00010100 #
#89995
1!
#90000
0!
b00010101 #
1(
#90005
1!
#90010
0!
b00010110 #
#90015
1!
#90020
0!
b00010111 #
#90025
1!
#90030
0!
b00011000 #
#90035
1!
#90040
0!
b00011001 #
#90045
1!
#90050
0!
b00011010 #
#90055
1!
#90060
0!
b00011011 #
#90065
1!
#90070
0!
b00011100 #
#90075
1!
#90080
0!
b00011101 #
#90085
1!
#90090
0!
b00011110 #
#90095
1!
#90100
0!
b00011111 #
#90105
1!
#90110
0!
b00100000 #
#90115
1!
#90120
0!
b00100001 #
#90125
1!
#90130
0!
b00100010 #
#90135
1!
#90140
0!
b00100011 #
#90145
1!
#90150
0!
b00100100 #
#90155
1!
#90160
0!
b00100101 #
#90165
1!
#90170
0!
b00100110 #
#90175
1!
#90180
0!
b00100111 #
#90185
1!
#90190
0!
b00101000 #
#90195
1!
#90200
0!
b00101001 #
#90205
1!
#90210
0!
b00101010 #
#90215
1!
#90220
0!
b00101011 #
#90225
1!
#90230
0!
b00101100 #
#90235
1!
#90240
0!
b00101101 #
#90245
1!
#90250
0!
b00101110 #
#90255
1!
#90260
0!
b00101111 #
#90265
1!
#90270
0!
b00110000 #
#90275
1!
#90280
0!
b00110001 #
#90285
1!
#90290
0!
b00110010 #
#90295
1!
#90300
0!
b00110011 #
#90305
1!
#90310
0!
b00110100 #
#90315
1!
#90320
0!
b00110101 #
#90325
1!
#90330
0!
b00110110 #
#90335
1!
#90340
0!
b00110111 #
#90345
1!
#90350
0!
b00111000 #
#90355
1!
#90360
0!
b00111001 #
#90365
1!
#90370
0!
b00111010 #
#90375
1!
#90380
0!
b00111011 #
#90385
1!
#90390
0!
b00111100 #
#90395
1!
#90400
0!
b00111101 #
#90405
1!
#90410
0!
b00111110 #
#90415
1!
#90420
0!
b00111111 #
#90425
1!
#90430
0!
b01000000 #
#90435
1!
#90440
0!
b01000001 #
#90445
1!
#90450
0!
b01000010 #
#90455
1!
#90460
0!
b01000011 #
#90465
1!
#90470
0!
b01000100 #
#90475
1!
#90480
0!
b01000101 #
#90485
1!
#90490
0!
b01000110 #
#90495
1!
#90500
0!
b01000111 #
#90505
1!
#90510
0!
b01001000 #
#90515
1!
#90520
0!
b01001001 #
#90525
1!
#90530
0!
b01001010 #
#90535
1!
#90540
0!
b01001011 #
#90545
1!
#90550
0!
b01001100 #
#90555
1!
#90560
0!
b01001101 #
#90565
1!
#90570
0!
b01001110 #
#90575
1!
#90580
0!
b01001111 #
#90585
1!
#90590
0!
b01010000 #
#90595
1!
#90600
0!
b01010001 #
#90605
1!
#90610
0!
b01010010 #
#90615
1!
#90620
0!
b01010011 #
#90625
1!
#90630
0!
b01010100 #
#90635
1!
#90640
0!
b01010101 #
#90645
1!
#90650
0!
b01010110 #
#90655
1!
#90660
0!
b01010111 #
#90665
1!
#90670
0!
b01011000 #
#90675
1!
#90680
0!
b01011001 #
#90685
1!
#90690
0!
b01011010 #
#90695
1!
#90700
0!
b01011011 #
#90705
1!
#90710
0!
b01011100 #
#90715
1!
#90720
0!
b01011101 #
#90725
1!
#90730
0!
b01011110 #
#90735
1!
#90740
0!
b01011111 #
#90745
1!
#90750
0!
b01100000 #
#90755
1!
#90760
0!
b01100001 #
#90765
1!
#90770
0!
b01100010 #
#90775
1!
#90780
0!
b01100011 #
#90785
1!
#90790
0!
b01100100 #
#90795
1!
#90800
0!
b01100101 #
#90805
1!
#90810
0!
b01100110 #
#90815
1!
#90820
0!
b01100111 #
#90825
1!
#90830
0!
b01101000 #
#90835
1!
#90840
0!
b01101001 #
#90845
1!
#90850
0!
b01101010 #
#90855
1!
#90860
0!
b01101011 #
#90865
1!
#90870
0!
b01101100 #
#90875
1!
#90880
0!
b01101101 #
#90885
1!
#90890
0!
b01101110 #
#90895
1!
#90900
0!
b01101111 #
#90905
1!
#90910
0!
b01110000 #
#90915
1!
#90920
0!
b01110001 #
#90925
1!
#90930
0!
b01110010 #
#90935
1!
#90940
0!
b01110011 #
#90945
1!
#90950
0!
b01110100 #
#90955
1!
#90960
0!
b01110101 #
#90965
1!
#90970
0!
b01110110 #
#90975
1!
#90980
0!
b01110111 #
#90985
1!
#90990
0!
b01111000 #
#90995
1!
#91000
0!
b01111001 #
1(
#91005
1!
#91010
0!
b01111010 #
#91015
1!
#91020
0!
b01111011 #
#91025
1!
#91030
0!
b01111100 #
#91035
1!
#91040
0!
b01111101 #
#91045
1!
#91050
0!
b01111110 #
#91055
1!
#91060
0!
b01111111 #
#91065
1!
#91070
0!
b10000000 #
#91075
1!
#91080
0!
b10000001 #
#91085
1!
#91090
0!
b10000010 #
#91095
1!
#91100
0!
b10000011 #
#91105
1!
#91110
0!
b10000100 #
#91115
1!
#91120
0!
b10000101 #
#91125
1!
#91130
0!
b10000110 #
#91135
1!
#91140
0!
b10000111 #
#91145
1!
#91150
0!
b10001000 #
#91155
1!
#91160
0!
b10001001 #
#91165
1!
#91170
0!
b10001010 #
#91175
1!
#91180
0!
b10001011 #
#91185
1!
#91190
0!
b10001100 #
#91195
1!
#91200
0!
b10001101 #
#91205
1!
#91210
0!
b10001110 #
#91215
1!
#91220
0!
b10001111 #
#91225
1!
#91230
0!
b10010000 #
#91235
1!
#91240
0!
b10010001 #
#91245
1!
#91250
0!
b10010010 #
#91255
1!
#91260
0!
b10010011 #
#91265
1!
#91270
0!
b10010100 #
#91275
1!
#91280
0!
b10010101 #
#91285
1!
#91290
0!
b10010110 #
#91295
1!
#91300
0!
b10010111 #
#91305
1!
#91310
0!
b10011000 #
#91315
1!
#91320
0!
b10011001 #
#91325
1!
#91330
0!
b10011010 #
#91335
1!
#91340
0!
b10011011 #
#91345
1!
#91350
0!
b10011100 #
#91355
1!
#91360
0!
b10011101 #
#91365
1!
#91370
0!
b10011110 #
#91375
1!
#91380
0!
b10011111 #
#91385
1!
#91390
0!
b10100000 #
#91395
1!
#91400
0!
b10100001 #
#91405
1!
#91410
0!
b10100010 #
#91415
1!
#91420
0!
b10100011 #
#91425
1!
#91430
0!
b10100100 #
#91435
1!
#91440
0!
b10100101 #
#91445
1!
#91450
0!
b10100110 #
#91455
1!
#91460
0!
b10100111 #
#91465
1!
#91470
0!
b10101000 #
#91475
1!
#91480
0!
b10101001 #
#91485
1!
#91490
0!
b10101010 #
#91495
1!
#91500
0!
b10101011 #
#91505
1!
#91510
0!
b10101100 #
#91515
1!
#91520
0!
b10101101 #
#91525
1!
#91530
0!
b10101110 #
#91535
1!
#91540
0!
b10101111 #
#91545
1!
#91550
0!
b10110000 #
#91555
1!
#91560
0!
b10110001 #
#91565
1!
#91570
0!
b10110010 #
#91575
1!
#91580
0!
b10110011 #
#91585
1!
#91590
0!
b10110100 #
#91595
1!
#91600
0!
b10110101 #
#91605
1!
#91610
0!
b10110110 #
#91615
1!
#91620
0!
b10110111 #
#91625
1!
#91630
0!
b10111000 #
#91635
1!
#91640
0!
b10111001 #
#91645
1!
#91650
0!
b10111010 #
#91655
1!
#91660
0!
b10111011 #
#91665
1!
#91670
0!
b10111100 #
#91675
1!
#91680
0!
b10111101 #
#91685
1!
#91690
0!
b10111110 #
#91695
1!
#91700
0!
b10111111 #
#91705
1!
#91710
0!
b11000000 #
#91715
1!
#91720
0!
b11000001 #
#91725
1!
#91730
0!
b11000010 #
#91735
1!
#91740
0!
b11000011 #
#91745
1!
#91750
0!
b11000100 #
#91755
1!
#91760
0!
b11000101 #
#91765
1!
#91770
0!
b11000110 #
#91775
1!
#91780
0!
b11000111 #
#91785
1!
#91790
0!
b11001000 #
#91795
1!
#91800
0!
b11001001 #
#91805
1!
#91810
0!
b11001010 #
#91815
1!
#91820
0!
b11001011 #
#91825
1!
#91830
0!
b11001100 #
#91835
1!
#91840
0!
b11001101 #
#91845
1!
#91850
0!
b11001110 #
#91855
1!
#91860
0!
b11001111 #
#91865
1!
#91870
0!
b11010000 #
#91875
1!
#91880
0!
b11010001 #
#91885
1!
#91890
0!
b11010010 #
#91895
1!
#91900
0!
b11010011 #
#91905
1!
#91910
0!
b11010100 #
#91915
1!
#91920
0!
b11010101 #
#91925
1!
#91930
0!
b11010110 #
#91935
1!
#91940
0!
b11010111 #
#91945
1!
#91950
0!
b11011000 #
#91955
1!
#91960
0!
b11011001 #
#91965
1!
#91970
0!
b11011010 #
#91975
1!
#91980
0!
b11011011 #
#91985
1!
#91990
0!
b11011100 #
#91995
1!
#92000
0!
b11011101 #
0(
#92005
1!
#92010
0!
b11011110 #
#92015
1!
#92020
0!
b11011111 #
#92025
1!
#92030
0!
b11100000 #
#92035
1!
#92040
0!
b11100001 #
#92045
1!
#92050
0!
b11100010 #
#92055
1!
#92060
0!
b11100011 #
#92065
1!
#92070
0!
b11100100 #
#92075
1!
#92080
0!
b11100101 #
#92085
1!
#92090
0!
b11100110 #
#92095
1!
#92100
0!
b11100111 #
#92105
1!
#92110
0!
b11101000 #
#92115
1!
#92120
0!
b11101001 #
#92125
1!
#92130
0!
b11101010 #
#92135
1!
#92140
0!
b11101011 #
#92145
1!
#92150
0!
b11101100 #
#92155
1!
#92160
0!
b11101101 #
#92165
1!
#92170
0!
b11101110 #
#92175
1!
#92180
0!
b11101111 #
#92185
1!
#92190
0!
b11110000 #
#92195
1!
#92200
0!
b11110001 #
#92205
1!
#92210
0!
b11110010 #
#92215
1!
#92220
0!
b11110011 #
#92225
1!
#92230
0!
b11110100 #
#92235
1!
#92240
0!
b11110101 #
#92245
1!
#92250
0!
b11110110 #
#92255
1!
#92260
0!
b11110111 #
#92265
1!
#92270
0!
b11111000 #
#92275
1!
#92280
0!
b11111001 #
#92285
1!
#92290
0!
b11111010 #
#92295
1!
#92300
0!
b11111011 #
#92305
1!
#92310
0!
b11111100 #
#92315
1!
#92320
0!
b11111101 #
#92325
1!
#92330
0!
b11111110 #
#92335
1!
#92340
0!
b11111111 #
#92345
1!
#92350
0!
b00000000 #
#92355
1!
#92360
0!
b00000001 #
#92365
1!
#92370
0!
b00000010 #
#92375
1!
#92380
0!
b00000011 #
#92385
1!
#92390
0!
b00000100 #
#92395
1!
#92400
0!
b00000101 #
#92405
1!
#92410
0!
b00000110 #
#92415
1!
#92420
0!
b00000111 #
#92425
1!
#92430
0!
b00001000 #
#92435
1!
#92440
0!
b00001001 #
#92445
1!
#92450
0!
b00001010 #
#92455
1!
#92460
0!
b00001011 #
#92465
1!
#92470
0!
b00001100 #
#92475
1!
#92480
0!
b00001101 #
#92485
1!
#92490
0!
b00001110 #
#92495
1!
#92500
0!
b00001111 #
#92505
1!
#92510
0!
b00010000 #
#92515
1!
#92520
0!
b00010001 #
#92525
1!
#92530
0!
b00010010 #
#92535
1!
#92540
0!
b00010011 #
#92545
1!
#92550
0!
b00010100 #
#92555
1!
#92560
0!
b00010101 #
#92565
1!
#92570
0!
b00010110 #
#92575
1!
#92580
0!
b00010111 #
#92585
1!
#92590
0!
b00011000 #
#92595
1!
#92600
0!
b00011001 #
#92605
1!
#92610
0!
b00011010 #
#92615
1!
#92620
0!
b00011011 #
#92625
1!
#92630
0!
b00011100 #
#92635
1!
#92640
0!
b00011101 #
#92645
1!
#92650
0!
b00011110 #
#92655
1!
#92660
0!
b00011111 #
#92665
1!
#92670
0!
b00100000 #
#92675
1!
#92680
0!
b00100001 #
#92685
1!
#92690
0!
b00100010 #
#92695
1!
#92700
0!
b00100011 #
#92705
1!
#92710
0!
b00100100 #
#92715
1!
#92720
0!
b00100101 #
#92725
1!
#92730
0!
b00100110 #
#92735
1!
#92740
0!
b00100111 #
#92745
1!
#92750
0!
b00101000 #
#92755
1!
#92760
0!
b00101001 #
#92765
1!
#92770
0!
b00101010 #
#92775
1!
#92780
0!
b00101011 #
#92785
1!
#92790
0!
b00101100 #
#92795
1!
#92800
0!
b00101101 #
#92805
1!
#92810
0!
b00101110 #
#92815
1!
#92820
0!
b00101111 #
#92825
1!
#92830
0!
b00110000 #
#92835
1!
#92840
0!
b00110001 #
#92845
1!
#92850
0!
b00110010 #
#92855
1!
#92860
0!
b00110011 #
#92865
1!
#92870
0!
b00110100 #
#92875
1!
#92880
0!
b00110101 #
#92885
1!
#92890
0!
b00110110 #
#92895
1!
#92900
0!
b00110111 #
#92905
1!
#92910
0!
b00111000 #
#92915
1!
#92920
0!
b00111001 #
#92925
1!
#92930
0!
b00111010 #
#92935
1!
#92940
0!
b00111011 #
#92945
1!
#92950
0!
b00111100 #
#92955
1!
#92960
0!
b00111101 #
#92965
1!
#92970
0!
b00111110 #
#92975
1!
#92980
0!
b00111111 #
#92985
1!
#92990
0!
b01000000 #
#92995
1!
#93000
0!
b01000001 #
1(
#93005
1!
#93010
0!
b01000010 #
#93015
1!
#93020
0!
b01000011 #
#93025
1!
#93030
0!
b01000100 #
#93035
1!
#93040
0!
b01000101 #
#93045
1!
#93050
0!
b01000110 #
#93055
1!
#93060
0!
b01000111 #
#93065
1!
#93070
0!
b01001000 #
#93075
1!
#93080
0!
b01001001 #
#93085
1!
#93090
0!
b01001010 #
#93095
1!
#93100
0!
b01001011 #
#93105
1!
#93110
0!
b01001100 #
#93115
1!
#93120
0!
b01001101 #
#93125
1!
#93130
0!
b01001110 #
#93135
1!
#93140
0!
b01001111 #
#93145
1!
#93150
0!
b01010000 #
#93155
1!
#93160
0!
b01010001 #
#93165
1!
#93170
0!
b01010010 #
#93175
1!
#93180
0!
b01010011 #
#93185
1!
#93190
0!
b01010100 #
#93195
1!
#93200
0!
b01010101 #
#93205
1!
#93210
0!
b01010110 #
#93215
1!
#93220
0!
b01010111 #
#93225
1!
#93230
0!
b01011000 #
#93235
1!
#93240
0!
b01011001 #
#93245
1!
#93250
0!
b01011010 #
#93255
1!
#93260
0!
b01011011 #
#93265
1!
#93270
0!
b01011100 #
#93275
1!
#93280
0!
b01011101 #
#93285
1!
#93290
0!
b01011110 #
#93295
1!
#93300
0!
b01011111 #
#93305
1!
#93310
0!
b01100000 #
#93315
1!
#93320
0!
b01100001 #
#93325
1!
#93330
0!
b01100010 #
#93335
1!
#93340
0!
b01100011 #
#93345
1!
#93350
0!
b01100100 #
#93355
1!
#93360
0!
b01100101 #
#93365
1!
#93370
0!
b01100110 #
#93375
1!
#93380
0!
b01100111 #
#93385
1!
#93390
0!
b01101000 #
#93395
1!
#93400
0!
b01101001 #
#93405
1!
#93410
0!
b01101010 #
#93415
1!
#93420
0!
b01101011 #
#93425
1!
#93430
0!
b01101100 #
#93435
1!
#93440
0!
b01101101 #
#93445
1!
#93450
0!
b01101110 #
#93455
1!
#93460
0!
b01101111 #
#93465
1!
#93470
0!
b01110000 #
#93475
1!
#93480
0!
b01110001 #
#93485
1!
#93490
0!
b01110010 #
#93495
1!
#93500
0!
b01110011 #
#93505
1!
#93510
0!
b01110100 #
#93515
1!
#93520
0!
b01110101 #
#93525
1!
#93530
0!
b01110110 #
#93535
1!
#93540
0!
b01110111 #
#93545
1!
#93550
0!
b01111000 #
#93555
1!
#93560
0!
b01111001 #
#93565
1!
#93570
0!
b01111010 #
#93575
1!
#93580
0!
b01111011 #
#93585
1!
#93590
0!
b01111100 #
#93595
1!
#93600
0!
b01111101 #
#93605
1!
#93610
0!
b01111110 #
#93615
1!
#93620
0!
b01111111 #
#93625
1!
#93630
0!
b10000000 #
#93635
1!
#93640
0!
b10000001 #
#93645
1!
#93650
0!
b10000010 #
#93655
1!
#93660
0!
b10000011 #
#93665
1!
#93670
0!
b10000100 #
#93675
1!
#93680
0!
b10000101 #
#93685
1!
#93690
0!
b10000110 #
#93695
1!
#93700
0!
b10000111 #
#93705
1!
#93710
0!
b10001000 #
#93715
1!
#93720
0!
b10001001 #
#93725
1!
#93730
0!
b10001010 #
#93735
1!
#93740
0!
b10001011 #
#93745
1!
#93750
0!
b10001100 #
#93755
1!
#93760
0!
b10001101 #
#93765
1!
#93770
0!
b10001110 #
#93775
1!
#93780
0!
b10001111 #
#93785
1!
#93790
0!
b10010000 #
#93795
1!
#93800
0!
b10010001 #
#93805
1!
#93810
0!
b10010010 #
#93815
1!
#93820
0!
b10010011 #
#93825
1!
#93830
0!
b10010100 #
#93835
1!
#93840
0!
b10010101 #
#93845
1!
#93850
0!
b10010110 #
#93855
1!
#93860
0!
b10010111 #
#93865
1!
#93870
0!
b10011000 #
#93875
1!
#93880
0!
b10011001 #
#93885
1!
#93890
0!
b10011010 #
#93895
1!
#93900
0!
b10011011 #
#93905
1!
#93910
0!
b10011100 #
#93915
1!
#93920
0!
b10011101 #
#93925
1!
#93930
0!
b10011110 #
#93935
1!
#93940
0!
b10011111 #
#93945
1!
#93950
0!
b10100000 #
#93955
1!
#93960
0!
b10100001 #
#93965
1!
#93970
0!
b10100010 #
#93975
1!
#93980
0!
b10100011 #
#93985
1!
#93990
0!
b10100100 #
#93995
1!
#94000
0!
b10100101 #
#94005
1!
#94010
0!
b10100110 #
#94015
1!
#94020
0!
b10100111 #
#94025
1!
#94030
0!
b10101000 #
#94035
1!
#94040
0!
b10101001 #
#94045
1!
#94050
0!
b10101010 #
#94055
1!
#94060
0!
b10101011 #
#94065
1!
#94070
0!
b10101100 #
#94075
1!
#94080
0!
b10101101 #
#94085
1!
#94090
0!
b10101110 #
#94095
1!
#94100
0!
b10101111 #
#94105
1!
#94110
0!
b10110000 #
#94115
1!
#94120
0!
b10110001 #
#94125
1!
#94130
0!
b10110010 #
#94135
1!
#94140
0!
b10110011 #
#94145
1!
#94150
0!
b10110100 #
#94155
1!
#94160
0!
b10110101 #
#94165
1!
#94170
0!
b10110110 #
#94175
1!
#94180
0!
b10110111 #
#94185
1!
#94190
0!
b10111000 #
#94195
1!
#94200
0!
b10111001 #
#94205
1!
#94210
0!
b10111010 #
#94215
1!
#94220
0!
b10111011 #
#94225
1!
#94230
0!
b10111100 #
#94235
1!
#94240
0!
b10111101 #
#94245
1!
#94250
0!
b10111110 #
#94255
1!
#94260
0!
b10111111 #
#94265
1!
#94270
0!
b11000000 #
#94275
1!
#94280
0!
b11000001 #
#94285
1!
#94290
0!
b11000010 #
#94295
1!
#94300
0!
b11000011 #
#94305
1!
#94310
0!
b11000100 #
#94315
1!
#94320
0!
b11000101 #
#94325
1!
#94330
0!
b11000110 #
#94335
1!
#94340
0!
b11000111 #
#94345
1!
#94350
0!
b11001000 #
#94355
1!
#94360
0!
b11001001 #
#94365
1!
#94370
0!
b11001010 #
#94375
1!
#94380
0!
b11001011 #
#94385
1!
#94390
0!
b11001100 #
#94395
1!
#94400
0!
b11001101 #
#94405
1!
#94410
0!
b11001110 #
#94415
1!
#94420
0!
b11001111 #
#94425
1!
#94430
0!
b11010000 #
#94435
1!
#94440
0!
b11010001 #
#94445
1!
#94450
0!
b11010010 #
#94455
1!
#94460
0!
b11010011 #
#94465
1!
#94470
0!
b11010100 #
#94475
1!
#94480
0!
b11010101 #
#94485
1!
#94490
0!
b11010110 #
#94495
1!
#94500
0!
b11010111 #
#94505
1!
#94510
0!
b11011000 #
#94515
1!
#94520
0!
b11011001 #
#94525
1!
#94530
0!
b11011010 #
#94535
1!
#94540
0!
b11011011 #
#94545
1!
#94550
0!
b11011100 #
#94555
1!
#94560
0!
b11011101 #
#94565
1!
#94570
0!
b11011110 #
#94575
1!
#94580
0!
b11011111 #
#94585
1!
#94590
0!
b11100000 #
#94595
1!
#94600
0!
b11100001 #
#94605
1!
#94610
0!
b11100010 #
#94615
1!
#94620
0!
b11100011 #
#94625
1!
#94630
0!
b11100100 #
#94635
1!
#94640
0!
b11100101 #
#94645
1!
#94650
0!
b11100110 #
#94655
1!
#94660
0!
b11100111 #
#94665
1!
#94670
0!
b11101000 #
#94675
1!
#94680
0!
b11101001 #
#94685
1!
#94690
0!
b11101010 #
#94695
1!
#94700
0!
b11101011 #
#94705
1!
#94710
0!
b11101100 #
#94715
1!
#94720
0!
b11101101 #
#94725
1!
#94730
0!
b11101110 #
#94735
1!
#94740
0!
b11101111 #
#94745
1!
#94750
0!
b11110000 #
#94755
1!
#94760
0!
b11110001 #
#94765
1!
#94770
0!
b11110010 #
#94775
1!
#94780
0!
b11110011 #
#94785
1!
#94790
0!
b11110100 #
#94795
1!
#94800
0!
b11110101 #
#94805
1!
#94810
0!
b11110110 #
#94815
1!
#94820
0!
b11110111 #
#94825
1!
#94830
0!
b11111000 #
#94835
1!
#94840
0!
b11111001 #
#94845
1!
#94850
0!
b11111010 #
#94855
1!
#94860
0!
b11111011 #
#94865
1!
#94870
0!
b11111100 #
#94875
1!
#94880
0!
b11111101 #
#94885
1!
#94890
0!
b11111110 #
#94895
1!
#94900
0!
b11111111 #
#94905
1!
#94910
0!
b00000000 #
#94915
1!
#94920
0!
b00000001 #
#94925
1!
#94930
0!
b00000010 #
#94935
1!
#94940
0!
b00000011 #
#94945
1!
#94950
0!
b00000100 #
#94955
1!
#94960
0!
b00000101 #
#94965
1!
#94970
0!
b00000110 #
#94975
1!
#94980
0!
b00000111 #
#94985
1!
#94990
0!
b00001000 #
#94995
1!
#95000
0!
b00001001 #
#95005
1!
#95010
0!
b00001010 #
#95015
1!
#95020
0!
b00001011 #
#95025
1!
#95030
0!
b00001100 #
#95035
1!
#95040
0!
b00001101 #
#95045
1!
#95050
0!
b00001110 #
#95055
1!
#95060
0!
b00001111 #
#95065
1!
#95070
0!
b00010000 #
#95075
1!
#95080
0!
b00010001 #
#95085
1!
#95090
0!
b00010010 #
#95095
1!
#95100
0!
b00010011 #
#95105
1!
#95110
0!
b00010100 #
#95115
1!
#95120
0!
b00010101 #
#95125
1!
#95130
0!
b00010110 #
#95135
1!
#95140
0!
b00010111 #
#95145
1!
#95150
0!
b00011000 #
#95155
1!
#95160
0!
b00011001 #
#95165
1!
#95170
0!
b00011010 #
#95175
1!
#95180
0!
b00011011 #
#95185
1!
#95190
0!
b00011100 #
#95195
1!
#95200
0!
b00011101 #
#95205
1!
#95210
0!
b00011110 #
#95215
1!
#95220
0!
b00011111 #
#95225
1!
#95230
0!
b00100000 #
#95235
1!
#95240
0!
b00100001 #
#95245
1!
#95250
0!
b00100010 #
#95255
1!
#95260
0!
b00100011 #
#95265
1!
#95270
0!
b00100100 #
#95275
1!
#95280
0!
b00100101 #
#95285
1!
#95290
0!
b00100110 #
#95295
1!
#95300
0!
b00100111 #
#95305
1!
#95310
0!
b00101000 #
#95315
1!
#95320
0!
b00101001 #
#95325
1!
#95330
0!
b00101010 #
#95335
1!
#95340
0!
b00101011 #
#95345
1!
#95350
0!
b00101100 #
#95355
1!
#95360
0!
b00101101 #
#95365
1!
#95370
0!
b00101110 #
#95375
1!
#95380
0!
b00101111 #
#95385
1!
#95390
0!
b00110000 #
#95395
1!
#95400
0!
b00110001 #
#95405
1!
#95410
0!
b00110010 #
#95415
1!
#95420
0!
b00110011 #
#95425
1!
#95430
0!
b00110100 #
#95435
1!
#95440
0!
b00110101 #
#95445
1!
#95450
0!
b00110110 #
#95455
1!
#95460
0!
b00110111 #
#95465
1!
#95470
0!
b00111000 #
#95475
1!
#95480
0!
b00111001 #
#95485
1!
#95490
0!
b00111010 #
#95495
1!
#95500
0!
b00111011 #
#95505
1!
#95510
0!
b00111100 #
#95515
1!
#95520
0!
b00111101 #
#95525
1!
#95530
0!
b00111110 #
#95535
1!
#95540
0!
b00111111 #
#95545
1!
#95550
0!
b01000000 #
#95555
1!
#95560
0!
b01000001 #
#95565
1!
#95570
0!
b01000010 #
#95575
1!
#95580
0!
b01000011 #
#95585
1!
#95590
0!
b01000100 #
#95595
1!
#95600
0!
b01000101 #
#95605
1!
#95610
0!
b01000110 #
#95615
1!
#95620
0!
b01000111 #
#95625
1!
#95630
0!
b01001000 #
#95635
1!
#95640
0!
b01001001 #
#95645
1!
#95650
0!
b01001010 #
#95655
1!
#95660
0!
b01001011 #
#95665
1!
#95670
0!
b01001100 #
#95675
1!
#95680
0!
b01001101 #
#95685
1!
#95690
0!
b01001110 #
#95695
1!
#95700
0!
b01001111 #
#95705
1!
#95710
0!
b01010000 #
#95715
1!
#95720
0!
b01010001 #
#95725
1!
#95730
0!
b01010010 #
#95735
1!
#95740
0!
b01010011 #
#95745
1!
#95750
0!
b01010100 #
#95755
1!
#95760
0!
b01010101 #
#95765
1!
#95770
0!
b01010110 #
#95775
1!
#95780
0!
b01010111 #
#95785
1!
#95790
0!
b01011000 #
#95795
1!
#95800
0!
b01011001 #
#95805
1!
#95810
0!
b01011010 #
#95815
1!
#95820
0!
b01011011 #
#95825
1!
#95830
0!
b01011100 #
#95835
1!
#95840
0!
b01011101 #
#95845
1!
#95850
0!
b01011110 #
#95855
1!
#95860
0!
b01011111 #
#95865
1!
#95870
0!
b01100000 #
#95875
1!
#95880
0!
b01100001 #
#95885
1!
#95890
0!
b01100010 #
#95895
1!
#95900
0!
b01100011 #
#95905
1!
#95910
0!
b01100100 #
#95915
1!
#95920
0!
b01100101 #
#95925
1!
#95930
0!
b01100110 #
#95935
1!
#95940
0!
b01100111 #
#95945
1!
#95950
0!
b01101000 #
#95955
1!
#95960
0!
b01101001 #
#95965
1!
#95970
0!
b01101010 #
#95975
1!
#95980
0!
b01101011 #
#95985
1!
#95990
0!
b01101100 #
#95995
1!
#96000
0!
b01101101 #
0(
#96005
1!
#96010
0!
b01101110 #
#96015
1!
#96020
0!
b01101111 #
#96025
1!
#96030
0!
b01110000 #
#96035
1!
#96040
0!
b01110001 #
#96045
1!
#96050
0!
b01110010 #
#96055
1!
#96060
0!
b01110011 #
#96065
1!
#96070
0!
b01110100 #
#96075
1!
#96080
0!
b01110101 #
#96085
1!
#96090
0!
b01110110 #
#96095
1!
#96100
0!
b01110111 #
#96105
1!
#96110
0!
b01111000 #
#96115
1!
#96120
0!
b01111001 #
#96125
1!
#96130
0!
b01111010 #
#96135
1!
#96140
0!
b01111011 #
#96145
1!
#96150
0!
b01111100 #
#96155
1!
#96160
0!
b01111101 #
#96165
1!
#96170
0!
b01111110 #
#96175
1!
#96180
0!
b01111111 #
#96185
1!
#96190
0!
b10000000 #
#96195
1!
#96200
0!
b10000001 #
#96205
1!
#96210
0!
b10000010 #
#96215
1!
#96220
0!
b10000011 #
#96225
1!
#96230
0!
b10000100 #
#96235
1!
#96240
0!
b10000101 #
#96245
1!
#96250
0!
b10000110 #
#96255
1!
#96260
0!
b10000111 #
#96265
1!
#96270
0!
b10001000 #
#96275
1!
#96280
0!
b10001001 #
#96285
1!
#96290
0!
b10001010 #
#96295
1!
#96300
0!
b10001011 #
#96305
1!
#96310
0!
b10001100 #
#96315
1!
#96320
0!
b10001101 #
#96325
1!
#96330
0!
b10001110 #
#96335
1!
#96340
0!
b10001111 #
#96345
1!
#96350
0!
b10010000 #
#96355
1!
#96360
0!
b10010001 #
#96365
1!
#96370
0!
b10010010 #
#96375
1!
#96380
0!
b10010011 #
#96385
1!
#96390
0!
b10010100 #
#96395
1!
#96400
0!
b10010101 #
#96405
1!
#96410
0!
b10010110 #
#96415
1!
#96420
0!
b10010111 #
#96425
1!
#96430
0!
b10011000 #
#96435
1!
#96440
0!
b10011001 #
#96445
1!
#96450
0!
b10011010 #
#96455
1!
#96460
0!
b10011011 #
#96465
1!
#96470
0!
b10011100 #
#96475
1!
#96480
0!
b10011101 #
#96485
1!
#96490
0!
b10011110 #
#96495
1!
#96500
0!
b10011111 #
#96505
1!
#96510
0!
b10100000 #
#96515
1!
#96520
0!
b10100001 #
#96525
1!
#96530
0!
b10100010 #
#96535
1!
#96540
0!
b10100011 #
#96545
1!
#96550
0!
b10100100 #
#96555
1!
#96560
0!
b10100101 #
#96565
1!
#96570
0!
b10100110 #
#96575
1!
#96580
0!
b10100111 #
#96585
1!
#96590
0!
b10101000 #
#96595
1!
#96600
0!
b10101001 #
#96605
1!
#96610
0!
b10101010 #
#96615
1!
#96620
0!
b10101011 #
#96625
1!
#96630
0!
b10101100 #
#96635
1!
#96640
0!
b10101101 #
#96645
1!
#96650
0!
b10101110 #
#96655
1!
#96660
0!
b10101111 #
#96665
1!
#96670
0!
b10110000 #
#96675
1!
#96680
0!
b10110001 #
#96685
1!
#96690
0!
b10110010 #
#96695
1!
#96700
0!
b10110011 #
#96705
1!
#96710
0!
b10110100 #
#96715
1!
#96720
0!
b10110101 #
#96725
1!
#96730
0!
b10110110 #
#96735
1!
#96740
0!
b10110111 #
#96745
1!
#96750
0!
b10111000 #
#96755
1!
#96760
0!
b10111001 #
#96765
1!
#96770
0!
b10111010 #
#96775
1!
#96780
0!
b10111011 #
#96785
1!
#96790
0!
b10111100 #
#96795
1!
#96800
0!
b10111101 #
#96805
1!
#96810
0!
b10111110 #
#96815
1!
#96820
0!
b10111111 #
#96825
1!
#96830
0!
b11000000 #
#96835
1!
#96840
0!
b11000001 #
#96845
1!
#96850
0!
b11000010 #
#96855
1!
#96860
0!
b11000011 #
#96865
1!
#96870
0!
b11000100 #
#96875
1!
#96880
0!
b11000101 #
#96885
1!
#96890
0!
b11000110 #
#96895
1!
#96900
0!
b11000111 #
#96905
1!
#96910
0!
b11001000 #
#96915
1!
#96920
0!
b11001001 #
#96925
1!
#96930
0!
b11001010 #
#96935
1!
#96940
0!
b11001011 #
#96945
1!
#96950
0!
b11001100 #
#96955
1!
#96960
0!
b11001101 #
#96965
1!
#96970
0!
b11001110 #
#96975
1!
#96980
0!
b11001111 #
#96985
1!
#96990
0!
b11010000 #
#96995
1!
#97000
0!
b11010001 #
1(
#97005
1!
#97010
0!
b11010010 #
#97015
1!
#97020
0!
b11010011 #
#97025
1!
#97030
0!
b11010100 #
#97035
1!
#97040
0!
b11010101 #
#97045
1!
#97050
0!
b11010110 #
#97055
1!
#97060
0!
b11010111 #
#97065
1!
#97070
0!
b11011000 #
#97075
1!
#97080
0!
b11011001 #
#97085
1!
#97090
0!
b11011010 #
#97095
1!
#97100
0!
b11011011 #
#97105
1!
#97110
0!
b11011100 #
#97115
1!
#97120
0!
b11011101 #
#97125
1!
#97130
0!
b11011110 #
#97135
1!
#97140
0!
b11011111 #
#97145
1!
#97150
0!
b11100000 #
#97155
1!
#97160
0!
b11100001 #
#97165
1!
#97170
0!
b11100010 #
#97175
1!
#97180
0!
b11100011 #
#97185
1!
#97190
0!
b11100100 #
#97195
1!
#97200
0!
b11100101 #
#97205
1!
#97210
0!
b11100110 #
#97215
1!
#97220
0!
b11100111 #
#97225
1!
#97230
0!
b11101000 #
#97235
1!
#97240
0!
b11101001 #
#97245
1!
#97250
0!
b11101010 #
#97255
1!
#97260
0!
b11101011 #
#97265
1!
#97270
0!
b11101100 #
#97275
1!
#97280
0!
b11101101 #
#97285
1!
#97290
0!
b11101110 #
#97295
1!
#97300
0!
b11101111 #
#97305
1!
#97310
0!
b11110000 #
#97315
1!
#97320
0!
b11110001 #
#97325
1!
#97330
0!
b11110010 #
#97335
1!
#97340
0!
b11110011 #
#97345
1!
#97350
0!
b11110100 #
#97355
1!
#97360
0!
b11110101 #
#97365
1!
#97370
0!
b11110110 #
#97375
1!
#97380
0!
b11110111 #
#97385
1!
#97390
0!
b11111000 #
#97395
1!
#97400
0!
b11111001 #
#97405
1!
#97410
0!
b11111010 #
#97415
1!
#97420
0!
b11111011 #
#97425
1!
#97430
0!
b11111100 #
#97435
1!
#97440
0!
b11111101 #
#97445
1!
#97450
0!
b11111110 #
#97455
1!
#97460
0!
b11111111 #
#97465
1!
#97470
0!
b00000000 #
#97475
1!
#97480
0!
b00000001 #
#97485
1!
#97490
0!
b00000010 #
#97495
1!
#97500
0!
b00000011 #
#97505
1!
#97510
0!
b00000100 #
#97515
1!
#97520
0!
b00000101 #
#97525
1!
#97530
0!
b00000110 #
#97535
1!
#97540
0!
b00000111 #
#97545
1!
#97550
0!
b00001000 #
#97555
1!
#97560
0!
b00001001 #
#97565
1!
#97570
0!
b00001010 #
#97575
1!
#97580
0!
b00001011 #
#97585
1!
#97590
0!
b00001100 #
#97595
1!
#97600
0!
b00001101 #
#97605
1!
#97610
0!
b00001110 #
#97615
1!
#97620
0!
b00001111 #
#97625
1!
#97630
0!
b00010000 #
#97635
1!
#97640
0!
b00010001 #
#97645
1!
#97650
0!
b00010010 #
#97655
1!
#97660
0!
b00010011 #
#97665
1!
#97670
0!
b00010100 #
#97675
1!
#97680
0!
b00010101 #
#97685
1!
#97690
0!
b00010110 #
#97695
1!
#97700
0!
b00010111 #
#97705
1!
#97710
0!
b00011000 #
#97715
1!
#97720
0!
b00011001 #
#97725
1!
#97730
0!
b00011010 #
#97735
1!
#97740
0!
b00011011 #
#97745
1!
#97750
0!
b00011100 #
#97755
1!
#97760
0!
b00011101 #
#97765
1!
#97770
0!
b00011110 #
#97775
1!
#97780
0!
b00011111 #
#97785
1!
#97790
0!
b00100000 #
#97795
1!
#97800
0!
b00100001 #
#97805
1!
#97810
0!
b00100010 #
#97815
1!
#97820
0!
b00100011 #
#97825
1!
#97830
0!
b00100100 #
#97835
1!
#97840
0!
b00100101 #
#97845
1!
#97850
0!
b00100110 #
#97855
1!
#97860
0!
b00100111 #
#97865
1!
#97870
0!
b00101000 #
#97875
1!
#97880
0!
b00101001 #
#97885
1!
#97890
0!
b00101010 #
#97895
1!
#97900
0!
b00101011 #
#97905
1!
#97910
0!
b00101100 #
#97915
1!
#97920
0!
b00101101 #
#97925
1!
#97930
0!
b00101110 #
#97935
1!
#97940
0!
b00101111 #
#97945
1!
#97950
0!
b00110000 #
#97955
1!
#97960
0!
b00110001 #
#97965
1!
#97970
0!
b00110010 #
#97975
1!
#97980
0!
b00110011 #
#97985
1!
#97990
0!
b00110100 #
#97995
1!
#98000
0!
b00110101 #
0(
#98005
1!
#98010
0!
b00110110 #
#98015
1!
#98020
0!
b00110111 #
#98025
1!
#98030
0!
b00111000 #
#98035
1!
#98040
0!
b00111001 #
#98045
1!
#98050
0!
b00111010 #
#98055
1!
#98060
0!
b00111011 #
#98065
1!
#98070
0!
b00111100 #
#98075
1!
#98080
0!
b00111101 #
#98085
1!
#98090
0!
b00111110 #
#98095
1!
#98100
0!
b00111111 #
#98105
1!
#98110
0!
b01000000 #
#98115
1!
#98120
0!
b01000001 #
#98125
1!
#98130
0!
b01000010 #
#98135
1!
#98140
0!
b01000011 #
#98145
1!
#98150
0!
b01000100 #
#98155
1!
#98160
0!
b01000101 #
#98165
1!
#98170
0!
b01000110 #
#98175
1!
#98180
0!
b01000111 #
#98185
1!
#98190
0!
b01001000 #
#98195
1!
#98200
0!
b01001001 #
#98205
1!
#98210
0!
b01001010 #
#98215
1!
#98220
0!
b01001011 #
#98225
1!
#98230
0!
b01001100 #
#98235
1!
#98240
0!
b01001101 #
#98245
1!
#98250
0!
b01001110 #
#98255
1!
#98260
0!
b01001111 #
#98265
1!
#98270
0!
b01010000 #
#98275
1!
#98280
0!
b01010001 #
#98285
1!
#98290
0!
b01010010 #
#98295
1!
#98300
0!
b01010011 #
#98305
1!
#98310
0!
b01010100 #
#98315
1!
#98320
0!
b01010101 #
#98325
1!
#98330
0!
b01010110 #
#98335
1!
#98340
0!
b01010111 #
#98345
1!
#98350
0!
b01011000 #
#98355
1!
#98360
0!
b01011001 #
#98365
1!
#98370
0!
b01011010 #
#98375
1!
#98380
0!
b01011011 #
#98385
1!
#98390
0!
b01011100 #
#98395
1!
#98400
0!
b01011101 #
#98405
1!
#98410
0!
b01011110 #
#98415
1!
#98420
0!
b01011111 #
#98425
1!
#98430
0!
b01100000 #
#98435
1!
#98440
0!
b01100001 #
#98445
1!
#98450
0!
b01100010 #
#98455
1!
#98460
0!
b01100011 #
#98465
1!
#98470
0!
b01100100 #
#98475
1!
#98480
0!
b01100101 #
#98485
1!
#98490
0!
b01100110 #
#98495
1!
#98500
0!
b01100111 #
#98505
1!
#98510
0!
b01101000 #
#98515
1!
#98520
0!
b01101001 #
#98525
1!
#98530
0!
b01101010 #
#98535
1!
#98540
0!
b01101011 #
#98545
1!
#98550
0!
b01101100 #
#98555
1!
#98560
0!
b01101101 #
#98565
1!
#98570
0!
b01101110 #
#98575
1!
#98580
0!
b01101111 #
#98585
1!
#98590
0!
b01110000 #
#98595
1!
#98600
0!
b01110001 #
#98605
1!
#98610
0!
b01110010 #
#98615
1!
#98620
0!
b01110011 #
#98625
1!
#98630
0!
b01110100 #
#98635
1!
#98640
0!
b01110101 #
#98645
1!
#98650
0!
b01110110 #
#98655
1!
#98660
0!
b01110111 #
#98665
1!
#98670
0!
b01111000 #
#98675
1!
#98680
0!
b01111001 #
#98685
1!
#98690
0!
b01111010 #
#98695
1!
#98700
0!
b01111011 #
#98705
1!
#98710
0!
b01111100 #
#98715
1!
#98720
0!
b01111101 #
#98725
1!
#98730
0!
b01111110 #
#98735
1!
#98740
0!
b01111111 #
#98745
1!
#98750
0!
b10000000 #
#98755
1!
#98760
0!
b10000001 #
#98765
1!
#98770
0!
b10000010 #
#98775
1!
#98780
0!
b10000011 #
#98785
1!
#98790
0!
b10000100 #
#98795
1!
#98800
0!
b10000101 #
#98805
1!
#98810
0!
b10000110 #
#98815
1!
#98820
0!
b10000111 #
#98825
1!
#98830
0!
b10001000 #
#98835
1!
#98840
0!
b10001001 #
#98845
1!
#98850
0!
b10001010 #
#98855
1!
#98860
0!
b10001011 #
#98865
1!
#98870
0!
b10001100 #
#98875
1!
#98880
0!
b10001101 #
#98885
1!
#98890
0!
b10001110 #
#98895
1!
#98900
0!
b10001111 #
#98905
1!
#98910
0!
b10010000 #
#98915
1!
#98920
0!
b10010001 #
#98925
1!
#98930
0!
b10010010 #
#98935
1!
#98940
0!
b10010011 #
#98945
1!
#98950
0!
b10010100 #
#98955
1!
#98960
0!
b10010101 #
#98965
1!
#98970
0!
b10010110 #
#98975
1!
#98980
0!
b10010111 #
#98985
1!
#98990
0!
b10011000 #
#98995
1!
#99000
0!
b10011001 #
1(
#99005
1!
#99010
0!
b10011010 #
#99015
1!
#99020
0!
b10011011 #
#99025
1!
#99030
0!
b10011100 #
#99035
1!
#99040
0!
b10011101 #
#99045
1!
#99050
0!
b10011110 #
#99055
1!
#99060
0!
b10011111 #
#99065
1!
#99070
0!
b10100000 #
#99075
1!
#99080
0!
b10100001 #
#99085
1!
#99090
0!
b10100010 #
#99095
1!
#99100
0!
b10100011 #
#99105
1!
#99110
0!
b10100100 #
#99115
1!
#99120
0!
b10100101 #
#99125
1!
#99130
0!
b10100110 #
#99135
1!
#99140
0!
b10100111 #
#99145
1!
#99150
0!
b10101000 #
#99155
1!
#99160
0!
b10101001 #
#99165
1!
#99170
0!
b10101010 #
#99175
1!
#99180
0!
b10101011 #
#99185
1!
#99190
0!
b10101100 #
#99195
1!
#99200
0!
b10101101 #
#99205
1!
#99210
0!
b10101110 #
#99215
1!
#99220
0!
b10101111 #
#99225
1!
#99230
0!
b10110000 #
#99235
1!
#99240
0!
b10110001 #
#99245
1!
#99250
0!
b10110010 #
#99255
1!
#99260
0!
b10110011 #
#99265
1!
#99270
0!
b10110100 #
#99275
1!
#99280
0!
b10110101 #
#99285
1!
#99290
0!
b10110110 #
#99295
1!
#99300
0!
b10110111 #
#99305
1!
#99310
0!
b10111000 #
#99315
1!
#99320
0!
b10111001 #
#99325
1!
#99330
0!
b10111010 #
#99335
1!
#99340
0!
b10111011 #
#99345
1!
#99350
0!
b10111100 #
#99355
1!
#99360
0!
b10111101 #
#99365
1!
#99370
0!
b10111110 #
#99375
1!
#99380
0!
b10111111 #
#99385
1!
#99390
0!
b11000000 #
#99395
1!
#99400
0!
b11000001 #
#99405
1!
#99410
0!
b11000010 #
#99415
1!
#99420
0!
b11000011 #
#99425
1!
#99430
0!
b11000100 #
#99435
1!
#99440
0!
b11000101 #
#99445
1!
#99450
0!
b11000110 #
#99455
1!
#99460
0!
b11000111 #
#99465
1!
#99470
0!
b11001000 #
#99475
1!
#99480
0!
b11001001 #
#99485
1!
#99490
0!
b11001010 #
#99495
1!
#99500
0!
b11001011 #
#99505
1!
#99510
0!
b11001100 #
#99515
1!
#99520
0!
b11001101 #
#99525
1!
#99530
0!
b11001110 #
#99535
1!
#99540
0!
b11001111 #
#99545
1!
#99550
0!
b11010000 #
#99555
1!
#99560
0!
b11010001 #
#99565
1!
#99570
0!
b11010010 #
#99575
1!
#99580
0!
b11010011 #
#99585
1!
#99590
0!
b11010100 #
#99595
1!
#99600
0!
b11010101 #
#99605
1!
#99610
0!
b11010110 #
#99615
1!
#99620
0!
b11010111 #
#99625
1!
#99630
0!
b11011000 #
#99635
1!
#99640
0!
b11011001 #
#99645
1!
#99650
0!
b11011010 #
#99655
1!
#99660
0!
b11011011 #
#99665
1!
#99670
0!
b11011100 #
#99675
1!
#99680
0!
b11011101 #
#99685
1!
#99690
0!
b11011110 #
#99695
1!
#99700
0!
b11011111 #
#99705
1!
#99710
0!
b11100000 #
#99715
1!
#99720
0!
b11100001 #
#99725
1!
#99730
0!
b11100010 #
#99735
1!
#99740
0!
b11100011 #
#99745
1!
#99750
0!
b11100100 #
#99755
1!
#99760
0!
b11100101 #
#99765
1!
#99770
0!
b11100110 #
#99775
1!
#99780
0!
b11100111 #
#99785
1!
#99790
0!
b11101000 #
#99795
1!
#99800
0!
b11101001 #
#99805
1!
#99810
0!
b11101010 #
#99815
1!
#99820
0!
b11101011 #
#99825
1!
#99830
0!
b11101100 #
#99835
1!
#99840
0!
b11101101 #
#99845
1!
#99850
0!
b11101110 #
#99855
1!
#99860
0!
b11101111 #
#99865
1!
#99870
0!
b11110000 #
#99875
1!
#99880
0!
b11110001 #
#99885
1!
#99890
0!
b11110010 #
#99895
1!
#99900
0!
b11110011 #
#99905
1!
#99910
0!
b11110100 #
#99915
1!
#99920
0!
b11110101 #
#99925
1!
#99930
0!
b11110110 #
#99935
1!
#99940
0!
b11110111 #
#99945
1!
#99950
0!
b11111000 #
#99955
1!
#99960
0!
b11111001 #
#99965
1!
#99970
0!
b11111010 #
#99975
1!
#99980
0!
b11111011 #
#99985
1!
#99990
0!
b11111100 #
#99995
1!
#100000
0!
b11111101 #
0(
#100005
1!
#100010
0!
b11111110 #
#100015
1!
#100020
0!
b11111111 #
#100025
1!
#100030
0!
b00000000 #
#100035
1!
#100040
0!
b00000001 #
#100045
1!
#100050
0!
b00000010 #
#100055
1!
#100060
0!
b00000011 #
#100065
1!
#100070
0!
b00000100 #
#100075
1!
#100080
0!
b00000101 #
#100085
1!
#100090
0!
b00000110 #
#100095
1!
#100100
0!
b00000111 #
#100105
1!
#100110
0!
b00001000 #
#100115
1!
#100120
0!
b00001001 #
#100125
1!
#100130
0!
b00001010 #
#100135
1!
#100140
0!
b00001011 #
#100145
1!
#100150
0!
b00001100 #
#100155
1!
#100160
0!
b00001101 #
#100165
1!
#100170
0!
b00001110 #
#100175
1!
#100180
0!
b00001111 #
#100185
1!
#100190
0!
b00010000 #
#100195
1!
#100200
0!
b00010001 #
#100205
1!
#100210
0!
b00010010 #
#100215
1!
#100220
0!
b00010011 #
#100225
1!
#100230
0!
b00010100 #
#100235
1!
#100240
0!
b00010101 #
#100245
1!
#100250
0!
b00010110 #
#100255
1!
#100260
0!
b00010111 #
#100265
1!
#100270
0!
b00011000 #
#100275
1!
#100280
0!
b00011001 #
#100285
1!
#100290
0!
b00011010 #
#100295
1!
#100300
0!
b00011011 #
#100305
1!
#100310
0!
b00011100 #
#100315
1!
#100320
0!
b00011101 #
#100325
1!
#100330
0!
b00011110 #
#100335
1!
#100340
0!
b00011111 #
#100345
1!
#100350
0!
b00100000 #
#100355
1!
#100360
0!
b00100001 #
#100365
1!
#100370
0!
b00100010 #
#100375
1!
#100380
0!
b00100011 #
#100385
1!
#100390
0!
b00100100 #
#100395
1!
#100400
0!
b00100101 #
#100405
1!
#100410
0!
b00100110 #
#100415
1!
#100420
0!
b00100111 #
#100425
1!
#100430
0!
b00101000 #
#100435
1!
#100440
0!
b00101001 #
#100445
1!
#100450
0!
b00101010 #
#100455
1!
#100460
0!
b00101011 #
#100465
1!
#100470
0!
b00101100 #
#100475
1!
#100480
0!
b00101101 #
#100485
1!
#100490
0!
b00101110 #
#100495
1!
#100500
0!
b00101111 #
#100505
1!
#100510
0!
b00110000 #
#100515
1!
#100520
0!
b00110001 #
#100525
1!
#100530
0!
b00110010 #
#100535
1!
#100540
0!
b00110011 #
#100545
1!
#100550
0!
b00110100 #
#100555
1!
#100560
0!
b00110101 #
#100565
1!
#100570
0!
b00110110 #
#100575
1!
#100580
0!
b00110111 #
#100585
1!
#100590
0!
b00111000 #
#100595
1!
#100600
0!
b00111001 #
#100605
1!
#100610
0!
b00111010 #
#100615
1!
#100620
0!
b00111011 #
#100625
1!
#100630
0!
b00111100 #
#100635
1!
#100640
0!
b00111101 #
#100645
1!
#100650
0!
b00111110 #
#100655
1!
#100660
0!
b00111111 #
#100665
1!
#100670
0!
b01000000 #
#100675
1!
#100680
0!
b01000001 #
#100685
1!
#100690
0!
b01000010 #
#100695
1!
#100700
0!
b01000011 #
#100705
1!
#100710
0!
b01000100 #
#100715
1!
#100720
0!
b01000101 #
#100725
1!
#100730
0!
b01000110 #
#100735
1!
#100740
0!
b01000111 #
#100745
1!
#100750
0!
b01001000 #
#100755
1!
#100760
0!
b01001001 #
#100765
1!
#100770
0!
b01001010 #
#100775
1!
#100780
0!
b01001011 #
#100785
1!
#100790
0!
b01001100 #
#100795
1!
#100800
0!
b01001101 #
#100805
1!
#100810
0!
b01001110 #
#100815
1!
#100820
0!
b01001111 #
#100825
1!
#100830
0!
b01010000 #
#100835
1!
#100840
0!
b01010001 #
#100845
1!
#100850
0!
b01010010 #
#100855
1!
#100860
0!
b01010011 #
#100865
1!
#100870
0!
b01010100 #
#100875
1!
#100880
0!
b01010101 #
#100885
1!
#100890
0!
b01010110 #
#100895
1!
#100900
0!
b01010111 #
#100905
1!
#100910
0!
b01011000 #
#100915
1!
#100920
0!
b01011001 #
#100925
1!
#100930
0!
b01011010 #
#100935
1!
#100940
0!
b01011011 #
#100945
1!
#100950
0!
b01011100 #
#100955
1!
#100960
0!
b01011101 #
#100965
1!
#100970
0!
b01011110 #
#100975
1!
#100980
0!
b01011111 #
#100985
1!
#100990
0!
b01100000 #
#100995
1!
#101000
0!
b01100001 #
1(
#101005
1!
#101010
0!
b01100010 #
#101015
1!
#101020
0!
b01100011 #
#101025
1!
#101030
0!
b01100100 #
#101035
1!
#101040
0!
b01100101 #
#101045
1!
#101050
0!
b01100110 #
#101055
1!
#101060
0!
b01100111 #
#101065
1!
#101070
0!
b01101000 #
#101075
1!
#101080
0!
b01101001 #
#101085
1!
#101090
0!
b01101010 #
#101095
1!
#101100
0!
b01101011 #
#101105
1!
#101110
0!
b01101100 #
#101115
1!
#101120
0!
b01101101 #
#101125
1!
#101130
0!
b01101110 #
#101135
1!
#101140
0!
b01101111 #
#101145
1!
#101150
0!
b01110000 #
#101155
1!
#101160
0!
b01110001 #
#101165
1!
#101170
0!
b01110010 #
#101175
1!
#101180
0!
b01110011 #
#101185
1!
#101190
0!
b01110100 #
#101195
1!
#101200
0!
b01110101 #
#101205
1!
#101210
0!
b01110110 #
#101215
1!
#101220
0!
b01110111 #
#101225
1!
#101230
0!
b01111000 #
#101235
1!
#101240
0!
b01111001 #
#101245
1!
#101250
0!
b01111010 #
#101255
1!
#101260
0!
b01111011 #
#101265
1!
#101270
0!
b01111100 #
#101275
1!
#101280
0!
b01111101 #
#101285
1!
#101290
0!
b01111110 #
#101295
1!
#101300
0!
b01111111 #
#101305
1!
#101310
0!
b10000000 #
#101315
1!
#101320
0!
b10000001 #
#101325
1!
#101330
0!
b10000010 #
#101335
1!
#101340
0!
b10000011 #
#101345
1!
#101350
0!
b10000100 #
#101355
1!
#101360
0!
b10000101 #
#101365
1!
#101370
0!
b10000110 #
#101375
1!
#101380
0!
b10000111 #
#101385
1!
#101390
0!
b10001000 #
#101395
1!
#101400
0!
b10001001 #
#101405
1!
#101410
0!
b10001010 #
#101415
1!
#101420
0!
b10001011 #
#101425
1!
#101430
0!
b10001100 #
#101435
1!
#101440
0!
b10001101 #
#101445
1!
#101450
0!
b10001110 #
#101455
1!
#101460
0!
b10001111 #
#101465
1!
#101470
0!
b10010000 #
#101475
1!
#101480
0!
b10010001 #
#101485
1!
#101490
0!
b10010010 #
#101495
1!
#101500
0!
b10010011 #
#101505
1!
#101510
0!
b10010100 #
#101515
1!
#101520
0!
b10010101 #
#101525
1!
#101530
0!
b10010110 #
#101535
1!
#101540
0!
b10010111 #
#101545
1!
#101550
0!
b10011000 #
#101555
1!
#101560
0!
b10011001 #
#101565
1!
#101570
0!
b10011010 #
#101575
1!
#101580
0!
b10011011 #
#101585
1!
#101590
0!
b10011100 #
#101595
1!
#101600
0!
b10011101 #
#101605
1!
#101610
0!
b10011110 #
#101615
1!
#101620
0!
b10011111 #
#101625
1!
#101630
0!
b10100000 #
#101635
1!
#101640
0!
b10100001 #
#101645
1!
#101650
0!
b10100010 #
#101655
1!
#101660
0!
b10100011 #
#101665
1!
#101670
0!
b10100100 #
#101675
1!
#101680
0!
b10100101 #
#101685
1!
#101690
0!
b10100110 #
#101695
1!
#101700
0!
b10100111 #
#101705
1!
#101710
0!
b10101000 #
#101715
1!
#101720
0!
b10101001 #
#101725
1!
#101730
0!
b10101010 #
#101735
1!
#101740
0!
b10101011 #
#101745
1!
#101750
0!
b10101100 #
#101755
1!
#101760
0!
b10101101 #
#101765
1!
#101770
0!
b10101110 #
#101775
1!
#101780
0!
b10101111 #
#101785
1!
#101790
0!
b10110000 #
#101795
1!
#101800
0!
b10110001 #
#101805
1!
#101810
0!
b10110010 #
#101815
1!
#101820
0!
b10110011 #
#101825
1!
#101830
0!
b10110100 #
#101835
1!
#101840
0!
b10110101 #
#101845
1!
#101850
0!
b10110110 #
#101855
1!
#101860
0!
b10110111 #
#101865
1!
#101870
0!
b10111000 #
#101875
1!
#101880
0!
b10111001 #
#101885
1!
#101890
0!
b10111010 #
#101895
1!
#101900
0!
b10111011 #
#101905
1!
#101910
0!
b10111100 #
#101915
1!
#101920
0!
b10111101 #
#101925
1!
#101930
0!
b10111110 #
#101935
1!
#101940
0!
b10111111 #
#101945
1!
#101950
0!
b11000000 #
#101955
1!
#101960
0!
b11000001 #
#101965
1!
#101970
0!
b11000010 #
#101975
1!
#101980
0!
b11000011 #
#101985
1!
#101990
0!
b11000100 #
#101995
1!
#102000
0!
b11000101 #
1(
#102005
1!
#102010
0!
b11000110 #
#102015
1!
#102020
0!
b11000111 #
#102025
1!
#102030
0!
b11001000 #
#102035
1!
#102040
0!
b11001001 #
#102045
1!
#102050
0!
b11001010 #
#102055
1!
#102060
0!
b11001011 #
#102065
1!
#102070
0!
b11001100 #
#102075
1!
#102080
0!
b11001101 #
#102085
1!
#102090
0!
b11001110 #
#102095
1!
#102100
0!
b11001111 #
#102105
1!
#102110
0!
b11010000 #
#102115
1!
#102120
0!
b11010001 #
#102125
1!
#102130
0!
b11010010 #
#102135
1!
#102140
0!
b11010011 #
#102145
1!
#102150
0!
b11010100 #
#102155
1!
#102160
0!
b11010101 #
#102165
1!
#102170
0!
b11010110 #
#102175
1!
#102180
0!
b11010111 #
#102185
1!
#102190
0!
b11011000 #
#102195
1!
#102200
0!
b11011001 #
#102205
1!
#102210
0!
b11011010 #
#102215
1!
#102220
0!
b11011011 #
#102225
1!
#102230
0!
b11011100 #
#102235
1!
#102240
0!
b11011101 #
#102245
1!
#102250
0!
b11011110 #
#102255
1!
#102260
0!
b11011111 #
#102265
1!
#102270
0!
b11100000 #
#102275
1!
#102280
0!
b11100001 #
#102285
1!
#102290
0!
b11100010 #
#102295
1!
#102300
0!
b11100011 #
#102305
1!
#102310
0!
b11100100 #
#102315
1!
#102320
0!
b11100101 #
#102325
1!
#102330
0!
b11100110 #
#102335
1!
#102340
0!
b11100111 #
#102345
1!
#102350
0!
b11101000 #
#102355
1!
#102360
0!
b11101001 #
#102365
1!
#102370
0!
b11101010 #
#102375
1!
#102380
0!
b11101011 #
#102385
1!
#102390
0!
b11101100 #
#102395
1!
#102400
0!
b11101101 #
#102405
1!
#102410
0!
b11101110 #
#102415
1!
#102420
0!
b11101111 #
#102425
1!
#102430
0!
b11110000 #
#102435
1!
#102440
0!
b11110001 #
#102445
1!
#102450
0!
b11110010 #
#102455
1!
#102460
0!
b11110011 #
#102465
1!
#102470
0!
b11110100 #
#102475
1!
#102480
0!
b11110101 #
#102485
1!
#102490
0!
b11110110 #
#102495
1!
#102500
0!
b11110111 #
#102505
1!
#102510
0!
b11111000 #
#102515
1!
#102520
0!
b11111001 #
#102525
1!
#102530
0!
b11111010 #
#102535
1!
#102540
0!
b11111011 #
#102545
1!
#102550
0!
b11111100 #
#102555
1!
#102560
0!
b11111101 #
#102565
1!
#102570
0!
b11111110 #
#102575
1!
#102580
0!
b11111111 #
#102585
1!
#102590
0!
b00000000 #
#102595
1!
#102600
0!
b00000001 #
#102605
1!
#102610
0!
b00000010 #
#102615
1!
#102620
0!
b00000011 #
#102625
1!
#102630
0!
b00000100 #
#102635
1!
#102640
0!
b00000101 #
#102645
1!
#102650
0!
b00000110 #
#102655
1!
#102660
0!
b00000111 #
#102665
1!
#102670
0!
b00001000 #
#102675
1!
#102680
0!
b00001001 #
#102685
1!
#102690
0!
b00001010 #
#102695
1!
#102700
0!
b00001011 #
#102705
1!
#102710
0!
b00001100 #
#102715
1!
#102720
0!
b00001101 #
#102725
1!
#102730
0!
b00001110 #
#102735
1!
#102740
0!
b00001111 #
#102745
1!
#102750
0!
b00010000 #
#102755
1!
#102760
0!
b00010001 #
#102765
1!
#102770
0!
b00010010 #
#102775
1!
#102780
0!
b00010011 #
#102785
1!
#102790
0!
b00010100 #
#102795
1!
#102800
0!
b00010101 #
#102805
1!
#102810
0!
b00010110 #
#102815
1!
#102820
0!
b00010111 #
#102825
1!
#102830
0!
b00011000 #
#102835
1!
#102840
0!
b00011001 #
#102845
1!
#102850
0!
b00011010 #
#102855
1!
#102860
0!
b00011011 #
#102865
1!
#102870
0!
b00011100 #
#102875
1!
#102880
0!
b00011101 #
#102885
1!
#102890
0!
b00011110 #
#102895
1!
#102900
0!
b00011111 #
#102905
1!
#102910
0!
b00100000 #
#102915
1!
#102920
0!
b00100001 #
#102925
1!
#102930
0!
b00100010 #
#102935
1!
#102940
0!
b00100011 #
#102945
1!
#102950
0!
b00100100 #
#102955
1!
#102960
0!
b00100101 #
#102965
1!
#102970
0!
b00100110 #
#102975
1!
#102980
0!
b00100111 #
#102985
1!
#102990
0!
b00101000 #
#102995
1!
#103000
0!
b00101001 #
1(
#103005
1!
#103010
0!
b00101010 #
#103015
1!
#103020
0!
b00101011 #
#103025
1!
#103030
0!
b00101100 #
#103035
1!
#103040
0!
b00101101 #
#103045
1!
#103050
0!
b00101110 #
#103055
1!
#103060
0!
b00101111 #
#103065
1!
#103070
0!
b00110000 #
#103075
1!
#103080
0!
b00110001 #
#103085
1!
#103090
0!
b00110010 #
#103095
1!
#103100
0!
b00110011 #
#103105
1!
#103110
0!
b00110100 #
#103115
1!
#103120
0!
b00110101 #
#103125
1!
#103130
0!
b00110110 #
#103135
1!
#103140
0!
b00110111 #
#103145
1!
#103150
0!
b00111000 #
#103155
1!
#103160
0!
b00111001 #
#103165
1!
#103170
0!
b00111010 #
#103175
1!
#103180
0!
b00111011 #
#103185
1!
#103190
0!
b00111100 #
#103195
1!
#103200
0!
b00111101 #
#103205
1!
#103210
0!
b00111110 #
#103215
1!
#103220
0!
b00111111 #
#103225
1!
#103230
0!
b01000000 #
#103235
1!
#103240
0!
b01000001 #
#103245
1!
#103250
0!
b01000010 #
#103255
1!
#103260
0!
b01000011 #
#103265
1!
#103270
0!
b01000100 #
#103275
1!
#103280
0!
b01000101 #
#103285
1!
#103290
0!
b01000110 #
#103295
1!
#103300
0!
b01000111 #
#103305
1!
#103310
0!
b01001000 #
#103315
1!
#103320
0!
b01001001 #
#103325
1!
#103330
0!
b01001010 #
#103335
1!
#103340
0!
b01001011 #
#103345
1!
#103350
0!
b01001100 #
#103355
1!
#103360
0!
b01001101 #
#103365
1!
#103370
0!
b01001110 #
#103375
1!
#103380
0!
b01001111 #
#103385
1!
#103390
0!
b01010000 #
#103395
1!
#103400
0!
b01010001 #
#103405
1!
#103410
0!
b01010010 #
#103415
1!
#103420
0!
b01010011 #
#103425
1!
#103430
0!
b01010100 #
#103435
1!
#103440
0!
b01010101 #
#103445
1!
#103450
0!
b01010110 #
#103455
1!
#103460
0!
b01010111 #
#103465
1!
#103470
0!
b01011000 #
#103475
1!
#103480
0!
b01011001 #
#103485
1!
#103490
0!
b01011010 #
#103495
1!
#103500
0!
b01011011 #
#103505
1!
#103510
0!
b01011100 #
#103515
1!
#103520
0!
b01011101 #
#103525
1!
#103530
0!
b01011110 #
#103535
1!
#103540
0!
b01011111 #
#103545
1!
#103550
0!
b01100000 #
#103555
1!
#103560
0!
b01100001 #
#103565
1!
#103570
0!
b01100010 #
#103575
1!
#103580
0!
b01100011 #
#103585
1!
#103590
0!
b01100100 #
#103595
1!
#103600
0!
b01100101 #
#103605
1!
#103610
0!
b01100110 #
#103615
1!
#103620
0!
b01100111 #
#103625
1!
#103630
0!
b01101000 #
#103635
1!
#103640
0!
b01101001 #
#103645
1!
#103650
0!
b01101010 #
#103655
1!
#103660
0!
b01101011 #
#103665
1!
#103670
0!
b01101100 #
#103675
1!
#103680
0!
b01101101 #
#103685
1!
#103690
0!
b01101110 #
#103695
1!
#103700
0!
b01101111 #
#103705
1!
#103710
0!
b01110000 #
#103715
1!
#103720
0!
b01110001 #
#103725
1!
#103730
0!
b01110010 #
#103735
1!
#103740
0!
b01110011 #
#103745
1!
#103750
0!
b01110100 #
#103755
1!
#103760
0!
b01110101 #
#103765
1!
#103770
0!
b01110110 #
#103775
1!
#103780
0!
b01110111 #
#103785
1!
#103790
0!
b01111000 #
#103795
1!
#103800
0!
b01111001 #
#103805
1!
#103810
0!
b01111010 #
#103815
1!
#103820
0!
b01111011 #
#103825
1!
#103830
0!
b01111100 #
#103835
1!
#103840
0!
b01111101 #
#103845
1!
#103850
0!
b01111110 #
#103855
1!
#103860
0!
b01111111 #
#103865
1!
#103870
0!
b10000000 #
#103875
1!
#103880
0!
b10000001 #
#103885
1!
#103890
0!
b10000010 #
#103895
1!
#103900
0!
b10000011 #
#103905
1!
#103910
0!
b10000100 #
#103915
1!
#103920
0!
b10000101 #
#103925
1!
#103930
0!
b10000110 #
#103935
1!
#103940
0!
b10000111 #
#103945
1!
#103950
0!
b10001000 #
#103955
1!
#103960
0!
b10001001 #
#103965
1!
#103970
0!
b10001010 #
#103975
1!
#103980
0!
b10001011 #
#103985
1!
#103990
0!
b10001100 #
#103995
1!
#104000
0!
b10001101 #
0(
#104005
1!
#104010
0!
b10001110 #
#104015
1!
#104020
0!
b10001111 #
#104025
1!
#104030
0!
b10010000 #
#104035
1!
#104040
0!
b10010001 #
#104045
1!
#104050
0!
b10010010 #
#104055
1!
#104060
0!
b10010011 #
#104065
1!
#104070
0!
b10010100 #
#104075
1!
#104080
0!
b10010101 #
#104085
1!
#104090
0!
b10010110 #
#104095
1!
#104100
0!
b10010111 #
#104105
1!
#104110
0!
b10011000 #
#104115
1!
#104120
0!
b10011001 #
#104125
1!
#104130
0!
b10011010 #
#104135
1!
#104140
0!
b10011011 #
#104145
1!
#104150
0!
b10011100 #
#104155
1!
#104160
0!
b10011101 #
#104165
1!
#104170
0!
b10011110 #
#104175
1!
#104180
0!
b10011111 #
#104185
1!
#104190
0!
b10100000 #
#104195
1!
#104200
0!
b10100001 #
#104205
1!
#104210
0!
b10100010 #
#104215
1!
#104220
0!
b10100011 #
#104225
1!
#104230
0!
b10100100 #
#104235
1!
#104240
0!
b10100101 #
#104245
1!
#104250
0!
b10100110 #
#104255
1!
#104260
0!
b10100111 #
#104265
1!
#104270
0!
b10101000 #
#104275
1!
#104280
0!
b10101001 #
#104285
1!
#104290
0!
b10101010 #
#104295
1!
#104300
0!
b10101011 #
#104305
1!
#104310
0!
b10101100 #
#104315
1!
#104320
0!
b10101101 #
#104325
1!
#104330
0!
b10101110 #
#104335
1!
#104340
0!
b10101111 #
#104345
1!
#104350
0!
b10110000 #
#104355
1!
#104360
0!
b10110001 #
#104365
1!
#104370
0!
b10110010 #
#104375
1!
#104380
0!
b10110011 #
#104385
1!
#104390
0!
b10110100 #
#104395
1!
#104400
0!
b10110101 #
#104405
1!
#104410
0!
b10110110 #
#104415
1!
#104420
0!
b10110111 #
#104425
1!
#104430
0!
b10111000 #
#104435
1!
#104440
0!
b10111001 #
#104445
1!
#104450
0!
b10111010 #
#104455
1!
#104460
0!
b10111011 #
#104465
1!
#104470
0!
b10111100 #
#104475
1!
#104480
0!
b10111101 #
#104485
1!
#104490
0!
b10111110 #
#104495
1!
#104500
0!
b10111111 #
#104505
1!
#104510
0!
b11000000 #
#104515
1!
#104520
0!
b11000001 #
#104525
1!
#104530
0!
b11000010 #
#104535
1!
#104540
0!
b11000011 #
#104545
1!
#104550
0!
b11000100 #
#104555
1!
#104560
0!
b11000101 #
#104565
1!
#104570
0!
b11000110 #
#104575
1!
#104580
0!
b11000111 #
#104585
1!
#104590
0!
b11001000 #
#104595
1!
#104600
0!
b11001001 #
#104605
1!
#104610
0!
b11001010 #
#104615
1!
#104620
0!
b11001011 #
#104625
1!
#104630
0!
b11001100 #
#104635
1!
#104640
0!
b11001101 #
#104645
1!
#104650
0!
b11001110 #
#104655
1!
#104660
0!
b11001111 #
#104665
1!
#104670
0!
b11010000 #
#104675
1!
#104680
0!
b11010001 #
#104685
1!
#104690
0!
b11010010 #
#104695
1!
#104700
0!
b11010011 #
#104705
1!
#104710
0!
b11010100 #
#104715
1!
#104720
0!
b11010101 #
#104725
1!
#104730
0!
b11010110 #
#104735
1!
#104740
0!
b11010111 #
#104745
1!
#104750
0!
b11011000 #
#104755
1!
#104760
0!
b11011001 #
#104765
1!
#104770
0!
b11011010 #
#104775
1!
#104780
0!
b11011011 #
#104785
1!
#104790
0!
b11011100 #
#104795
1!
#104800
0!
b11011101 #
#104805
1!
#104810
0!
b11011110 #
#104815
1!
#104820
0!
b11011111 #
#104825
1!
#104830
0!
b11100000 #
#104835
1!
#104840
0!
b11100001 #
#104845
1!
#104850
0!
b11100010 #
#104855
1!
#104860
0!
b11100011 #
#104865
1!
#104870
0!
b11100100 #
#104875
1!
#104880
0!
b11100101 #
#104885
1!
#104890
0!
b11100110 #
#104895
1!
#104900
0!
b11100111 #
#104905
1!
#104910
0!
b11101000 #
#104915
1!
#104920
0!
b11101001 #
#104925
1!
#104930
0!
b11101010 #
#104935
1!
#104940
0!
b11101011 #
#104945
1!
#104950
0!
b11101100 #
#104955
1!
#104960
0!
b11101101 #
#104965
1!
#104970
0!
b11101110 #
#104975
1!
#104980
0!
b11101111 #
#104985
1!
#104990
0!
b11110000 #
#104995
1!
#105000
0!
b11110001 #
1(
#105005
1!
#105010
0!
b11110010 #
#105015
1!
#105020
0!
b11110011 #
#105025
1!
#105030
0!
b11110100 #
#105035
1!
#105040
0!
b11110101 #
#105045
1!
#105050
0!
b11110110 #
#105055
1!
#105060
0!
b11110111 #
#105065
1!
#105070
0!
b11111000 #
#105075
1!
#105080
0!
b11111001 #
#105085
1!
#105090
0!
b11111010 #
#105095
1!
#105100
0!
b11111011 #
#105105
1!
#105110
0!
b11111100 #
#105115
1!
#105120
0!
b11111101 #
#105125
1!
#105130
0!
b11111110 #
#105135
1!
#105140
0!
b11111111 #
#105145
1!
#105150
0!
b00000000 #
#105155
1!
#105160
0!
b00000001 #
#105165
1!
#105170
0!
b00000010 #
#105175
1!
#105180
0!
b00000011 #
#105185
1!
#105190
0!
b00000100 #
#105195
1!
#105200
0!
b00000101 #
#105205
1!
#105210
0!
b00000110 #
#105215
1!
#105220
0!
b00000111 #
#105225
1!
#105230
0!
b00001000 #
#105235
1!
#105240
0!
b00001001 #
#105245
1!
#105250
0!
b00001010 #
#105255
1!
#105260
0!
b00001011 #
#105265
1!
#105270
0!
b00001100 #
#105275
1!
#105280
0!
b00001101 #
#105285
1!
#105290
0!
b00001110 #
#105295
1!
#105300
0!
b00001111 #
#105305
1!
#105310
0!
b00010000 #
#105315
1!
#105320
0!
b00010001 #
#105325
1!
#105330
0!
b00010010 #
#105335
1!
#105340
0!
b00010011 #
#105345
1!
#105350
0!
b00010100 #
#105355
1!
#105360
0!
b00010101 #
#105365
1!
#105370
0!
b00010110 #
#105375
1!
#105380
0!
b00010111 #
#105385
1!
#105390
0!
b00011000 #
#105395
1!
#105400
0!
b00011001 #
#105405
1!
#105410
0!
b00011010 #
#105415
1!
#105420
0!
b00011011 #
#105425
1!
#105430
0!
b00011100 #
#105435
1!
#105440
0!
b00011101 #
#105445
1!
#105450
0!
b00011110 #
#105455
1!
#105460
0!
b00011111 #
#105465
1!
#105470
0!
b00100000 #
#105475
1!
#105480
0!
b00100001 #
#105485
1!
#105490
0!
b00100010 #
#105495
1!
#105500
0!
b00100011 #
#105505
1!
#105510
0!
b00100100 #
#105515
1!
#105520
0!
b00100101 #
#105525
1!
#105530
0!
b00100110 #
#105535
1!
#105540
0!
b00100111 #
#105545
1!
#105550
0!
b00101000 #
#105555
1!
#105560
0!
b00101001 #
#105565
1!
#105570
0!
b00101010 #
#105575
1!
#105580
0!
b00101011 #
#105585
1!
#105590
0!
b00101100 #
#105595
1!
#105600
0!
b00101101 #
#105605
1!
#105610
0!
b00101110 #
#105615
1!
#105620
0!
b00101111 #
#105625
1!
#105630
0!
b00110000 #
#105635
1!
#105640
0!
b00110001 #
#105645
1!
#105650
0!
b00110010 #
#105655
1!
#105660
0!
b00110011 #
#105665
1!
#105670
0!
b00110100 #
#105675
1!
#105680
0!
b00110101 #
#105685
1!
#105690
0!
b00110110 #
#105695
1!
#105700
0!
b00110111 #
#105705
1!
#105710
0!
b00111000 #
#105715
1!
#105720
0!
b00111001 #
#105725
1!
#105730
0!
b00111010 #
#105735
1!
#105740
0!
b00111011 #
#105745
1!
#105750
0!
b00111100 #
#105755
1!
#105760
0!
b00111101 #
#105765
1!
#105770
0!
b00111110 #
#105775
1!
#105780
0!
b00111111 #
#105785
1!
#105790
0!
b01000000 #
#105795
1!
#105800
0!
b01000001 #
#105805
1!
#105810
0!
b01000010 #
#105815
1!
#105820
0!
b01000011 #
#105825
1!
#105830
0!
b01000100 #
#105835
1!
#105840
0!
b01000101 #
#105845
1!
#105850
0!
b01000110 #
#105855
1!
#105860
0!
b01000111 #
#105865
1!
#105870
0!
b01001000 #
#105875
1!
#105880
0!
b01001001 #
#105885
1!
#105890
0!
b01001010 #
#105895
1!
#105900
0!
b01001011 #
#105905
1!
#105910
0!
b01001100 #
#105915
1!
#105920
0!
b01001101 #
#105925
1!
#105930
0!
b01001110 #
#105935
1!
#105940
0!
b01001111 #
#105945
1!
#105950
0!
b01010000 #
#105955
1!
#105960
0!
b01010001 #
#105965
1!
#105970
0!
b01010010 #
#105975
1!
#105980
0!
b01010011 #
#105985
1!
#105990
0!
b01010100 #
#105995
1!
#106000
0!
b01010101 #
#106005
1!
#106010
0!
b01010110 #
#106015
1!
#106020
0!
b01010111 #
#106025
1!
#106030
0!
b01011000 #
#106035
1!
#106040
0!
b01011001 #
#106045
1!
#106050
0!
b01011010 #
#106055
1!
#106060
0!
b01011011 #
#106065
1!
#106070
0!
b01011100 #
#106075
1!
#106080
0!
b01011101 #
#106085
1!
#106090
0!
b01011110 #
#106095
1!
#106100
0!
b01011111 #
#106105
1!
#106110
0!
b01100000 #
#106115
1!
#106120
0!
b01100001 #
#106125
1!
#106130
0!
b01100010 #
#106135
1!
#106140
0!
b01100011 #
#106145
1!
#106150
0!
b01100100 #
#106155
1!
#106160
0!
b01100101 #
#106165
1!
#106170
0!
b01100110 #
#106175
1!
#106180
0!
b01100111 #
#106185
1!
#106190
0!
b01101000 #
#106195
1!
#106200
0!
b01101001 #
#106205
1!
#106210
0!
b01101010 #
#106215
1!
#106220
0!
b01101011 #
#106225
1!
#106230
0!
b01101100 #
#106235
1!
#106240
0!
b01101101 #
#106245
1!
#106250
0!
b01101110 #
#106255
1!
#106260
0!
b01101111 #
#106265
1!
#106270
0!
b01110000 #
#106275
1!
#106280
0!
b01110001 #
#106285
1!
#106290
0!
b01110010 #
#106295
1!
#106300
0!
b01110011 #
#106305
1!
#106310
0!
b01110100 #
#106315
1!
#106320
0!
b01110101 #
#106325
1!
#106330
0!
b01110110 #
#106335
1!
#106340
0!
b01110111 #
#106345
1!
#106350
0!
b01111000 #
#106355
1!
#106360
0!
b01111001 #
#106365
1!
#106370
0!
b01111010 #
#106375
1!
#106380
0!
b01111011 #
#106385
1!
#106390
0!
b01111100 #
#106395
1!
#106400
0!
b01111101 #
#106405
1!
#106410
0!
b01111110 #
#106415
1!
#106420
0!
b01111111 #
#106425
1!
#106430
0!
b10000000 #
#106435
1!
#106440
0!
b10000001 #
#106445
1!
#106450
0!
b10000010 #
#106455
1!
#106460
0!
b10000011 #
#106465
1!
#106470
0!
b10000100 #
#106475
1!
#106480
0!
b10000101 #
#106485
1!
#106490
0!
b10000110 #
#106495
1!
#106500
0!
b10000111 #
#106505
1!
#106510
0!
b10001000 #
#106515
1!
#106520
0!
b10001001 #
#106525
1!
#106530
0!
b10001010 #
#106535
1!
#106540
0!
b10001011 #
#106545
1!
#106550
0!
b10001100 #
#106555
1!
#106560
0!
b10001101 #
#106565
1!
#106570
0!
b10001110 #
#106575
1!
#106580
0!
b10001111 #
#106585
1!
#106590
0!
b10010000 #
#106595
1!
#106600
0!
b10010001 #
#106605
1!
#106610
0!
b10010010 #
#106615
1!
#106620
0!
b10010011 #
#106625
1!
#106630
0!
b10010100 #
#106635
1!
#106640
0!
b10010101 #
#106645
1!
#106650
0!
b10010110 #
#106655
1!
#106660
0!
b10010111 #
#106665
1!
#106670
0!
b10011000 #
#106675
1!
#106680
0!
b10011001 #
#106685
1!
#106690
0!
b10011010 #
#106695
1!
#106700
0!
b10011011 #
#106705
1!
#106710
0!
b10011100 #
#106715
1!
#106720
0!
b10011101 #
#106725
1!
#106730
0!
b10011110 #
#106735
1!
#106740
0!
b10011111 #
#106745
1!
#106750
0!
b10100000 #
#106755
1!
#106760
0!
b10100001 #
#106765
1!
#106770
0!
b10100010 #
#106775
1!
#106780
0!
b10100011 #
#106785
1!
#106790
0!
b10100100 #
#106795
1!
#106800
0!
b10100101 #
#106805
1!
#106810
0!
b10100110 #
#106815
1!
#106820
0!
b10100111 #
#106825
1!
#106830
0!
b10101000 #
#106835
1!
#106840
0!
b10101001 #
#106845
1!
#106850
0!
b10101010 #
#106855
1!
#106860
0!
b10101011 #
#106865
1!
#106870
0!
b10101100 #
#106875
1!
#106880
0!
b10101101 #
#106885
1!
#106890
0!
b10101110 #
#106895
1!
#106900
0!
b10101111 #
#106905
1!
#106910
0!
b10110000 #
#106915
1!
#106920
0!
b10110001 #
#106925
1!
#106930
0!
b10110010 #
#106935
1!
#106940
0!
b10110011 #
#106945
1!
#106950
0!
b10110100 #
#106955
1!
#106960
0!
b10110101 #
#106965
1!
#106970
0!
b10110110 #
#106975
1!
#106980
0!
b10110111 #
#106985
1!
#106990
0!
b10111000 #
#106995
1!
#107000
0!
b10111001 #
#107005
1!
#107010
0!
b10111010 #
#107015
1!
#107020
0!
b10111011 #
#107025
1!
#107030
0!
b10111100 #
#107035
1!
#107040
0!
b10111101 #
#107045
1!
#107050
0!
b10111110 #
#107055
1!
#107060
0!
b10111111 #
#107065
1!
#107070
0!
b11000000 #
#107075
1!
#107080
0!
b11000001 #
#107085
1!
#107090
0!
b11000010 #
#107095
1!
#107100
0!
b11000011 #
#107105
1!
#107110
0!
b11000100 #
#107115
1!
#107120
0!
b11000101 #
#107125
1!
#107130
0!
b11000110 #
#107135
1!
#107140
0!
b11000111 #
#107145
1!
#107150
0!
b11001000 #
#107155
1!
#107160
0!
b11001001 #
#107165
1!
#107170
0!
b11001010 #
#107175
1!
#107180
0!
b11001011 #
#107185
1!
#107190
0!
b11001100 #
#107195
1!
#107200
0!
b11001101 #
#107205
1!
#107210
0!
b11001110 #
#107215
1!
#107220
0!
b11001111 #
#107225
1!
#107230
0!
b11010000 #
#107235
1!
#107240
0!
b11010001 #
#107245
1!
#107250
0!
b11010010 #
#107255
1!
#107260
0!
b11010011 #
#107265
1!
#107270
0!
b11010100 #
#107275
1!
#107280
0!
b11010101 #
#107285
1!
#107290
0!
b11010110 #
#107295
1!
#107300
0!
b11010111 #
#107305
1!
#107310
0!
b11011000 #
#107315
1!
#107320
0!
b11011001 #
#107325
1!
#107330
0!
b11011010 #
#107335
1!
#107340
0!
b11011011 #
#107345
1!
#107350
0!
b11011100 #
#107355
1!
#107360
0!
b11011101 #
#107365
1!
#107370
0!
b11011110 #
#107375
1!
#107380
0!
b11011111 #
#107385
1!
#107390
0!
b11100000 #
#107395
1!
#107400
0!
b11100001 #
#107405
1!
#107410
0!
b11100010 #
#107415
1!
#107420
0!
b11100011 #
#107425
1!
#107430
0!
b11100100 #
#107435
1!
#107440
0!
b11100101 #
#107445
1!
#107450
0!
b11100110 #
#107455
1!
#107460
0!
b11100111 #
#107465
1!
#107470
0!
b11101000 #
#107475
1!
#107480
0!
b11101001 #
#107485
1!
#107490
0!
b11101010 #
#107495
1!
#107500
0!
b11101011 #
#107505
1!
#107510
0!
b11101100 #
#107515
1!
#107520
0!
b11101101 #
#107525
1!
#107530
0!
b11101110 #
#107535
1!
#107540
0!
b11101111 #
#107545
1!
#107550
0!
b11110000 #
#107555
1!
#107560
0!
b11110001 #
#107565
1!
#107570
0!
b11110010 #
#107575
1!
#107580
0!
b11110011 #
#107585
1!
#107590
0!
b11110100 #
#107595
1!
#107600
0!
b11110101 #
#107605
1!
#107610
0!
b11110110 #
#107615
1!
#107620
0!
b11110111 #
#107625
1!
#107630
0!
b11111000 #
#107635
1!
#107640
0!
b11111001 #
#107645
1!
#107650
0!
b11111010 #
#107655
1!
#107660
0!
b11111011 #
#107665
1!
#107670
0!
b11111100 #
#107675
1!
#107680
0!
b11111101 #
#107685
1!
#107690
0!
b11111110 #
#107695
1!
#107700
0!
b11111111 #
#107705
1!
#107710
0!
b00000000 #
#107715
1!
#107720
0!
b00000001 #
#107725
1!
#107730
0!
b00000010 #
#107735
1!
#107740
0!
b00000011 #
#107745
1!
#107750
0!
b00000100 #
#107755
1!
#107760
0!
b00000101 #
#107765
1!
#107770
0!
b00000110 #
#107775
1!
#107780
0!
b00000111 #
#107785
1!
#107790
0!
b00001000 #
#107795
1!
#107800
0!
b00001001 #
#107805
1!
#107810
0!
b00001010 #
#107815
1!
#107820
0!
b00001011 #
#107825
1!
#107830
0!
b00001100 #
#107835
1!
#107840
0!
b00001101 #
#107845
1!
#107850
0!
b00001110 #
#107855
1!
#107860
0!
b00001111 #
#107865
1!
#107870
0!
b00010000 #
#107875
1!
#107880
0!
b00010001 #
#107885
1!
#107890
0!
b00010010 #
#107895
1!
#107900
0!
b00010011 #
#107905
1!
#107910
0!
b00010100 #
#107915
1!
#107920
0!
b00010101 #
#107925
1!
#107930
0!
b00010110 #
#107935
1!
#107940
0!
b00010111 #
#107945
1!
#107950
0!
b00011000 #
#107955
1!
#107960
0!
b00011001 #
#107965
1!
#107970
0!
b00011010 #
#107975
1!
#107980
0!
b00011011 #
#107985
1!
#107990
0!
b00011100 #
#107995
1!
#108000
0!
b00011101 #
0(
#108005
1!
#108010
0!
b00011110 #
#108015
1!
#108020
0!
b00011111 #
#108025
1!
#108030
0!
b00100000 #
#108035
1!
#108040
0!
b00100001 #
#108045
1!
#108050
0!
b00100010 #
#108055
1!
#108060
0!
b00100011 #
#108065
1!
#108070
0!
b00100100 #
#108075
1!
#108080
0!
b00100101 #
#108085
1!
#108090
0!
b00100110 #
#108095
1!
#108100
0!
b00100111 #
#108105
1!
#108110
0!
b00101000 #
#108115
1!
#108120
0!
b00101001 #
#108125
1!
#108130
0!
b00101010 #
#108135
1!
#108140
0!
b00101011 #
#108145
1!
#108150
0!
b00101100 #
#108155
1!
#108160
0!
b00101101 #
#108165
1!
#108170
0!
b00101110 #
#108175
1!
#108180
0!
b00101111 #
#108185
1!
#108190
0!
b00110000 #
#108195
1!
#108200
0!
b00110001 #
#108205
1!
#108210
0!
b00110010 #
#108215
1!
#108220
0!
b00110011 #
#108225
1!
#108230
0!
b00110100 #
#108235
1!
#108240
0!
b00110101 #
#108245
1!
#108250
0!
b00110110 #
#108255
1!
#108260
0!
b00110111 #
#108265
1!
#108270
0!
b00111000 #
#108275
1!
#108280
0!
b00111001 #
#108285
1!
#108290
0!
b00111010 #
#108295
1!
#108300
0!
b00111011 #
#108305
1!
#108310
0!
b00111100 #
#108315
1!
#108320
0!
b00111101 #
#108325
1!
#108330
0!
b00111110 #
#108335
1!
#108340
0!
b00111111 #
#108345
1!
#108350
0!
b01000000 #
#108355
1!
#108360
0!
b01000001 #
#108365
1!
#108370
0!
b01000010 #
#108375
1!
#108380
0!
b01000011 #
#108385
1!
#108390
0!
b01000100 #
#108395
1!
#108400
0!
b01000101 #
#108405
1!
#108410
0!
b01000110 #
#108415
1!
#108420
0!
b01000111 #
#108425
1!
#108430
0!
b01001000 #
#108435
1!
#108440
0!
b01001001 #
#108445
1!
#108450
0!
b01001010 #
#108455
1!
#108460
0!
b01001011 #
#108465
1!
#108470
0!
b01001100 #
#108475
1!
#108480
0!
b01001101 #
#108485
1!
#108490
0!
b01001110 #
#108495
1!
#108500
0!
b01001111 #
#108505
1!
#108510
0!
b01010000 #
#108515
1!
#108520
0!
b01010001 #
#108525
1!
#108530
0!
b01010010 #
#108535
1!
#108540
0!
b01010011 #
#108545
1!
#108550
0!
b01010100 #
#108555
1!
#108560
0!
b01010101 #
#108565
1!
#108570
0!
b01010110 #
#108575
1!
#108580
0!
b01010111 #
#108585
1!
#108590
0!
b01011000 #
#108595
1!
#108600
0!
b01011001 #
#108605
1!
#108610
0!
b01011010 #
#108615
1!
#108620
0!
b01011011 #
#108625
1!
#108630
0!
b01011100 #
#108635
1!
#108640
0!
b01011101 #
#108645
1!
#108650
0!
b01011110 #
#108655
1!
#108660
0!
b01011111 #
#108665
1!
#108670
0!
b01100000 #
#108675
1!
#108680
0!
b01100001 #
#108685
1!
#108690
0!
b01100010 #
#108695
1!
#108700
0!
b01100011 #
#108705
1!
#108710
0!
b01100100 #
#108715
1!
#108720
0!
b01100101 #
#108725
1!
#108730
0!
b01100110 #
#108735
1!
#108740
0!
b01100111 #
#108745
1!
#108750
0!
b01101000 #
#108755
1!
#108760
0!
b01101001 #
#108765
1!
#108770
0!
b01101010 #
#108775
1!
#108780
0!
b01101011 #
#108785
1!
#108790
0!
b01101100 #
#108795
1!
#108800
0!
b01101101 #
#108805
1!
#108810
0!
b01101110 #
#108815
1!
#108820
0!
b01101111 #
#108825
1!
#108830
0!
b01110000 #
#108835
1!
#108840
0!
b01110001 #
#108845
1!
#108850
0!
b01110010 #
#108855
1!
#108860
0!
b01110011 #
#108865
1!
#108870
0!
b01110100 #
#108875
1!
#108880
0!
b01110101 #
#108885
1!
#108890
0!
b01110110 #
#108895
1!
#108900
0!
b01110111 #
#108905
1!
#108910
0!
b01111000 #
#108915
1!
#108920
0!
b01111001 #
#108925
1!
#108930
0!
b01111010 #
#108935
1!
#108940
0!
b01111011 #
#108945
1!
#108950
0!
b01111100 #
#108955
1!
#108960
0!
b01111101 #
#108965
1!
#108970
0!
b01111110 #
#108975
1!
#108980
0!
b01111111 #
#108985
1!
#108990
0!
b10000000 #
#108995
1!
#109000
0!
b10000001 #
0(
#109005
1!
#109010
0!
b10000010 #
#109015
1!
#109020
0!
b10000011 #
#109025
1!
#109030
0!
b10000100 #
#109035
1!
#109040
0!
b10000101 #
#109045
1!
#109050
0!
b10000110 #
#109055
1!
#109060
0!
b10000111 #
#109065
1!
#109070
0!
b10001000 #
#109075
1!
#109080
0!
b10001001 #
#109085
1!
#109090
0!
b10001010 #
#109095
1!
#109100
0!
b10001011 #
#109105
1!
#109110
0!
b10001100 #
#109115
1!
#109120
0!
b10001101 #
#109125
1!
#109130
0!
b10001110 #
#109135
1!
#109140
0!
b10001111 #
#109145
1!
#109150
0!
b10010000 #
#109155
1!
#109160
0!
b10010001 #
#109165
1!
#109170
0!
b10010010 #
#109175
1!
#109180
0!
b10010011 #
#109185
1!
#109190
0!
b10010100 #
#109195
1!
#109200
0!
b10010101 #
#109205
1!
#109210
0!
b10010110 #
#109215
1!
#109220
0!
b10010111 #
#109225
1!
#109230
0!
b10011000 #
#109235
1!
#109240
0!
b10011001 #
#109245
1!
#109250
0!
b10011010 #
#109255
1!
#109260
0!
b10011011 #
#109265
1!
#109270
0!
b10011100 #
#109275
1!
#109280
0!
b10011101 #
#109285
1!
#109290
0!
b10011110 #
#109295
1!
#109300
0!
b10011111 #
#109305
1!
#109310
0!
b10100000 #
#109315
1!
#109320
0!
b10100001 #
#109325
1!
#109330
0!
b10100010 #
#109335
1!
#109340
0!
b10100011 #
#109345
1!
#109350
0!
b10100100 #
#109355
1!
#109360
0!
b10100101 #
#109365
1!
#109370
0!
b10100110 #
#109375
1!
#109380
0!
b10100111 #
#109385
1!
#109390
0!
b10101000 #
#109395
1!
#109400
0!
b10101001 #
#109405
1!
#109410
0!
b10101010 #
#109415
1!
#109420
0!
b10101011 #
#109425
1!
#109430
0!
b10101100 #
#109435
1!
#109440
0!
b10101101 #
#109445
1!
#109450
0!
b10101110 #
#109455
1!
#109460
0!
b10101111 #
#109465
1!
#109470
0!
b10110000 #
#109475
1!
#109480
0!
b10110001 #
#109485
1!
#109490
0!
b10110010 #
#109495
1!
#109500
0!
b10110011 #
#109505
1!
#109510
0!
b10110100 #
#109515
1!
#109520
0!
b10110101 #
#109525
1!
#109530
0!
b10110110 #
#109535
1!
#109540
0!
b10110111 #
#109545
1!
#109550
0!
b10111000 #
#109555
1!
#109560
0!
b10111001 #
#109565
1!
#109570
0!
b10111010 #
#109575
1!
#109580
0!
b10111011 #
#109585
1!
#109590
0!
b10111100 #
#109595
1!
#109600
0!
b10111101 #
#109605
1!
#109610
0!
b10111110 #
#109615
1!
#109620
0!
b10111111 #
#109625
1!
#109630
0!
b11000000 #
#109635
1!
#109640
0!
b11000001 #
#109645
1!
#109650
0!
b11000010 #
#109655
1!
#109660
0!
b11000011 #
#109665
1!
#109670
0!
b11000100 #
#109675
1!
#109680
0!
b11000101 #
#109685
1!
#109690
0!
b11000110 #
#109695
1!
#109700
0!
b11000111 #
#109705
1!
#109710
0!
b11001000 #
#109715
1!
#109720
0!
b11001001 #
#109725
1!
#109730
0!
b11001010 #
#109735
1!
#109740
0!
b11001011 #
#109745
1!
#109750
0!
b11001100 #
#109755
1!
#109760
0!
b11001101 #
#109765
1!
#109770
0!
b11001110 #
#109775
1!
#109780
0!
b11001111 #
#109785
1!
#109790
0!
b11010000 #
#109795
1!
#109800
0!
b11010001 #
#109805
1!
#109810
0!
b11010010 #
#109815
1!
#109820
0!
b11010011 #
#109825
1!
#109830
0!
b11010100 #
#109835
1!
#109840
0!
b11010101 #
#109845
1!
#109850
0!
b11010110 #
#109855
1!
#109860
0!
b11010111 #
#109865
1!
#109870
0!
b11011000 #
#109875
1!
#109880
0!
b11011001 #
#109885
1!
#109890
0!
b11011010 #
#109895
1!
#109900
0!
b11011011 #
#109905
1!
#109910
0!
b11011100 #
#109915
1!
#109920
0!
b11011101 #
#109925
1!
#109930
0!
b11011110 #
#109935
1!
#109940
0!
b11011111 #
#109945
1!
#109950
0!
b11100000 #
#109955
1!
#109960
0!
b11100001 #
#109965
1!
#109970
0!
b11100010 #
#109975
1!
#109980
0!
b11100011 #
#109985
1!
#109990
0!
b11100100 #
#109995
1!
#110000
0!
b11100101 #
1(
#110005
1!
#110010
0!
b11100110 #
#110015
1!
#110020
0!
b11100111 #
#110025
1!
#110030
0!
b11101000 #
#110035
1!
#110040
0!
b11101001 #
#110045
1!
#110050
0!
b11101010 #
#110055
1!
#110060
0!
b11101011 #
#110065
1!
#110070
0!
b11101100 #
#110075
1!
#110080
0!
b11101101 #
#110085
1!
#110090
0!
b11101110 #
#110095
1!
#110100
0!
b11101111 #
#110105
1!
#110110
0!
b11110000 #
#110115
1!
#110120
0!
b11110001 #
#110125
1!
#110130
0!
b11110010 #
#110135
1!
#110140
0!
b11110011 #
#110145
1!
#110150
0!
b11110100 #
#110155
1!
#110160
0!
b11110101 #
#110165
1!
#110170
0!
b11110110 #
#110175
1!
#110180
0!
b11110111 #
#110185
1!
#110190
0!
b11111000 #
#110195
1!
#110200
0!
b11111001 #
#110205
1!
#110210
0!
b11111010 #
#110215
1!
#110220
0!
b11111011 #
#110225
1!
#110230
0!
b11111100 #
#110235
1!
#110240
0!
b11111101 #
#110245
1!
#110250
0!
b11111110 #
#110255
1!
#110260
0!
b11111111 #
#110265
1!
#110270
0!
b00000000 #
#110275
1!
#110280
0!
b00000001 #
#110285
1!
#110290
0!
b00000010 #
#110295
1!
#110300
0!
b00000011 #
#110305
1!
#110310
0!
b00000100 #
#110315
1!
#110320
0!
b00000101 #
#110325
1!
#110330
0!
b00000110 #
#110335
1!
#110340
0!
b00000111 #
#110345
1!
#110350
0!
b00001000 #
#110355
1!
#110360
0!
b00001001 #
#110365
1!
#110370
0!
b00001010 #
#110375
1!
#110380
0!
b00001011 #
#110385
1!
#110390
0!
b00001100 #
#110395
1!
#110400
0!
b00001101 #
#110405
1!
#110410
0!
b00001110 #
#110415
1!
#110420
0!
b00001111 #
#110425
1!
#110430
0!
b00010000 #
#110435
1!
#110440
0!
b00010001 #
#110445
1!
#110450
0!
b00010010 #
#110455
1!
#110460
0!
b00010011 #
#110465
1!
#110470
0!
b00010100 #
#110475
1!
#110480
0!
b00010101 #
#110485
1!
#110490
0!
b00010110 #
#110495
1!
#110500
0!
b00010111 #
#110505
1!
#110510
0!
b00011000 #
#110515
1!
#110520
0!
b00011001 #
#110525
1!
#110530
0!
b00011010 #
#110535
1!
#110540
0!
b00011011 #
#110545
1!
#110550
0!
b00011100 #
#110555
1!
#110560
0!
b00011101 #
#110565
1!
#110570
0!
b00011110 #
#110575
1!
#110580
0!
b00011111 #
#110585
1!
#110590
0!
b00100000 #
#110595
1!
#110600
0!
b00100001 #
#110605
1!
#110610
0!
b00100010 #
#110615
1!
#110620
0!
b00100011 #
#110625
1!
#110630
0!
b00100100 #
#110635
1!
#110640
0!
b00100101 #
#110645
1!
#110650
0!
b00100110 #
#110655
1!
#110660
0!
b00100111 #
#110665
1!
#110670
0!
b00101000 #
#110675
1!
#110680
0!
b00101001 #
#110685
1!
#110690
0!
b00101010 #
#110695
1!
#110700
0!
b00101011 #
#110705
1!
#110710
0!
b00101100 #
#110715
1!
#110720
0!
b00101101 #
#110725
1!
#110730
0!
b00101110 #
#110735
1!
#110740
0!
b00101111 #
#110745
1!
#110750
0!
b00110000 #
#110755
1!
#110760
0!
b00110001 #
#110765
1!
#110770
0!
b00110010 #
#110775
1!
#110780
0!
b00110011 #
#110785
1!
#110790
0!
b00110100 #
#110795
1!
#110800
0!
b00110101 #
#110805
1!
#110810
0!
b00110110 #
#110815
1!
#110820
0!
b00110111 #
#110825
1!
#110830
0!
b00111000 #
#110835
1!
#110840
0!
b00111001 #
#110845
1!
#110850
0!
b00111010 #
#110855
1!
#110860
0!
b00111011 #
#110865
1!
#110870
0!
b00111100 #
#110875
1!
#110880
0!
b00111101 #
#110885
1!
#110890
0!
b00111110 #
#110895
1!
#110900
0!
b00111111 #
#110905
1!
#110910
0!
b01000000 #
#110915
1!
#110920
0!
b01000001 #
#110925
1!
#110930
0!
b01000010 #
#110935
1!
#110940
0!
b01000011 #
#110945
1!
#110950
0!
b01000100 #
#110955
1!
#110960
0!
b01000101 #
#110965
1!
#110970
0!
b01000110 #
#110975
1!
#110980
0!
b01000111 #
#110985
1!
#110990
0!
b01001000 #
#110995
1!
#111000
0!
b01001001 #
1(
#111005
1!
#111010
0!
b01001010 #
#111015
1!
#111020
0!
b01001011 #
#111025
1!
#111030
0!
b01001100 #
#111035
1!
#111040
0!
b01001101 #
#111045
1!
#111050
0!
b01001110 #
#111055
1!
#111060
0!
b01001111 #
#111065
1!
#111070
0!
b01010000 #
#111075
1!
#111080
0!
b01010001 #
#111085
1!
#111090
0!
b01010010 #
#111095
1!
#111100
0!
b01010011 #
#111105
1!
#111110
0!
b01010100 #
#111115
1!
#111120
0!
b01010101 #
#111125
1!
#111130
0!
b01010110 #
#111135
1!
#111140
0!
b01010111 #
#111145
1!
#111150
0!
b01011000 #
#111155
1!
#111160
0!
b01011001 #
#111165
1!
#111170
0!
b01011010 #
#111175
1!
#111180
0!
b01011011 #
#111185
1!
#111190
0!
b01011100 #
#111195
1!
#111200
0!
b01011101 #
#111205
1!
#111210
0!
b01011110 #
#111215
1!
#111220
0!
b01011111 #
#111225
1!
#111230
0!
b01100000 #
#111235
1!
#111240
0!
b01100001 #
#111245
1!
#111250
0!
b01100010 #
#111255
1!
#111260
0!
b01100011 #
#111265
1!
#111270
0!
b01100100 #
#111275
1!
#111280
0!
b01100101 #
#111285
1!
#111290
0!
b01100110 #
#111295
1!
#111300
0!
b01100111 #
#111305
1!
#111310
0!
b01101000 #
#111315
1!
#111320
0!
b01101001 #
#111325
1!
#111330
0!
b01101010 #
#111335
1!
#111340
0!
b01101011 #
#111345
1!
#111350
0!
b01101100 #
#111355
1!
#111360
0!
b01101101 #
#111365
1!
#111370
0!
b01101110 #
#111375
1!
#111380
0!
b01101111 #
#111385
1!
#111390
0!
b01110000 #
#111395
1!
#111400
0!
b01110001 #
#111405
1!
#111410
0!
b01110010 #
#111415
1!
#111420
0!
b01110011 #
#111425
1!
#111430
0!
b01110100 #
#111435
1!
#111440
0!
b01110101 #
#111445
1!
#111450
0!
b01110110 #
#111455
1!
#111460
0!
b01110111 #
#111465
1!
#111470
0!
b01111000 #
#111475
1!
#111480
0!
b01111001 #
#111485
1!
#111490
0!
b01111010 #
#111495
1!
#111500
0!
b01111011 #
#111505
1!
#111510
0!
b01111100 #
#111515
1!
#111520
0!
b01111101 #
#111525
1!
#111530
0!
b01111110 #
#111535
1!
#111540
0!
b01111111 #
#111545
1!
#111550
0!
b10000000 #
#111555
1!
#111560
0!
b10000001 #
#111565
1!
#111570
0!
b10000010 #
#111575
1!
#111580
0!
b10000011 #
#111585
1!
#111590
0!
b10000100 #
#111595
1!
#111600
0!
b10000101 #
#111605
1!
#111610
0!
b10000110 #
#111615
1!
#111620
0!
b10000111 #
#111625
1!
#111630
0!
b10001000 #
#111635
1!
#111640
0!
b10001001 #
#111645
1!
#111650
0!
b10001010 #
#111655
1!
#111660
0!
b10001011 #
#111665
1!
#111670
0!
b10001100 #
#111675
1!
#111680
0!
b10001101 #
#111685
1!
#111690
0!
b10001110 #
#111695
1!
#111700
0!
b10001111 #
#111705
1!
#111710
0!
b10010000 #
#111715
1!
#111720
0!
b10010001 #
#111725
1!
#111730
0!
b10010010 #
#111735
1!
#111740
0!
b10010011 #
#111745
1!
#111750
0!
b10010100 #
#111755
1!
#111760
0!
b10010101 #
#111765
1!
#111770
0!
b10010110 #
#111775
1!
#111780
0!
b10010111 #
#111785
1!
#111790
0!
b10011000 #
#111795
1!
#111800
0!
b10011001 #
#111805
1!
#111810
0!
b10011010 #
#111815
1!
#111820
0!
b10011011 #
#111825
1!
#111830
0!
b10011100 #
#111835
1!
#111840
0!
b10011101 #
#111845
1!
#111850
0!
b10011110 #
#111855
1!
#111860
0!
b10011111 #
#111865
1!
#111870
0!
b10100000 #
#111875
1!
#111880
0!
b10100001 #
#111885
1!
#111890
0!
b10100010 #
#111895
1!
#111900
0!
b10100011 #
#111905
1!
#111910
0!
b10100100 #
#111915
1!
#111920
0!
b10100101 #
#111925
1!
#111930
0!
b10100110 #
#111935
1!
#111940
0!
b10100111 #
#111945
1!
#111950
0!
b10101000 #
#111955
1!
#111960
0!
b10101001 #
#111965
1!
#111970
0!
b10101010 #
#111975
1!
#111980
0!
b10101011 #
#111985
1!
#111990
0!
b10101100 #
#111995
1!
#112000
0!
b10101101 #
1(
#112005
1!
#112010
0!
b10101110 #
#112015
1!
#112020
0!
b10101111 #
#112025
1!
#112030
0!
b10110000 #
#112035
1!
#112040
0!
b10110001 #
#112045
1!
#112050
0!
b10110010 #
#112055
1!
#112060
0!
b10110011 #
#112065
1!
#112070
0!
b10110100 #
#112075
1!
#112080
0!
b10110101 #
#112085
1!
#112090
0!
b10110110 #
#112095
1!
#112100
0!
b10110111 #
#112105
1!
#112110
0!
b10111000 #
#112115
1!
#112120
0!
b10111001 #
#112125
1!
#112130
0!
b10111010 #
#112135
1!
#112140
0!
b10111011 #
#112145
1!
#112150
0!
b10111100 #
#112155
1!
#112160
0!
b10111101 #
#112165
1!
#112170
0!
b10111110 #
#112175
1!
#112180
0!
b10111111 #
#112185
1!
#112190
0!
b11000000 #
#112195
1!
#112200
0!
b11000001 #
#112205
1!
#112210
0!
b11000010 #
#112215
1!
#112220
0!
b11000011 #
#112225
1!
#112230
0!
b11000100 #
#112235
1!
#112240
0!
b11000101 #
#112245
1!
#112250
0!
b11000110 #
#112255
1!
#112260
0!
b11000111 #
#112265
1!
#112270
0!
b11001000 #
#112275
1!
#112280
0!
b11001001 #
#112285
1!
#112290
0!
b11001010 #
#112295
1!
#112300
0!
b11001011 #
#112305
1!
#112310
0!
b11001100 #
#112315
1!
#112320
0!
b11001101 #
#112325
1!
#112330
0!
b11001110 #
#112335
1!
#112340
0!
b11001111 #
#112345
1!
#112350
0!
b11010000 #
#112355
1!
#112360
0!
b11010001 #
#112365
1!
#112370
0!
b11010010 #
#112375
1!
#112380
0!
b11010011 #
#112385
1!
#112390
0!
b11010100 #
#112395
1!
#112400
0!
b11010101 #
#112405
1!
#112410
0!
b11010110 #
#112415
1!
#112420
0!
b11010111 #
#112425
1!
#112430
0!
b11011000 #
#112435
1!
#112440
0!
b11011001 #
#112445
1!
#112450
0!
b11011010 #
#112455
1!
#112460
0!
b11011011 #
#112465
1!
#112470
0!
b11011100 #
#112475
1!
#112480
0!
b11011101 #
#112485
1!
#112490
0!
b11011110 #
#112495
1!
#112500
0!
b11011111 #
#112505
1!
#112510
0!
b11100000 #
#112515
1!
#112520
0!
b11100001 #
#112525
1!
#112530
0!
b11100010 #
#112535
1!
#112540
0!
b11100011 #
#112545
1!
#112550
0!
b11100100 #
#112555
1!
#112560
0!
b11100101 #
#112565
1!
#112570
0!
b11100110 #
#112575
1!
#112580
0!
b11100111 #
#112585
1!
#112590
0!
b11101000 #
#112595
1!
#112600
0!
b11101001 #
#112605
1!
#112610
0!
b11101010 #
#112615
1!
#112620
0!
b11101011 #
#112625
1!
#112630
0!
b11101100 #
#112635
1!
#112640
0!
b11101101 #
#112645
1!
#112650
0!
b11101110 #
#112655
1!
#112660
0!
b11101111 #
#112665
1!
#112670
0!
b11110000 #
#112675
1!
#112680
0!
b11110001 #
#112685
1!
#112690
0!
b11110010 #
#112695
1!
#112700
0!
b11110011 #
#112705
1!
#112710
0!
b11110100 #
#112715
1!
#112720
0!
b11110101 #
#112725
1!
#112730
0!
b11110110 #
#112735
1!
#112740
0!
b11110111 #
#112745
1!
#112750
0!
b11111000 #
#112755
1!
#112760
0!
b11111001 #
#112765
1!
#112770
0!
b11111010 #
#112775
1!
#112780
0!
b11111011 #
#112785
1!
#112790
0!
b11111100 #
#112795
1!
#112800
0!
b11111101 #
#112805
1!
#112810
0!
b11111110 #
#112815
1!
#112820
0!
b11111111 #
#112825
1!
#112830
0!
b00000000 #
#112835
1!
#112840
0!
b00000001 #
#112845
1!
#112850
0!
b00000010 #
#112855
1!
#112860
0!
b00000011 #
#112865
1!
#112870
0!
b00000100 #
#112875
1!
#112880
0!
b00000101 #
#112885
1!
#112890
0!
b00000110 #
#112895
1!
#112900
0!
b00000111 #
#112905
1!
#112910
0!
b00001000 #
#112915
1!
#112920
0!
b00001001 #
#112925
1!
#112930
0!
b00001010 #
#112935
1!
#112940
0!
b00001011 #
#112945
1!
#112950
0!
b00001100 #
#112955
1!
#112960
0!
b00001101 #
#112965
1!
#112970
0!
b00001110 #
#112975
1!
#112980
0!
b00001111 #
#112985
1!
#112990
0!
b00010000 #
#112995
1!
#113000
0!
b00010001 #
0(
#113005
1!
#113010
0!
b00010010 #
#113015
1!
#113020
0!
b00010011 #
#113025
1!
#113030
0!
b00010100 #
#113035
1!
#113040
0!
b00010101 #
#113045
1!
#113050
0!
b00010110 #
#113055
1!
#113060
0!
b00010111 #
#113065
1!
#113070
0!
b00011000 #
#113075
1!
#113080
0!
b00011001 #
#113085
1!
#113090
0!
b00011010 #
#113095
1!
#113100
0!
b00011011 #
#113105
1!
#113110
0!
b00011100 #
#113115
1!
#113120
0!
b00011101 #
#113125
1!
#113130
0!
b00011110 #
#113135
1!
#113140
0!
b00011111 #
#113145
1!
#113150
0!
b00100000 #
#113155
1!
#113160
0!
b00100001 #
#113165
1!
#113170
0!
b00100010 #
#113175
1!
#113180
0!
b00100011 #
#113185
1!
#113190
0!
b00100100 #
#113195
1!
#113200
0!
b00100101 #
#113205
1!
#113210
0!
b00100110 #
#113215
1!
#113220
0!
b00100111 #
#113225
1!
#113230
0!
b00101000 #
#113235
1!
#113240
0!
b00101001 #
#113245
1!
#113250
0!
b00101010 #
#113255
1!
#113260
0!
b00101011 #
#113265
1!
#113270
0!
b00101100 #
#113275
1!
#113280
0!
b00101101 #
#113285
1!
#113290
0!
b00101110 #
#113295
1!
#113300
0!
b00101111 #
#113305
1!
#113310
0!
b00110000 #
#113315
1!
#113320
0!
b00110001 #
#113325
1!
#113330
0!
b00110010 #
#113335
1!
#113340
0!
b00110011 #
#113345
1!
#113350
0!
b00110100 #
#113355
1!
#113360
0!
b00110101 #
#113365
1!
#113370
0!
b00110110 #
#113375
1!
#113380
0!
b00110111 #
#113385
1!
#113390
0!
b00111000 #
#113395
1!
#113400
0!
b00111001 #
#113405
1!
#113410
0!
b00111010 #
#113415
1!
#113420
0!
b00111011 #
#113425
1!
#113430
0!
b00111100 #
#113435
1!
#113440
0!
b00111101 #
#113445
1!
#113450
0!
b00111110 #
#113455
1!
#113460
0!
b00111111 #
#113465
1!
#113470
0!
b01000000 #
#113475
1!
#113480
0!
b01000001 #
#113485
1!
#113490
0!
b01000010 #
#113495
1!
#113500
0!
b01000011 #
#113505
1!
#113510
0!
b01000100 #
#113515
1!
#113520
0!
b01000101 #
#113525
1!
#113530
0!
b01000110 #
#113535
1!
#113540
0!
b01000111 #
#113545
1!
#113550
0!
b01001000 #
#113555
1!
#113560
0!
b01001001 #
#113565
1!
#113570
0!
b01001010 #
#113575
1!
#113580
0!
b01001011 #
#113585
1!
#113590
0!
b01001100 #
#113595
1!
#113600
0!
b01001101 #
#113605
1!
#113610
0!
b01001110 #
#113615
1!
#113620
0!
b01001111 #
#113625
1!
#113630
0!
b01010000 #
#113635
1!
#113640
0!
b01010001 #
#113645
1!
#113650
0!
b01010010 #
#113655
1!
#113660
0!
b01010011 #
#113665
1!
#113670
0!
b01010100 #
#113675
1!
#113680
0!
b01010101 #
#113685
1!
#113690
0!
b01010110 #
#113695
1!
#113700
0!
b01010111 #
#113705
1!
#113710
0!
b01011000 #
#113715
1!
#113720
0!
b01011001 #
#113725
1!
#113730
0!
b01011010 #
#113735
1!
#113740
0!
b01011011 #
#113745
1!
#113750
0!
b01011100 #
#113755
1!
#113760
0!
b01011101 #
#113765
1!
#113770
0!
b01011110 #
#113775
1!
#113780
0!
b01011111 #
#113785
1!
#113790
0!
b01100000 #
#113795
1!
#113800
0!
b01100001 #
#113805
1!
#113810
0!
b01100010 #
#113815
1!
#113820
0!
b01100011 #
#113825
1!
#113830
0!
b01100100 #
#113835
1!
#113840
0!
b01100101 #
#113845
1!
#113850
0!
b01100110 #
#113855
1!
#113860
0!
b01100111 #
#113865
1!
#113870
0!
b01101000 #
#113875
1!
#113880
0!
b01101001 #
#113885
1!
#113890
0!
b01101010 #
#113895
1!
#113900
0!
b01101011 #
#113905
1!
#113910
0!
b01101100 #
#113915
1!
#113920
0!
b01101101 #
#113925
1!
#113930
0!
b01101110 #
#113935
1!
#113940
0!
b01101111 #
#113945
1!
#113950
0!
b01110000 #
#113955
1!
#113960
0!
b01110001 #
#113965
1!
#113970
0!
b01110010 #
#113975
1!
#113980
0!
b01110011 #
#113985
1!
#113990
0!
b01110100 #
#113995
1!
#114000
0!
b01110101 #
1(
#114005
1!
#114010
0!
b01110110 #
#114015
1!
#114020
0!
b01110111 #
#114025
1!
#114030
0!
b01111000 #
#114035
1!
#114040
0!
b01111001 #
#114045
1!
#114050
0!
b01111010 #
#114055
1!
#114060
0!
b01111011 #
#114065
1!
#114070
0!
b01111100 #
#114075
1!
#114080
0!
b01111101 #
#114085
1!
#114090
0!
b01111110 #
#114095
1!
#114100
0!
b01111111 #
#114105
1!
#114110
0!
b10000000 #
#114115
1!
#114120
0!
b10000001 #
#114125
1!
#114130
0!
b10000010 #
#114135
1!
#114140
0!
b10000011 #
#114145
1!
#114150
0!
b10000100 #
#114155
1!
#114160
0!
b10000101 #
#114165
1!
#114170
0!
b10000110 #
#114175
1!
#114180
0!
b10000111 #
#114185
1!
#114190
0!
b10001000 #
#114195
1!
#114200
0!
b10001001 #
#114205
1!
#114210
0!
b10001010 #
#114215
1!
#114220
0!
b10001011 #
#114225
1!
#114230
0!
b10001100 #
#114235
1!
#114240
0!
b10001101 #
#114245
1!
#114250
0!
b10001110 #
#114255
1!
#114260
0!
b10001111 #
#114265
1!
#114270
0!
b10010000 #
#114275
1!
#114280
0!
b10010001 #
#114285
1!
#114290
0!
b10010010 #
#114295
1!
#114300
0!
b10010011 #
#114305
1!
#114310
0!
b10010100 #
#114315
1!
#114320
0!
b10010101 #
#114325
1!
#114330
0!
b10010110 #
#114335
1!
#114340
0!
b10010111 #
#114345
1!
#114350
0!
b10011000 #
#114355
1!
#114360
0!
b10011001 #
#114365
1!
#114370
0!
b10011010 #
#114375
1!
#114380
0!
b10011011 #
#114385
1!
#114390
0!
b10011100 #
#114395
1!
#114400
0!
b10011101 #
#114405
1!
#114410
0!
b10011110 #
#114415
1!
#114420
0!
b10011111 #
#114425
1!
#114430
0!
b10100000 #
#114435
1!
#114440
0!
b10100001 #
#114445
1!
#114450
0!
b10100010 #
#114455
1!
#114460
0!
b10100011 #
#114465
1!
#114470
0!
b10100100 #
#114475
1!
#114480
0!
b10100101 #
#114485
1!
#114490
0!
b10100110 #
#114495
1!
#114500
0!
b10100111 #
#114505
1!
#114510
0!
b10101000 #
#114515
1!
#114520
0!
b10101001 #
#114525
1!
#114530
0!
b10101010 #
#114535
1!
#114540
0!
b10101011 #
#114545
1!
#114550
0!
b10101100 #
#114555
1!
#114560
0!
b10101101 #
#114565
1!
#114570
0!
b10101110 #
#114575
1!
#114580
0!
b10101111 #
#114585
1!
#114590
0!
b10110000 #
#114595
1!
#114600
0!
b10110001 #
#114605
1!
#114610
0!
b10110010 #
#114615
1!
#114620
0!
b10110011 #
#114625
1!
#114630
0!
b10110100 #
#114635
1!
#114640
0!
b10110101 #
#114645
1!
#114650
0!
b10110110 #
#114655
1!
#114660
0!
b10110111 #
#114665
1!
#114670
0!
b10111000 #
#114675
1!
#114680
0!
b10111001 #
#114685
1!
#114690
0!
b10111010 #
#114695
1!
#114700
0!
b10111011 #
#114705
1!
#114710
0!
b10111100 #
#114715
1!
#114720
0!
b10111101 #
#114725
1!
#114730
0!
b10111110 #
#114735
1!
#114740
0!
b10111111 #
#114745
1!
#114750
0!
b11000000 #
#114755
1!
#114760
0!
b11000001 #
#114765
1!
#114770
0!
b11000010 #
#114775
1!
#114780
0!
b11000011 #
#114785
1!
#114790
0!
b11000100 #
#114795
1!
#114800
0!
b11000101 #
#114805
1!
#114810
0!
b11000110 #
#114815
1!
#114820
0!
b11000111 #
#114825
1!
#114830
0!
b11001000 #
#114835
1!
#114840
0!
b11001001 #
#114845
1!
#114850
0!
b11001010 #
#114855
1!
#114860
0!
b11001011 #
#114865
1!
#114870
0!
b11001100 #
#114875
1!
#114880
0!
b11001101 #
#114885
1!
#114890
0!
b11001110 #
#114895
1!
#114900
0!
b11001111 #
#114905
1!
#114910
0!
b11010000 #
#114915
1!
#114920
0!
b11010001 #
#114925
1!
#114930
0!
b11010010 #
#114935
1!
#114940
0!
b11010011 #
#114945
1!
#114950
0!
b11010100 #
#114955
1!
#114960
0!
b11010101 #
#114965
1!
#114970
0!
b11010110 #
#114975
1!
#114980
0!
b11010111 #
#114985
1!
#114990
0!
b11011000 #
#114995
1!
#115000
0!
b11011001 #
1(
#115005
1!
#115010
0!
b11011010 #
#115015
1!
#115020
0!
b11011011 #
#115025
1!
#115030
0!
b11011100 #
#115035
1!
#115040
0!
b11011101 #
#115045
1!
#115050
0!
b11011110 #
#115055
1!
#115060
0!
b11011111 #
#115065
1!
#115070
0!
b11100000 #
#115075
1!
#115080
0!
b11100001 #
#115085
1!
#115090
0!
b11100010 #
#115095
1!
#115100
0!
b11100011 #
#115105
1!
#115110
0!
b11100100 #
#115115
1!
#115120
0!
b11100101 #
#115125
1!
#115130
0!
b11100110 #
#115135
1!
#115140
0!
b11100111 #
#115145
1!
#115150
0!
b11101000 #
#115155
1!
#115160
0!
b11101001 #
#115165
1!
#115170
0!
b11101010 #
#115175
1!
#115180
0!
b11101011 #
#115185
1!
#115190
0!
b11101100 #
#115195
1!
#115200
0!
b11101101 #
#115205
1!
#115210
0!
b11101110 #
#115215
1!
#115220
0!
b11101111 #
#115225
1!
#115230
0!
b11110000 #
#115235
1!
#115240
0!
b11110001 #
#115245
1!
#115250
0!
b11110010 #
#115255
1!
#115260
0!
b11110011 #
#115265
1!
#115270
0!
b11110100 #
#115275
1!
#115280
0!
b11110101 #
#115285
1!
#115290
0!
b11110110 #
#115295
1!
#115300
0!
b11110111 #
#115305
1!
#115310
0!
b11111000 #
#115315
1!
#115320
0!
b11111001 #
#115325
1!
#115330
0!
b11111010 #
#115335
1!
#115340
0!
b11111011 #
#115345
1!
#115350
0!
b11111100 #
#115355
1!
#115360
0!
b11111101 #
#115365
1!
#115370
0!
b11111110 #
#115375
1!
#115380
0!
b11111111 #
#115385
1!
#115390
0!
b00000000 #
#115395
1!
#115400
0!
b00000001 #
#115405
1!
#115410
0!
b00000010 #
#115415
1!
#115420
0!
b00000011 #
#115425
1!
#115430
0!
b00000100 #
#115435
1!
#115440
0!
b00000101 #
#115445
1!
#115450
0!
b00000110 #
#115455
1!
#115460
0!
b00000111 #
#115465
1!
#115470
0!
b00001000 #
#115475
1!
#115480
0!
b00001001 #
#115485
1!
#115490
0!
b00001010 #
#115495
1!
#115500
0!
b00001011 #
#115505
1!
#115510
0!
b00001100 #
#115515
1!
#115520
0!
b00001101 #
#115525
1!
#115530
0!
b00001110 #
#115535
1!
#115540
0!
b00001111 #
#115545
1!
#115550
0!
b00010000 #
#115555
1!
#115560
0!
b00010001 #
#115565
1!
#115570
0!
b00010010 #
#115575
1!
#115580
0!
b00010011 #
#115585
1!
#115590
0!
b00010100 #
#115595
1!
#115600
0!
b00010101 #
#115605
1!
#115610
0!
b00010110 #
#115615
1!
#115620
0!
b00010111 #
#115625
1!
#115630
0!
b00011000 #
#115635
1!
#115640
0!
b00011001 #
#115645
1!
#115650
0!
b00011010 #
#115655
1!
#115660
0!
b00011011 #
#115665
1!
#115670
0!
b00011100 #
#115675
1!
#115680
0!
b00011101 #
#115685
1!
#115690
0!
b00011110 #
#115695
1!
#115700
0!
b00011111 #
#115705
1!
#115710
0!
b00100000 #
#115715
1!
#115720
0!
b00100001 #
#115725
1!
#115730
0!
b00100010 #
#115735
1!
#115740
0!
b00100011 #
#115745
1!
#115750
0!
b00100100 #
#115755
1!
#115760
0!
b00100101 #
#115765
1!
#115770
0!
b00100110 #
#115775
1!
#115780
0!
b00100111 #
#115785
1!
#115790
0!
b00101000 #
#115795
1!
#115800
0!
b00101001 #
#115805
1!
#115810
0!
b00101010 #
#115815
1!
#115820
0!
b00101011 #
#115825
1!
#115830
0!
b00101100 #
#115835
1!
#115840
0!
b00101101 #
#115845
1!
#115850
0!
b00101110 #
#115855
1!
#115860
0!
b00101111 #
#115865
1!
#115870
0!
b00110000 #
#115875
1!
#115880
0!
b00110001 #
#115885
1!
#115890
0!
b00110010 #
#115895
1!
#115900
0!
b00110011 #
#115905
1!
#115910
0!
b00110100 #
#115915
1!
#115920
0!
b00110101 #
#115925
1!
#115930
0!
b00110110 #
#115935
1!
#115940
0!
b00110111 #
#115945
1!
#115950
0!
b00111000 #
#115955
1!
#115960
0!
b00111001 #
#115965
1!
#115970
0!
b00111010 #
#115975
1!
#115980
0!
b00111011 #
#115985
1!
#115990
0!
b00111100 #
#115995
1!
#116000
0!
b00111101 #
0(
#116005
1!
#116010
0!
b00111110 #
#116015
1!
#116020
0!
b00111111 #
#116025
1!
#116030
0!
b01000000 #
#116035
1!
#116040
0!
b01000001 #
#116045
1!
#116050
0!
b01000010 #
#116055
1!
#116060
0!
b01000011 #
#116065
1!
#116070
0!
b01000100 #
#116075
1!
#116080
0!
b01000101 #
#116085
1!
#116090
0!
b01000110 #
#116095
1!
#116100
0!
b01000111 #
#116105
1!
#116110
0!
b01001000 #
#116115
1!
#116120
0!
b01001001 #
#116125
1!
#116130
0!
b01001010 #
#116135
1!
#116140
0!
b01001011 #
#116145
1!
#116150
0!
b01001100 #
#116155
1!
#116160
0!
b01001101 #
#116165
1!
#116170
0!
b01001110 #
#116175
1!
#116180
0!
b01001111 #
#116185
1!
#116190
0!
b01010000 #
#116195
1!
#116200
0!
b01010001 #
#116205
1!
#116210
0!
b01010010 #
#116215
1!
#116220
0!
b01010011 #
#116225
1!
#116230
0!
b01010100 #
#116235
1!
#116240
0!
b01010101 #
#116245
1!
#116250
0!
b01010110 #
#116255
1!
#116260
0!
b01010111 #
#116265
1!
#116270
0!
b01011000 #
#116275
1!
#116280
0!
b01011001 #
#116285
1!
#116290
0!
b01011010 #
#116295
1!
#116300
0!
b01011011 #
#116305
1!
#116310
0!
b01011100 #
#116315
1!
#116320
0!
b01011101 #
#116325
1!
#116330
0!
b01011110 #
#116335
1!
#116340
0!
b01011111 #
#116345
1!
#116350
0!
b01100000 #
#116355
1!
#116360
0!
b01100001 #
#116365
1!
#116370
0!
b01100010 #
#116375
1!
#116380
0!
b01100011 #
#116385
1!
#116390
0!
b01100100 #
#116395
1!
#116400
0!
b01100101 #
#116405
1!
#116410
0!
b01100110 #
#116415
1!
#116420
0!
b01100111 #
#116425
1!
#116430
0!
b01101000 #
#116435
1!
#116440
0!
b01101001 #
#116445
1!
#116450
0!
b01101010 #
#116455
1!
#116460
0!
b01101011 #
#116465
1!
#116470
0!
b01101100 #
#116475
1!
#116480
0!
b01101101 #
#116485
1!
#116490
0!
b01101110 #
#116495
1!
#116500
0!
b01101111 #
#116505
1!
#116510
0!
b01110000 #
#116515
1!
#116520
0!
b01110001 #
#116525
1!
#116530
0!
b01110010 #
#116535
1!
#116540
0!
b01110011 #
#116545
1!
#116550
0!
b01110100 #
#116555
1!
#116560
0!
b01110101 #
#116565
1!
#116570
0!
b01110110 #
#116575
1!
#116580
0!
b01110111 #
#116585
1!
#116590
0!
b01111000 #
#116595
1!
#116600
0!
b01111001 #
#116605
1!
#116610
0!
b01111010 #
#116615
1!
#116620
0!
b01111011 #
#116625
1!
#116630
0!
b01111100 #
#116635
1!
#116640
0!
b01111101 #
#116645
1!
#116650
0!
b01111110 #
#116655
1!
#116660
0!
b01111111 #
#116665
1!
#116670
0!
b10000000 #
#116675
1!
#116680
0!
b10000001 #
#116685
1!
#116690
0!
b10000010 #
#116695
1!
#116700
0!
b10000011 #
#116705
1!
#116710
0!
b10000100 #
#116715
1!
#116720
0!
b10000101 #
#116725
1!
#116730
0!
b10000110 #
#116735
1!
#116740
0!
b10000111 #
#116745
1!
#116750
0!
b10001000 #
#116755
1!
#116760
0!
b10001001 #
#116765
1!
#116770
0!
b10001010 #
#116775
1!
#116780
0!
b10001011 #
#116785
1!
#116790
0!
b10001100 #
#116795
1!
#116800
0!
b10001101 #
#116805
1!
#116810
0!
b10001110 #
#116815
1!
#116820
0!
b10001111 #
#116825
1!
#116830
0!
b10010000 #
#116835
1!
#116840
0!
b10010001 #
#116845
1!
#116850
0!
b10010010 #
#116855
1!
#116860
0!
b10010011 #
#116865
1!
#116870
0!
b10010100 #
#116875
1!
#116880
0!
b10010101 #
#116885
1!
#116890
0!
b10010110 #
#116895
1!
#116900
0!
b10010111 #
#116905
1!
#116910
0!
b10011000 #
#116915
1!
#116920
0!
b10011001 #
#116925
1!
#116930
0!
b10011010 #
#116935
1!
#116940
0!
b10011011 #
#116945
1!
#116950
0!
b10011100 #
#116955
1!
#116960
0!
b10011101 #
#116965
1!
#116970
0!
b10011110 #
#116975
1!
#116980
0!
b10011111 #
#116985
1!
#116990
0!
b10100000 #
#116995
1!
#117000
0!
b10100001 #
1(
#117005
1!
#117010
0!
b10100010 #
#117015
1!
#117020
0!
b10100011 #
#117025
1!
#117030
0!
b10100100 #
#117035
1!
#117040
0!
b10100101 #
#117045
1!
#117050
0!
b10100110 #
#117055
1!
#117060
0!
b10100111 #
#117065
1!
#117070
0!
b10101000 #
#117075
1!
#117080
0!
b10101001 #
#117085
1!
#117090
0!
b10101010 #
#117095
1!
#117100
0!
b10101011 #
#117105
1!
#117110
0!
b10101100 #
#117115
1!
#117120
0!
b10101101 #
#117125
1!
#117130
0!
b10101110 #
#117135
1!
#117140
0!
b10101111 #
#117145
1!
#117150
0!
b10110000 #
#117155
1!
#117160
0!
b10110001 #
#117165
1!
#117170
0!
b10110010 #
#117175
1!
#117180
0!
b10110011 #
#117185
1!
#117190
0!
b10110100 #
#117195
1!
#117200
0!
b10110101 #
#117205
1!
#117210
0!
b10110110 #
#117215
1!
#117220
0!
b10110111 #
#117225
1!
#117230
0!
b10111000 #
#117235
1!
#117240
0!
b10111001 #
#117245
1!
#117250
0!
b10111010 #
#117255
1!
#117260
0!
b10111011 #
#117265
1!
#117270
0!
b10111100 #
#117275
1!
#117280
0!
b10111101 #
#117285
1!
#117290
0!
b10111110 #
#117295
1!
#117300
0!
b10111111 #
#117305
1!
#117310
0!
b11000000 #
#117315
1!
#117320
0!
b11000001 #
#117325
1!
#117330
0!
b11000010 #
#117335
1!
#117340
0!
b11000011 #
#117345
1!
#117350
0!
b11000100 #
#117355
1!
#117360
0!
b11000101 #
#117365
1!
#117370
0!
b11000110 #
#117375
1!
#117380
0!
b11000111 #
#117385
1!
#117390
0!
b11001000 #
#117395
1!
#117400
0!
b11001001 #
#117405
1!
#117410
0!
b11001010 #
#117415
1!
#117420
0!
b11001011 #
#117425
1!
#117430
0!
b11001100 #
#117435
1!
#117440
0!
b11001101 #
#117445
1!
#117450
0!
b11001110 #
#117455
1!
#117460
0!
b11001111 #
#117465
1!
#117470
0!
b11010000 #
#117475
1!
#117480
0!
b11010001 #
#117485
1!
#117490
0!
b11010010 #
#117495
1!
#117500
0!
b11010011 #
#117505
1!
#117510
0!
b11010100 #
#117515
1!
#117520
0!
b11010101 #
#117525
1!
#117530
0!
b11010110 #
#117535
1!
#117540
0!
b11010111 #
#117545
1!
#117550
0!
b11011000 #
#117555
1!
#117560
0!
b11011001 #
#117565
1!
#117570
0!
b11011010 #
#117575
1!
#117580
0!
b11011011 #
#117585
1!
#117590
0!
b11011100 #
#117595
1!
#117600
0!
b11011101 #
#117605
1!
#117610
0!
b11011110 #
#117615
1!
#117620
0!
b11011111 #
#117625
1!
#117630
0!
b11100000 #
#117635
1!
#117640
0!
b11100001 #
#117645
1!
#117650
0!
b11100010 #
#117655
1!
#117660
0!
b11100011 #
#117665
1!
#117670
0!
b11100100 #
#117675
1!
#117680
0!
b11100101 #
#117685
1!
#117690
0!
b11100110 #
#117695
1!
#117700
0!
b11100111 #
#117705
1!
#117710
0!
b11101000 #
#117715
1!
#117720
0!
b11101001 #
#117725
1!
#117730
0!
b11101010 #
#117735
1!
#117740
0!
b11101011 #
#117745
1!
#117750
0!
b11101100 #
#117755
1!
#117760
0!
b11101101 #
#117765
1!
#117770
0!
b11101110 #
#117775
1!
#117780
0!
b11101111 #
#117785
1!
#117790
0!
b11110000 #
#117795
1!
#117800
0!
b11110001 #
#117805
1!
#117810
0!
b11110010 #
#117815
1!
#117820
0!
b11110011 #
#117825
1!
#117830
0!
b11110100 #
#117835
1!
#117840
0!
b11110101 #
#117845
1!
#117850
0!
b11110110 #
#117855
1!
#117860
0!
b11110111 #
#117865
1!
#117870
0!
b11111000 #
#117875
1!
#117880
0!
b11111001 #
#117885
1!
#117890
0!
b11111010 #
#117895
1!
#117900
0!
b11111011 #
#117905
1!
#117910
0!
b11111100 #
#117915
1!
#117920
0!
b11111101 #
#117925
1!
#117930
0!
b11111110 #
#117935
1!
#117940
0!
b11111111 #
#117945
1!
#117950
0!
b00000000 #
#117955
1!
#117960
0!
b00000001 #
#117965
1!
#117970
0!
b00000010 #
#117975
1!
#117980
0!
b00000011 #
#117985
1!
#117990
0!
b00000100 #
#117995
1!
#118000
0!
b00000101 #
#118005
1!
#118010
0!
b00000110 #
#118015
1!
#118020
0!
b00000111 #
#118025
1!
#118030
0!
b00001000 #
#118035
1!
#118040
0!
b00001001 #
#118045
1!
#118050
0!
b00001010 #
#118055
1!
#118060
0!
b00001011 #
#118065
1!
#118070
0!
b00001100 #
#118075
1!
#118080
0!
b00001101 #
#118085
1!
#118090
0!
b00001110 #
#118095
1!
#118100
0!
b00001111 #
#118105
1!
#118110
0!
b00010000 #
#118115
1!
#118120
0!
b00010001 #
#118125
1!
#118130
0!
b00010010 #
#118135
1!
#118140
0!
b00010011 #
#118145
1!
#118150
0!
b00010100 #
#118155
1!
#118160
0!
b00010101 #
#118165
1!
#118170
0!
b00010110 #
#118175
1!
#118180
0!
b00010111 #
#118185
1!
#118190
0!
b00011000 #
#118195
1!
#118200
0!
b00011001 #
#118205
1!
#118210
0!
b00011010 #
#118215
1!
#118220
0!
b00011011 #
#118225
1!
#118230
0!
b00011100 #
#118235
1!
#118240
0!
b00011101 #
#118245
1!
#118250
0!
b00011110 #
#118255
1!
#118260
0!
b00011111 #
#118265
1!
#118270
0!
b00100000 #
#118275
1!
#118280
0!
b00100001 #
#118285
1!
#118290
0!
b00100010 #
#118295
1!
#118300
0!
b00100011 #
#118305
1!
#118310
0!
b00100100 #
#118315
1!
#118320
0!
b00100101 #
#118325
1!
#118330
0!
b00100110 #
#118335
1!
#118340
0!
b00100111 #
#118345
1!
#118350
0!
b00101000 #
#118355
1!
#118360
0!
b00101001 #
#118365
1!
#118370
0!
b00101010 #
#118375
1!
#118380
0!
b00101011 #
#118385
1!
#118390
0!
b00101100 #
#118395
1!
#118400
0!
b00101101 #
#118405
1!
#118410
0!
b00101110 #
#118415
1!
#118420
0!
b00101111 #
#118425
1!
#118430
0!
b00110000 #
#118435
1!
#118440
0!
b00110001 #
#118445
1!
#118450
0!
b00110010 #
#118455
1!
#118460
0!
b00110011 #
#118465
1!
#118470
0!
b00110100 #
#118475
1!
#118480
0!
b00110101 #
#118485
1!
#118490
0!
b00110110 #
#118495
1!
#118500
0!
b00110111 #
#118505
1!
#118510
0!
b00111000 #
#118515
1!
#118520
0!
b00111001 #
#118525
1!
#118530
0!
b00111010 #
#118535
1!
#118540
0!
b00111011 #
#118545
1!
#118550
0!
b00111100 #
#118555
1!
#118560
0!
b00111101 #
#118565
1!
#118570
0!
b00111110 #
#118575
1!
#118580
0!
b00111111 #
#118585
1!
#118590
0!
b01000000 #
#118595
1!
#118600
0!
b01000001 #
#118605
1!
#118610
0!
b01000010 #
#118615
1!
#118620
0!
b01000011 #
#118625
1!
#118630
0!
b01000100 #
#118635
1!
#118640
0!
b01000101 #
#118645
1!
#118650
0!
b01000110 #
#118655
1!
#118660
0!
b01000111 #
#118665
1!
#118670
0!
b01001000 #
#118675
1!
#118680
0!
b01001001 #
#118685
1!
#118690
0!
b01001010 #
#118695
1!
#118700
0!
b01001011 #
#118705
1!
#118710
0!
b01001100 #
#118715
1!
#118720
0!
b01001101 #
#118725
1!
#118730
0!
b01001110 #
#118735
1!
#118740
0!
b01001111 #
#118745
1!
#118750
0!
b01010000 #
#118755
1!
#118760
0!
b01010001 #
#118765
1!
#118770
0!
b01010010 #
#118775
1!
#118780
0!
b01010011 #
#118785
1!
#118790
0!
b01010100 #
#118795
1!
#118800
0!
b01010101 #
#118805
1!
#118810
0!
b01010110 #
#118815
1!
#118820
0!
b01010111 #
#118825
1!
#118830
0!
b01011000 #
#118835
1!
#118840
0!
b01011001 #
#118845
1!
#118850
0!
b01011010 #
#118855
1!
#118860
0!
b01011011 #
#118865
1!
#118870
0!
b01011100 #
#118875
1!
#118880
0!
b01011101 #
#118885
1!
#118890
0!
b01011110 #
#118895
1!
#118900
0!
b01011111 #
#118905
1!
#118910
0!
b01100000 #
#118915
1!
#118920
0!
b01100001 #
#118925
1!
#118930
0!
b01100010 #
#118935
1!
#118940
0!
b01100011 #
#118945
1!
#118950
0!
b01100100 #
#118955
1!
#118960
0!
b01100101 #
#118965
1!
#118970
0!
b01100110 #
#118975
1!
#118980
0!
b01100111 #
#118985
1!
#118990
0!
b01101000 #
#118995
1!
#119000
0!
b01101001 #
#119005
1!
#119010
0!
b01101010 #
#119015
1!
#119020
0!
b01101011 #
#119025
1!
#119030
0!
b01101100 #
#119035
1!
#119040
0!
b01101101 #
#119045
1!
#119050
0!
b01101110 #
#119055
1!
#119060
0!
b01101111 #
#119065
1!
#119070
0!
b01110000 #
#119075
1!
#119080
0!
b01110001 #
#119085
1!
#119090
0!
b01110010 #
#119095
1!
#119100
0!
b01110011 #
#119105
1!
#119110
0!
b01110100 #
#119115
1!
#119120
0!
b01110101 #
#119125
1!
#119130
0!
b01110110 #
#119135
1!
#119140
0!
b01110111 #
#119145
1!
#119150
0!
b01111000 #
#119155
1!
#119160
0!
b01111001 #
#119165
1!
#119170
0!
b01111010 #
#119175
1!
#119180
0!
b01111011 #
#119185
1!
#119190
0!
b01111100 #
#119195
1!
#119200
0!
b01111101 #
#119205
1!
#119210
0!
b01111110 #
#119215
1!
#119220
0!
b01111111 #
#119225
1!
#119230
0!
b10000000 #
#119235
1!
#119240
0!
b10000001 #
#119245
1!
#119250
0!
b10000010 #
#119255
1!
#119260
0!
b10000011 #
#119265
1!
#119270
0!
b10000100 #
#119275
1!
#119280
0!
b10000101 #
#119285
1!
#119290
0!
b10000110 #
#119295
1!
#119300
0!
b10000111 #
#119305
1!
#119310
0!
b10001000 #
#119315
1!
#119320
0!
b10001001 #
#119325
1!
#119330
0!
b10001010 #
#119335
1!
#119340
0!
b10001011 #
#119345
1!
#119350
0!
b10001100 #
#119355
1!
#119360
0!
b10001101 #
#119365
1!
#119370
0!
b10001110 #
#119375
1!
#119380
0!
b10001111 #
#119385
1!
#119390
0!
b10010000 #
#119395
1!
#119400
0!
b10010001 #
#119405
1!
#119410
0!
b10010010 #
#119415
1!
#119420
0!
b10010011 #
#119425
1!
#119430
0!
b10010100 #
#119435
1!
#119440
0!
b10010101 #
#119445
1!
#119450
0!
b10010110 #
#119455
1!
#119460
0!
b10010111 #
#119465
1!
#119470
0!
b10011000 #
#119475
1!
#119480
0!
b10011001 #
#119485
1!
#119490
0!
b10011010 #
#119495
1!
#119500
0!
b10011011 #
#119505
1!
#119510
0!
b10011100 #
#119515
1!
#119520
0!
b10011101 #
#119525
1!
#119530
0!
b10011110 #
#119535
1!
#119540
0!
b10011111 #
#119545
1!
#119550
0!
b10100000 #
#119555
1!
#119560
0!
b10100001 #
#119565
1!
#119570
0!
b10100010 #
#119575
1!
#119580
0!
b10100011 #
#119585
1!
#119590
0!
b10100100 #
#119595
1!
#119600
0!
b10100101 #
#119605
1!
#119610
0!
b10100110 #
#119615
1!
#119620
0!
b10100111 #
#119625
1!
#119630
0!
b10101000 #
#119635
1!
#119640
0!
b10101001 #
#119645
1!
#119650
0!
b10101010 #
#119655
1!
#119660
0!
b10101011 #
#119665
1!
#119670
0!
b10101100 #
#119675
1!
#119680
0!
b10101101 #
#119685
1!
#119690
0!
b10101110 #
#119695
1!
#119700
0!
b10101111 #
#119705
1!
#119710
0!
b10110000 #
#119715
1!
#119720
0!
b10110001 #
#119725
1!
#119730
0!
b10110010 #
#119735
1!
#119740
0!
b10110011 #
#119745
1!
#119750
0!
b10110100 #
#119755
1!
#119760
0!
b10110101 #
#119765
1!
#119770
0!
b10110110 #
#119775
1!
#119780
0!
b10110111 #
#119785
1!
#119790
0!
b10111000 #
#119795
1!
#119800
0!
b10111001 #
#119805
1!
#119810
0!
b10111010 #
#119815
1!
#119820
0!
b10111011 #
#119825
1!
#119830
0!
b10111100 #
#119835
1!
#119840
0!
b10111101 #
#119845
1!
#119850
0!
b10111110 #
#119855
1!
#119860
0!
b10111111 #
#119865
1!
#119870
0!
b11000000 #
#119875
1!
#119880
0!
b11000001 #
#119885
1!
#119890
0!
b11000010 #
#119895
1!
#119900
0!
b11000011 #
#119905
1!
#119910
0!
b11000100 #
#119915
1!
#119920
0!
b11000101 #
#119925
1!
#119930
0!
b11000110 #
#119935
1!
#119940
0!
b11000111 #
#119945
1!
#119950
0!
b11001000 #
#119955
1!
#119960
0!
b11001001 #
#119965
1!
#119970
0!
b11001010 #
#119975
1!
#119980
0!
b11001011 #
#119985
1!
#119990
0!
b11001100 #
#119995
1!
#120000
0!
b11001101 #
0(
#120005
1!
#120010
0!
b11001110 #
#120015
1!
#120020
0!
b11001111 #
#120025
1!
#120030
0!
b11010000 #
#120035
1!
#120040
0!
b11010001 #
#120045
1!
#120050
0!
b11010010 #
#120055
1!
#120060
0!
b11010011 #
#120065
1!
#120070
0!
b11010100 #
#120075
1!
#120080
0!
b11010101 #
#120085
1!
#120090
0!
b11010110 #
#120095
1!
#120100
0!
b11010111 #
#120105
1!
#120110
0!
b11011000 #
#120115
1!
#120120
0!
b11011001 #
#120125
1!
#120130
0!
b11011010 #
#120135
1!
#120140
0!
b11011011 #
#120145
1!
#120150
0!
b11011100 #
#120155
1!
#120160
0!
b11011101 #
#120165
1!
#120170
0!
b11011110 #
#120175
1!
#120180
0!
b11011111 #
#120185
1!
#120190
0!
b11100000 #
#120195
1!
#120200
0!
b11100001 #
#120205
1!
#120210
0!
b11100010 #
#120215
1!
#120220
0!
b11100011 #
#120225
1!
#120230
0!
b11100100 #
#120235
1!
#120240
0!
b11100101 #
#120245
1!
#120250
0!
b11100110 #
#120255
1!
#120260
0!
b11100111 #
#120265
1!
#120270
0!
b11101000 #
#120275
1!
#120280
0!
b11101001 #
#120285
1!
#120290
0!
b11101010 #
#120295
1!
#120300
0!
b11101011 #
#120305
1!
#120310
0!
b11101100 #
#120315
1!
#120320
0!
b11101101 #
#120325
1!
#120330
0!
b11101110 #
#120335
1!
#120340
0!
b11101111 #
#120345
1!
#120350
0!
b11110000 #
#120355
1!
#120360
0!
b11110001 #
#120365
1!
#120370
0!
b11110010 #
#120375
1!
#120380
0!
b11110011 #
#120385
1!
#120390
0!
b11110100 #
#120395
1!
#120400
0!
b11110101 #
#120405
1!
#120410
0!
b11110110 #
#120415
1!
#120420
0!
b11110111 #
#120425
1!
#120430
0!
b11111000 #
#120435
1!
#120440
0!
b11111001 #
#120445
1!
#120450
0!
b11111010 #
#120455
1!
#120460
0!
b11111011 #
#120465
1!
#120470
0!
b11111100 #
#120475
1!
#120480
0!
b11111101 #
#120485
1!
#120490
0!
b11111110 #
#120495
1!
#120500
0!
b11111111 #
#120505
1!
#120510
0!
b00000000 #
#120515
1!
#120520
0!
b00000001 #
#120525
1!
#120530
0!
b00000010 #
#120535
1!
#120540
0!
b00000011 #
#120545
1!
#120550
0!
b00000100 #
#120555
1!
#120560
0!
b00000101 #
#120565
1!
#120570
0!
b00000110 #
#120575
1!
#120580
0!
b00000111 #
#120585
1!
#120590
0!
b00001000 #
#120595
1!
#120600
0!
b00001001 #
#120605
1!
#120610
0!
b00001010 #
#120615
1!
#120620
0!
b00001011 #
#120625
1!
#120630
0!
b00001100 #
#120635
1!
#120640
0!
b00001101 #
#120645
1!
#120650
0!
b00001110 #
#120655
1!
#120660
0!
b00001111 #
#120665
1!
#120670
0!
b00010000 #
#120675
1!
#120680
0!
b00010001 #
#120685
1!
#120690
0!
b00010010 #
#120695
1!
#120700
0!
b00010011 #
#120705
1!
#120710
0!
b00010100 #
#120715
1!
#120720
0!
b00010101 #
#120725
1!
#120730
0!
b00010110 #
#120735
1!
#120740
0!
b00010111 #
#120745
1!
#120750
0!
b00011000 #
#120755
1!
#120760
0!
b00011001 #
#120765
1!
#120770
0!
b00011010 #
#120775
1!
#120780
0!
b00011011 #
#120785
1!
#120790
0!
b00011100 #
#120795
1!
#120800
0!
b00011101 #
#120805
1!
#120810
0!
b00011110 #
#120815
1!
#120820
0!
b00011111 #
#120825
1!
#120830
0!
b00100000 #
#120835
1!
#120840
0!
b00100001 #
#120845
1!
#120850
0!
b00100010 #
#120855
1!
#120860
0!
b00100011 #
#120865
1!
#120870
0!
b00100100 #
#120875
1!
#120880
0!
b00100101 #
#120885
1!
#120890
0!
b00100110 #
#120895
1!
#120900
0!
b00100111 #
#120905
1!
#120910
0!
b00101000 #
#120915
1!
#120920
0!
b00101001 #
#120925
1!
#120930
0!
b00101010 #
#120935
1!
#120940
0!
b00101011 #
#120945
1!
#120950
0!
b00101100 #
#120955
1!
#120960
0!
b00101101 #
#120965
1!
#120970
0!
b00101110 #
#120975
1!
#120980
0!
b00101111 #
#120985
1!
#120990
0!
b00110000 #
#120995
1!
#121000
0!
b00110001 #
1(
#121005
1!
#121010
0!
b00110010 #
#121015
1!
#121020
0!
b00110011 #
#121025
1!
#121030
0!
b00110100 #
#121035
1!
#121040
0!
b00110101 #
#121045
1!
#121050
0!
b00110110 #
#121055
1!
#121060
0!
b00110111 #
#121065
1!
#121070
0!
b00111000 #
#121075
1!
#121080
0!
b00111001 #
#121085
1!
#121090
0!
b00111010 #
#121095
1!
#121100
0!
b00111011 #
#121105
1!
#121110
0!
b00111100 #
#121115
1!
#121120
0!
b00111101 #
#121125
1!
#121130
0!
b00111110 #
#121135
1!
#121140
0!
b00111111 #
#121145
1!
#121150
0!
b01000000 #
#121155
1!
#121160
0!
b01000001 #
#121165
1!
#121170
0!
b01000010 #
#121175
1!
#121180
0!
b01000011 #
#121185
1!
#121190
0!
b01000100 #
#121195
1!
#121200
0!
b01000101 #
#121205
1!
#121210
0!
b01000110 #
#121215
1!
#121220
0!
b01000111 #
#121225
1!
#121230
0!
b01001000 #
#121235
1!
#121240
0!
b01001001 #
#121245
1!
#121250
0!
b01001010 #
#121255
1!
#121260
0!
b01001011 #
#121265
1!
#121270
0!
b01001100 #
#121275
1!
#121280
0!
b01001101 #
#121285
1!
#121290
0!
b01001110 #
#121295
1!
#121300
0!
b01001111 #
#121305
1!
#121310
0!
b01010000 #
#121315
1!
#121320
0!
b01010001 #
#121325
1!
#121330
0!
b01010010 #
#121335
1!
#121340
0!
b01010011 #
#121345
1!
#121350
0!
b01010100 #
#121355
1!
#121360
0!
b01010101 #
#121365
1!
#121370
0!
b01010110 #
#121375
1!
#121380
0!
b01010111 #
#121385
1!
#121390
0!
b01011000 #
#121395
1!
#121400
0!
b01011001 #
#121405
1!
#121410
0!
b01011010 #
#121415
1!
#121420
0!
b01011011 #
#121425
1!
#121430
0!
b01011100 #
#121435
1!
#121440
0!
b01011101 #
#121445
1!
#121450
0!
b01011110 #
#121455
1!
#121460
0!
b01011111 #
#121465
1!
#121470
0!
b01100000 #
#121475
1!
#121480
0!
b01100001 #
#121485
1!
#121490
0!
b01100010 #
#121495
1!
#121500
0!
b01100011 #
#121505
1!
#121510
0!
b01100100 #
#121515
1!
#121520
0!
b01100101 #
#121525
1!
#121530
0!
b01100110 #
#121535
1!
#121540
0!
b01100111 #
#121545
1!
#121550
0!
b01101000 #
#121555
1!
#121560
0!
b01101001 #
#121565
1!
#121570
0!
b01101010 #
#121575
1!
#121580
0!
b01101011 #
#121585
1!
#121590
0!
b01101100 #
#121595
1!
#121600
0!
b01101101 #
#121605
1!
#121610
0!
b01101110 #
#121615
1!
#121620
0!
b01101111 #
#121625
1!
#121630
0!
b01110000 #
#121635
1!
#121640
0!
b01110001 #
#121645
1!
#121650
0!
b01110010 #
#121655
1!
#121660
0!
b01110011 #
#121665
1!
#121670
0!
b01110100 #
#121675
1!
#121680
0!
b01110101 #
#121685
1!
#121690
0!
b01110110 #
#121695
1!
#121700
0!
b01110111 #
#121705
1!
#121710
0!
b01111000 #
#121715
1!
#121720
0!
b01111001 #
#121725
1!
#121730
0!
b01111010 #
#121735
1!
#121740
0!
b01111011 #
#121745
1!
#121750
0!
b01111100 #
#121755
1!
#121760
0!
b01111101 #
#121765
1!
#121770
0!
b01111110 #
#121775
1!
#121780
0!
b01111111 #
#121785
1!
#121790
0!
b10000000 #
#121795
1!
#121800
0!
b10000001 #
#121805
1!
#121810
0!
b10000010 #
#121815
1!
#121820
0!
b10000011 #
#121825
1!
#121830
0!
b10000100 #
#121835
1!
#121840
0!
b10000101 #
#121845
1!
#121850
0!
b10000110 #
#121855
1!
#121860
0!
b10000111 #
#121865
1!
#121870
0!
b10001000 #
#121875
1!
#121880
0!
b10001001 #
#121885
1!
#121890
0!
b10001010 #
#121895
1!
#121900
0!
b10001011 #
#121905
1!
#121910
0!
b10001100 #
#121915
1!
#121920
0!
b10001101 #
#121925
1!
#121930
0!
b10001110 #
#121935
1!
#121940
0!
b10001111 #
#121945
1!
#121950
0!
b10010000 #
#121955
1!
#121960
0!
b10010001 #
#121965
1!
#121970
0!
b10010010 #
#121975
1!
#121980
0!
b10010011 #
#121985
1!
#121990
0!
b10010100 #
#121995
1!
#122000
0!
b10010101 #
0(
#122005
1!
#122010
0!
b10010110 #
#122015
1!
#122020
0!
b10010111 #
#122025
1!
#122030
0!
b10011000 #
#122035
1!
#122040
0!
b10011001 #
#122045
1!
#122050
0!
b10011010 #
#122055
1!
#122060
0!
b10011011 #
#122065
1!
#122070
0!
b10011100 #
#122075
1!
#122080
0!
b10011101 #
#122085
1!
#122090
0!
b10011110 #
#122095
1!
#122100
0!
b10011111 #
#122105
1!
#122110
0!
b10100000 #
#122115
1!
#122120
0!
b10100001 #
#122125
1!
#122130
0!
b10100010 #
#122135
1!
#122140
0!
b10100011 #
#122145
1!
#122150
0!
b10100100 #
#122155
1!
#122160
0!
b10100101 #
#122165
1!
#122170
0!
b10100110 #
#122175
1!
#122180
0!
b10100111 #
#122185
1!
#122190
0!
b10101000 #
#122195
1!
#122200
0!
b10101001 #
#122205
1!
#122210
0!
b10101010 #
#122215
1!
#122220
0!
b10101011 #
#122225
1!
#122230
0!
b10101100 #
#122235
1!
#122240
0!
b10101101 #
#122245
1!
#122250
0!
b10101110 #
#122255
1!
#122260
0!
b10101111 #
#122265
1!
#122270
0!
b10110000 #
#122275
1!
#122280
0!
b10110001 #
#122285
1!
#122290
0!
b10110010 #
#122295
1!
#122300
0!
b10110011 #
#122305
1!
#122310
0!
b10110100 #
#122315
1!
#122320
0!
b10110101 #
#122325
1!
#122330
0!
b10110110 #
#122335
1!
#122340
0!
b10110111 #
#122345
1!
#122350
0!
b10111000 #
#122355
1!
#122360
0!
b10111001 #
#122365
1!
#122370
0!
b10111010 #
#122375
1!
#122380
0!
b10111011 #
#122385
1!
#122390
0!
b10111100 #
#122395
1!
#122400
0!
b10111101 #
#122405
1!
#122410
0!
b10111110 #
#122415
1!
#122420
0!
b10111111 #
#122425
1!
#122430
0!
b11000000 #
#122435
1!
#122440
0!
b11000001 #
#122445
1!
#122450
0!
b11000010 #
#122455
1!
#122460
0!
b11000011 #
#122465
1!
#122470
0!
b11000100 #
#122475
1!
#122480
0!
b11000101 #
#122485
1!
#122490
0!
b11000110 #
#122495
1!
#122500
0!
b11000111 #
#122505
1!
#122510
0!
b11001000 #
#122515
1!
#122520
0!
b11001001 #
#122525
1!
#122530
0!
b11001010 #
#122535
1!
#122540
0!
b11001011 #
#122545
1!
#122550
0!
b11001100 #
#122555
1!
#122560
0!
b11001101 #
#122565
1!
#122570
0!
b11001110 #
#122575
1!
#122580
0!
b11001111 #
#122585
1!
#122590
0!
b11010000 #
#122595
1!
#122600
0!
b11010001 #
#122605
1!
#122610
0!
b11010010 #
#122615
1!
#122620
0!
b11010011 #
#122625
1!
#122630
0!
b11010100 #
#122635
1!
#122640
0!
b11010101 #
#122645
1!
#122650
0!
b11010110 #
#122655
1!
#122660
0!
b11010111 #
#122665
1!
#122670
0!
b11011000 #
#122675
1!
#122680
0!
b11011001 #
#122685
1!
#122690
0!
b11011010 #
#122695
1!
#122700
0!
b11011011 #
#122705
1!
#122710
0!
b11011100 #
#122715
1!
#122720
0!
b11011101 #
#122725
1!
#122730
0!
b11011110 #
#122735
1!
#122740
0!
b11011111 #
#122745
1!
#122750
0!
b11100000 #
#122755
1!
#122760
0!
b11100001 #
#122765
1!
#122770
0!
b11100010 #
#122775
1!
#122780
0!
b11100011 #
#122785
1!
#122790
0!
b11100100 #
#122795
1!
#122800
0!
b11100101 #
#122805
1!
#122810
0!
b11100110 #
#122815
1!
#122820
0!
b11100111 #
#122825
1!
#122830
0!
b11101000 #
#122835
1!
#122840
0!
b11101001 #
#122845
1!
#122850
0!
b11101010 #
#122855
1!
#122860
0!
b11101011 #
#122865
1!
#122870
0!
b11101100 #
#122875
1!
#122880
0!
b11101101 #
#122885
1!
#122890
0!
b11101110 #
#122895
1!
#122900
0!
b11101111 #
#122905
1!
#122910
0!
b11110000 #
#122915
1!
#122920
0!
b11110001 #
#122925
1!
#122930
0!
b11110010 #
#122935
1!
#122940
0!
b11110011 #
#122945
1!
#122950
0!
b11110100 #
#122955
1!
#122960
0!
b11110101 #
#122965
1!
#122970
0!
b11110110 #
#122975
1!
#122980
0!
b11110111 #
#122985
1!
#122990
0!
b11111000 #
#122995
1!
#123000
0!
b11111001 #
0(
#123005
1!
#123010
0!
b11111010 #
#123015
1!
#123020
0!
b11111011 #
#123025
1!
#123030
0!
b11111100 #
#123035
1!
#123040
0!
b11111101 #
#123045
1!
#123050
0!
b11111110 #
#123055
1!
#123060
0!
b11111111 #
#123065
1!
#123070
0!
b00000000 #
#123075
1!
#123080
0!
b00000001 #
#123085
1!
#123090
0!
b00000010 #
#123095
1!
#123100
0!
b00000011 #
#123105
1!
#123110
0!
b00000100 #
#123115
1!
#123120
0!
b00000101 #
#123125
1!
#123130
0!
b00000110 #
#123135
1!
#123140
0!
b00000111 #
#123145
1!
#123150
0!
b00001000 #
#123155
1!
#123160
0!
b00001001 #
#123165
1!
#123170
0!
b00001010 #
#123175
1!
#123180
0!
b00001011 #
#123185
1!
#123190
0!
b00001100 #
#123195
1!
#123200
0!
b00001101 #
#123205
1!
#123210
0!
b00001110 #
#123215
1!
#123220
0!
b00001111 #
#123225
1!
#123230
0!
b00010000 #
#123235
1!
#123240
0!
b00010001 #
#123245
1!
#123250
0!
b00010010 #
#123255
1!
#123260
0!
b00010011 #
#123265
1!
#123270
0!
b00010100 #
#123275
1!
#123280
0!
b00010101 #
#123285
1!
#123290
0!
b00010110 #
#123295
1!
#123300
0!
b00010111 #
#123305
1!
#123310
0!
b00011000 #
#123315
1!
#123320
0!
b00011001 #
#123325
1!
#123330
0!
b00011010 #
#123335
1!
#123340
0!
b00011011 #
#123345
1!
#123350
0!
b00011100 #
#123355
1!
#123360
0!
b00011101 #
#123365
1!
#123370
0!
b00011110 #
#123375
1!
#123380
0!
b00011111 #
#123385
1!
#123390
0!
b00100000 #
#123395
1!
#123400
0!
b00100001 #
#123405
1!
#123410
0!
b00100010 #
#123415
1!
#123420
0!
b00100011 #
#123425
1!
#123430
0!
b00100100 #
#123435
1!
#123440
0!
b00100101 #
#123445
1!
#123450
0!
b00100110 #
#123455
1!
#123460
0!
b00100111 #
#123465
1!
#123470
0!
b00101000 #
#123475
1!
#123480
0!
b00101001 #
#123485
1!
#123490
0!
b00101010 #
#123495
1!
#123500
0!
b00101011 #
#123505
1!
#123510
0!
b00101100 #
#123515
1!
#123520
0!
b00101101 #
#123525
1!
#123530
0!
b00101110 #
#123535
1!
#123540
0!
b00101111 #
#123545
1!
#123550
0!
b00110000 #
#123555
1!
#123560
0!
b00110001 #
#123565
1!
#123570
0!
b00110010 #
#123575
1!
#123580
0!
b00110011 #
#123585
1!
#123590
0!
b00110100 #
#123595
1!
#123600
0!
b00110101 #
#123605
1!
#123610
0!
b00110110 #
#123615
1!
#123620
0!
b00110111 #
#123625
1!
#123630
0!
b00111000 #
#123635
1!
#123640
0!
b00111001 #
#123645
1!
#123650
0!
b00111010 #
#123655
1!
#123660
0!
b00111011 #
#123665
1!
#123670
0!
b00111100 #
#123675
1!
#123680
0!
b00111101 #
#123685
1!
#123690
0!
b00111110 #
#123695
1!
#123700
0!
b00111111 #
#123705
1!
#123710
0!
b01000000 #
#123715
1!
#123720
0!
b01000001 #
#123725
1!
#123730
0!
b01000010 #
#123735
1!
#123740
0!
b01000011 #
#123745
1!
#123750
0!
b01000100 #
#123755
1!
#123760
0!
b01000101 #
#123765
1!
#123770
0!
b01000110 #
#123775
1!
#123780
0!
b01000111 #
#123785
1!
#123790
0!
b01001000 #
#123795
1!
#123800
0!
b01001001 #
#123805
1!
#123810
0!
b01001010 #
#123815
1!
#123820
0!
b01001011 #
#123825
1!
#123830
0!
b01001100 #
#123835
1!
#123840
0!
b01001101 #
#123845
1!
#123850
0!
b01001110 #
#123855
1!
#123860
0!
b01001111 #
#123865
1!
#123870
0!
b01010000 #
#123875
1!
#123880
0!
b01010001 #
#123885
1!
#123890
0!
b01010010 #
#123895
1!
#123900
0!
b01010011 #
#123905
1!
#123910
0!
b01010100 #
#123915
1!
#123920
0!
b01010101 #
#123925
1!
#123930
0!
b01010110 #
#123935
1!
#123940
0!
b01010111 #
#123945
1!
#123950
0!
b01011000 #
#123955
1!
#123960
0!
b01011001 #
#123965
1!
#123970
0!
b01011010 #
#123975
1!
#123980
0!
b01011011 #
#123985
1!
#123990
0!
b01011100 #
#123995
1!
#124000
0!
b01011101 #
0(
#124005
1!
#124010
0!
b01011110 #
#124015
1!
#124020
0!
b01011111 #
#124025
1!
#124030
0!
b01100000 #
#124035
1!
#124040
0!
b01100001 #
#124045
1!
#124050
0!
b01100010 #
#124055
1!
#124060
0!
b01100011 #
#124065
1!
#124070
0!
b01100100 #
#124075
1!
#124080
0!
b01100101 #
#124085
1!
#124090
0!
b01100110 #
#124095
1!
#124100
0!
b01100111 #
#124105
1!
#124110
0!
b01101000 #
#124115
1!
#124120
0!
b01101001 #
#124125
1!
#124130
0!
b01101010 #
#124135
1!
#124140
0!
b01101011 #
#124145
1!
#124150
0!
b01101100 #
#124155
1!
#124160
0!
b01101101 #
#124165
1!
#124170
0!
b01101110 #
#124175
1!
#124180
0!
b01101111 #
#124185
1!
#124190
0!
b01110000 #
#124195
1!
#124200
0!
b01110001 #
#124205
1!
#124210
0!
b01110010 #
#124215
1!
#124220
0!
b01110011 #
#124225
1!
#124230
0!
b01110100 #
#124235
1!
#124240
0!
b01110101 #
#124245
1!
#124250
0!
b01110110 #
#124255
1!
#124260
0!
b01110111 #
#124265
1!
#124270
0!
b01111000 #
#124275
1!
#124280
0!
b01111001 #
#124285
1!
#124290
0!
b01111010 #
#124295
1!
#124300
0!
b01111011 #
#124305
1!
#124310
0!
b01111100 #
#124315
1!
#124320
0!
b01111101 #
#124325
1!
#124330
0!
b01111110 #
#124335
1!
#124340
0!
b01111111 #
#124345
1!
#124350
0!
b10000000 #
#124355
1!
#124360
0!
b10000001 #
#124365
1!
#124370
0!
b10000010 #
#124375
1!
#124380
0!
b10000011 #
#124385
1!
#124390
0!
b10000100 #
#124395
1!
#124400
0!
b10000101 #
#124405
1!
#124410
0!
b10000110 #
#124415
1!
#124420
0!
b10000111 #
#124425
1!
#124430
0!
b10001000 #
#124435
1!
#124440
0!
b10001001 #
#124445
1!
#124450
0!
b10001010 #
#124455
1!
#124460
0!
b10001011 #
#124465
1!
#124470
0!
b10001100 #
#124475
1!
#124480
0!
b10001101 #
#124485
1!
#124490
0!
b10001110 #
#124495
1!
#124500
0!
b10001111 #
#124505
1!
#124510
0!
b10010000 #
#124515
1!
#124520
0!
b10010001 #
#124525
1!
#124530
0!
b10010010 #
#124535
1!
#124540
0!
b10010011 #
#124545
1!
#124550
0!
b10010100 #
#124555
1!
#124560
0!
b10010101 #
#124565
1!
#124570
0!
b10010110 #
#124575
1!
#124580
0!
b10010111 #
#124585
1!
#124590
0!
b10011000 #
#124595
1!
#124600
0!
b10011001 #
#124605
1!
#124610
0!
b10011010 #
#124615
1!
#124620
0!
b10011011 #
#124625
1!
#124630
0!
b10011100 #
#124635
1!
#124640
0!
b10011101 #
#124645
1!
#124650
0!
b10011110 #
#124655
1!
#124660
0!
b10011111 #
#124665
1!
#124670
0!
b10100000 #
#124675
1!
#124680
0!
b10100001 #
#124685
1!
#124690
0!
b10100010 #
#124695
1!
#124700
0!
b10100011 #
#124705
1!
#124710
0!
b10100100 #
#124715
1!
#124720
0!
b10100101 #
#124725
1!
#124730
0!
b10100110 #
#124735
1!
#124740
0!
b10100111 #
#124745
1!
#124750
0!
b10101000 #
#124755
1!
#124760
0!
b10101001 #
#124765
1!
#124770
0!
b10101010 #
#124775
1!
#124780
0!
b10101011 #
#124785
1!
#124790
0!
b10101100 #
#124795
1!
#124800
0!
b10101101 #
#124805
1!
#124810
0!
b10101110 #
#124815
1!
#124820
0!
b10101111 #
#124825
1!
#124830
0!
b10110000 #
#124835
1!
#124840
0!
b10110001 #
#124845
1!
#124850
0!
b10110010 #
#124855
1!
#124860
0!
b10110011 #
#124865
1!
#124870
0!
b10110100 #
#124875
1!
#124880
0!
b10110101 #
#124885
1!
#124890
0!
b10110110 #
#124895
1!
#124900
0!
b10110111 #
#124905
1!
#124910
0!
b10111000 #
#124915
1!
#124920
0!
b10111001 #
#124925
1!
#124930
0!
b10111010 #
#124935
1!
#124940
0!
b10111011 #
#124945
1!
#124950
0!
b10111100 #
#124955
1!
#124960
0!
b10111101 #
#124965
1!
#124970
0!
b10111110 #
#124975
1!
#124980
0!
b10111111 #
#124985
1!
#124990
0!
b11000000 #
#124995
1!
#125000
0!
b11000001 #
0(
#125005
1!
#125010
0!
b11000010 #
#125015
1!
#125020
0!
b11000011 #
#125025
1!
#125030
0!
b11000100 #
#125035
1!
#125040
0!
b11000101 #
#125045
1!
#125050
0!
b11000110 #
#125055
1!
#125060
0!
b11000111 #
#125065
1!
#125070
0!
b11001000 #
#125075
1!
#125080
0!
b11001001 #
#125085
1!
#125090
0!
b11001010 #
#125095
1!
#125100
0!
b11001011 #
#125105
1!
#125110
0!
b11001100 #
#125115
1!
#125120
0!
b11001101 #
#125125
1!
#125130
0!
b11001110 #
#125135
1!
#125140
0!
b11001111 #
#125145
1!
#125150
0!
b11010000 #
#125155
1!
#125160
0!
b11010001 #
#125165
1!
#125170
0!
b11010010 #
#125175
1!
#125180
0!
b11010011 #
#125185
1!
#125190
0!
b11010100 #
#125195
1!
#125200
0!
b11010101 #
#125205
1!
#125210
0!
b11010110 #
#125215
1!
#125220
0!
b11010111 #
#125225
1!
#125230
0!
b11011000 #
#125235
1!
#125240
0!
b11011001 #
#125245
1!
#125250
0!
b11011010 #
#125255
1!
#125260
0!
b11011011 #
#125265
1!
#125270
0!
b11011100 #
#125275
1!
#125280
0!
b11011101 #
#125285
1!
#125290
0!
b11011110 #
#125295
1!
#125300
0!
b11011111 #
#125305
1!
#125310
0!
b11100000 #
#125315
1!
#125320
0!
b11100001 #
#125325
1!
#125330
0!
b11100010 #
#125335
1!
#125340
0!
b11100011 #
#125345
1!
#125350
0!
b11100100 #
#125355
1!
#125360
0!
b11100101 #
#125365
1!
#125370
0!
b11100110 #
#125375
1!
#125380
0!
b11100111 #
#125385
1!
#125390
0!
b11101000 #
#125395
1!
#125400
0!
b11101001 #
#125405
1!
#125410
0!
b11101010 #
#125415
1!
#125420
0!
b11101011 #
#125425
1!
#125430
0!
b11101100 #
#125435
1!
#125440
0!
b11101101 #
#125445
1!
#125450
0!
b11101110 #
#125455
1!
#125460
0!
b11101111 #
#125465
1!
#125470
0!
b11110000 #
#125475
1!
#125480
0!
b11110001 #
#125485
1!
#125490
0!
b11110010 #
#125495
1!
#125500
0!
b11110011 #
#125505
1!
#125510
0!
b11110100 #
#125515
1!
#125520
0!
b11110101 #
#125525
1!
#125530
0!
b11110110 #
#125535
1!
#125540
0!
b11110111 #
#125545
1!
#125550
0!
b11111000 #
#125555
1!
#125560
0!
b11111001 #
#125565
1!
#125570
0!
b11111010 #
#125575
1!
#125580
0!
b11111011 #
#125585
1!
#125590
0!
b11111100 #
#125595
1!
#125600
0!
b11111101 #
#125605
1!
#125610
0!
b11111110 #
#125615
1!
#125620
0!
b11111111 #
#125625
1!
#125630
0!
b00000000 #
#125635
1!
#125640
0!
b00000001 #
#125645
1!
#125650
0!
b00000010 #
#125655
1!
#125660
0!
b00000011 #
#125665
1!
#125670
0!
b00000100 #
#125675
1!
#125680
0!
b00000101 #
#125685
1!
#125690
0!
b00000110 #
#125695
1!
#125700
0!
b00000111 #
#125705
1!
#125710
0!
b00001000 #
#125715
1!
#125720
0!
b00001001 #
#125725
1!
#125730
0!
b00001010 #
#125735
1!
#125740
0!
b00001011 #
#125745
1!
#125750
0!
b00001100 #
#125755
1!
#125760
0!
b00001101 #
#125765
1!
#125770
0!
b00001110 #
#125775
1!
#125780
0!
b00001111 #
#125785
1!
#125790
0!
b00010000 #
#125795
1!
#125800
0!
b00010001 #
#125805
1!
#125810
0!
b00010010 #
#125815
1!
#125820
0!
b00010011 #
#125825
1!
#125830
0!
b00010100 #
#125835
1!
#125840
0!
b00010101 #
#125845
1!
#125850
0!
b00010110 #
#125855
1!
#125860
0!
b00010111 #
#125865
1!
#125870
0!
b00011000 #
#125875
1!
#125880
0!
b00011001 #
#125885
1!
#125890
0!
b00011010 #
#125895
1!
#125900
0!
b00011011 #
#125905
1!
#125910
0!
b00011100 #
#125915
1!
#125920
0!
b00011101 #
#125925
1!
#125930
0!
b00011110 #
#125935
1!
#125940
0!
b00011111 #
#125945
1!
#125950
0!
b00100000 #
#125955
1!
#125960
0!
b00100001 #
#125965
1!
#125970
0!
b00100010 #
#125975
1!
#125980
0!
b00100011 #
#125985
1!
#125990
0!
b00100100 #
#125995
1!
#126000
0!
b00100101 #
1(
#126005
1!
#126010
0!
b00100110 #
#126015
1!
#126020
0!
b00100111 #
#126025
1!
#126030
0!
b00101000 #
#126035
1!
#126040
0!
b00101001 #
#126045
1!
#126050
0!
b00101010 #
#126055
1!
#126060
0!
b00101011 #
#126065
1!
#126070
0!
b00101100 #
#126075
1!
#126080
0!
b00101101 #
#126085
1!
#126090
0!
b00101110 #
#126095
1!
#126100
0!
b00101111 #
#126105
1!
#126110
0!
b00110000 #
#126115
1!
#126120
0!
b00110001 #
#126125
1!
#126130
0!
b00110010 #
#126135
1!
#126140
0!
b00110011 #
#126145
1!
#126150
0!
b00110100 #
#126155
1!
#126160
0!
b00110101 #
#126165
1!
#126170
0!
b00110110 #
#126175
1!
#126180
0!
b00110111 #
#126185
1!
#126190
0!
b00111000 #
#126195
1!
#126200
0!
b00111001 #
#126205
1!
#126210
0!
b00111010 #
#126215
1!
#126220
0!
b00111011 #
#126225
1!
#126230
0!
b00111100 #
#126235
1!
#126240
0!
b00111101 #
#126245
1!
#126250
0!
b00111110 #
#126255
1!
#126260
0!
b00111111 #
#126265
1!
#126270
0!
b01000000 #
#126275
1!
#126280
0!
b01000001 #
#126285
1!
#126290
0!
b01000010 #
#126295
1!
#126300
0!
b01000011 #
#126305
1!
#126310
0!
b01000100 #
#126315
1!
#126320
0!
b01000101 #
#126325
1!
#126330
0!
b01000110 #
#126335
1!
#126340
0!
b01000111 #
#126345
1!
#126350
0!
b01001000 #
#126355
1!
#126360
0!
b01001001 #
#126365
1!
#126370
0!
b01001010 #
#126375
1!
#126380
0!
b01001011 #
#126385
1!
#126390
0!
b01001100 #
#126395
1!
#126400
0!
b01001101 #
#126405
1!
#126410
0!
b01001110 #
#126415
1!
#126420
0!
b01001111 #
#126425
1!
#126430
0!
b01010000 #
#126435
1!
#126440
0!
b01010001 #
#126445
1!
#126450
0!
b01010010 #
#126455
1!
#126460
0!
b01010011 #
#126465
1!
#126470
0!
b01010100 #
#126475
1!
#126480
0!
b01010101 #
#126485
1!
#126490
0!
b01010110 #
#126495
1!
#126500
0!
b01010111 #
#126505
1!
#126510
0!
b01011000 #
#126515
1!
#126520
0!
b01011001 #
#126525
1!
#126530
0!
b01011010 #
#126535
1!
#126540
0!
b01011011 #
#126545
1!
#126550
0!
b01011100 #
#126555
1!
#126560
0!
b01011101 #
#126565
1!
#126570
0!
b01011110 #
#126575
1!
#126580
0!
b01011111 #
#126585
1!
#126590
0!
b01100000 #
#126595
1!
#126600
0!
b01100001 #
#126605
1!
#126610
0!
b01100010 #
#126615
1!
#126620
0!
b01100011 #
#126625
1!
#126630
0!
b01100100 #
#126635
1!
#126640
0!
b01100101 #
#126645
1!
#126650
0!
b01100110 #
#126655
1!
#126660
0!
b01100111 #
#126665
1!
#126670
0!
b01101000 #
#126675
1!
#126680
0!
b01101001 #
#126685
1!
#126690
0!
b01101010 #
#126695
1!
#126700
0!
b01101011 #
#126705
1!
#126710
0!
b01101100 #
#126715
1!
#126720
0!
b01101101 #
#126725
1!
#126730
0!
b01101110 #
#126735
1!
#126740
0!
b01101111 #
#126745
1!
#126750
0!
b01110000 #
#126755
1!
#126760
0!
b01110001 #
#126765
1!
#126770
0!
b01110010 #
#126775
1!
#126780
0!
b01110011 #
#126785
1!
#126790
0!
b01110100 #
#126795
1!
#126800
0!
b01110101 #
#126805
1!
#126810
0!
b01110110 #
#126815
1!
#126820
0!
b01110111 #
#126825
1!
#126830
0!
b01111000 #
#126835
1!
#126840
0!
b01111001 #
#126845
1!
#126850
0!
b01111010 #
#126855
1!
#126860
0!
b01111011 #
#126865
1!
#126870
0!
b01111100 #
#126875
1!
#126880
0!
b01111101 #
#126885
1!
#126890
0!
b01111110 #
#126895
1!
#126900
0!
b01111111 #
#126905
1!
#126910
0!
b10000000 #
#126915
1!
#126920
0!
b10000001 #
#126925
1!
#126930
0!
b10000010 #
#126935
1!
#126940
0!
b10000011 #
#126945
1!
#126950
0!
b10000100 #
#126955
1!
#126960
0!
b10000101 #
#126965
1!
#126970
0!
b10000110 #
#126975
1!
#126980
0!
b10000111 #
#126985
1!
#126990
0!
b10001000 #
#126995
1!
#127000
0!
b10001001 #
1(
#127005
1!
#127010
0!
b10001010 #
#127015
1!
#127020
0!
b10001011 #
#127025
1!
#127030
0!
b10001100 #
#127035
1!
#127040
0!
b10001101 #
#127045
1!
#127050
0!
b10001110 #
#127055
1!
#127060
0!
b10001111 #
#127065
1!
#127070
0!
b10010000 #
#127075
1!
#127080
0!
b10010001 #
#127085
1!
#127090
0!
b10010010 #
#127095
1!
#127100
0!
b10010011 #
#127105
1!
#127110
0!
b10010100 #
#127115
1!
#127120
0!
b10010101 #
#127125
1!
#127130
0!
b10010110 #
#127135
1!
#127140
0!
b10010111 #
#127145
1!
#127150
0!
b10011000 #
#127155
1!
#127160
0!
b10011001 #
#127165
1!
#127170
0!
b10011010 #
#127175
1!
#127180
0!
b10011011 #
#127185
1!
#127190
0!
b10011100 #
#127195
1!
#127200
0!
b10011101 #
#127205
1!
#127210
0!
b10011110 #
#127215
1!
#127220
0!
b10011111 #
#127225
1!
#127230
0!
b10100000 #
#127235
1!
#127240
0!
b10100001 #
#127245
1!
#127250
0!
b10100010 #
#127255
1!
#127260
0!
b10100011 #
#127265
1!
#127270
0!
b10100100 #
#127275
1!
#127280
0!
b10100101 #
#127285
1!
#127290
0!
b10100110 #
#127295
1!
#127300
0!
b10100111 #
#127305
1!
#127310
0!
b10101000 #
#127315
1!
#127320
0!
b10101001 #
#127325
1!
#127330
0!
b10101010 #
#127335
1!
#127340
0!
b10101011 #
#127345
1!
#127350
0!
b10101100 #
#127355
1!
#127360
0!
b10101101 #
#127365
1!
#127370
0!
b10101110 #
#127375
1!
#127380
0!
b10101111 #
#127385
1!
#127390
0!
b10110000 #
#127395
1!
#127400
0!
b10110001 #
#127405
1!
#127410
0!
b10110010 #
#127415
1!
#127420
0!
b10110011 #
#127425
1!
#127430
0!
b10110100 #
#127435
1!
#127440
0!
b10110101 #
#127445
1!
#127450
0!
b10110110 #
#127455
1!
#127460
0!
b10110111 #
#127465
1!
#127470
0!
b10111000 #
#127475
1!
#127480
0!
b10111001 #
#127485
1!
#127490
0!
b10111010 #
#127495
1!
#127500
0!
b10111011 #
#127505
1!
#127510
0!
b10111100 #
#127515
1!
#127520
0!
b10111101 #
#127525
1!
#127530
0!
b10111110 #
#127535
1!
#127540
0!
b10111111 #
#127545
1!
#127550
0!
b11000000 #
#127555
1!
#127560
0!
b11000001 #
#127565
1!
#127570
0!
b11000010 #
#127575
1!
#127580
0!
b11000011 #
#127585
1!
#127590
0!
b11000100 #
#127595
1!
#127600
0!
b11000101 #
#127605
1!
#127610
0!
b11000110 #
#127615
1!
#127620
0!
b11000111 #
#127625
1!
#127630
0!
b11001000 #
#127635
1!
#127640
0!
b11001001 #
#127645
1!
#127650
0!
b11001010 #
#127655
1!
#127660
0!
b11001011 #
#127665
1!
#127670
0!
b11001100 #
#127675
1!
#127680
0!
b11001101 #
#127685
1!
#127690
0!
b11001110 #
#127695
1!
#127700
0!
b11001111 #
#127705
1!
#127710
0!
b11010000 #
#127715
1!
#127720
0!
b11010001 #
#127725
1!
#127730
0!
b11010010 #
#127735
1!
#127740
0!
b11010011 #
#127745
1!
#127750
0!
b11010100 #
#127755
1!
#127760
0!
b11010101 #
#127765
1!
#127770
0!
b11010110 #
#127775
1!
#127780
0!
b11010111 #
#127785
1!
#127790
0!
b11011000 #
#127795
1!
#127800
0!
b11011001 #
#127805
1!
#127810
0!
b11011010 #
#127815
1!
#127820
0!
b11011011 #
#127825
1!
#127830
0!
b11011100 #
#127835
1!
#127840
0!
b11011101 #
#127845
1!
#127850
0!
b11011110 #
#127855
1!
#127860
0!
b11011111 #
#127865
1!
#127870
0!
b11100000 #
#127875
1!
#127880
0!
b11100001 #
#127885
1!
#127890
0!
b11100010 #
#127895
1!
#127900
0!
b11100011 #
#127905
1!
#127910
0!
b11100100 #
#127915
1!
#127920
0!
b11100101 #
#127925
1!
#127930
0!
b11100110 #
#127935
1!
#127940
0!
b11100111 #
#127945
1!
#127950
0!
b11101000 #
#127955
1!
#127960
0!
b11101001 #
#127965
1!
#127970
0!
b11101010 #
#127975
1!
#127980
0!
b11101011 #
#127985
1!
#127990
0!
b11101100 #
#127995
1!
#128000
0!
b11101101 #
0(
#128005
1!
#128010
0!
b11101110 #
#128015
1!
#128020
0!
b11101111 #
#128025
1!
#128030
0!
b11110000 #
#128035
1!
#128040
0!
b11110001 #
#128045
1!
#128050
0!
b11110010 #
#128055
1!
#128060
0!
b11110011 #
#128065
1!
#128070
0!
b11110100 #
#128075
1!
#128080
0!
b11110101 #
#128085
1!
#128090
0!
b11110110 #
#128095
1!
#128100
0!
b11110111 #
#128105
1!
#128110
0!
b11111000 #
#128115
1!
#128120
0!
b11111001 #
#128125
1!
#128130
0!
b11111010 #
#128135
1!
#128140
0!
b11111011 #
#128145
1!
#128150
0!
b11111100 #
#128155
1!
#128160
0!
b11111101 #
#128165
1!
#128170
0!
b11111110 #
#128175
1!
#128180
0!
b11111111 #
#128185
1!
#128190
0!
b00000000 #
#128195
1!
#128200
0!
b00000001 #
#128205
1!
#128210
0!
b00000010 #
#128215
1!
#128220
0!
b00000011 #
#128225
1!
#128230
0!
b00000100 #
#128235
1!
#128240
0!
b00000101 #
#128245
1!
#128250
0!
b00000110 #
#128255
1!
#128260
0!
b00000111 #
#128265
1!
#128270
0!
b00001000 #
#128275
1!
#128280
0!
b00001001 #
#128285
1!
#128290
0!
b00001010 #
#128295
1!
#128300
0!
b00001011 #
#128305
1!
#128310
0!
b00001100 #
#128315
1!
#128320
0!
b00001101 #
#128325
1!
#128330
0!
b00001110 #
#128335
1!
#128340
0!
b00001111 #
#128345
1!
#128350
0!
b00010000 #
#128355
1!
#128360
0!
b00010001 #
#128365
1!
#128370
0!
b00010010 #
#128375
1!
#128380
0!
b00010011 #
#128385
1!
#128390
0!
b00010100 #
#128395
1!
#128400
0!
b00010101 #
#128405
1!
#128410
0!
b00010110 #
#128415
1!
#128420
0!
b00010111 #
#128425
1!
#128430
0!
b00011000 #
#128435
1!
#128440
0!
b00011001 #
#128445
1!
#128450
0!
b00011010 #
#128455
1!
#128460
0!
b00011011 #
#128465
1!
#128470
0!
b00011100 #
#128475
1!
#128480
0!
b00011101 #
#128485
1!
#128490
0!
b00011110 #
#128495
1!
#128500
0!
b00011111 #
#128505
1!
#128510
0!
b00100000 #
#128515
1!
#128520
0!
b00100001 #
#128525
1!
#128530
0!
b00100010 #
#128535
1!
#128540
0!
b00100011 #
#128545
1!
#128550
0!
b00100100 #
#128555
1!
#128560
0!
b00100101 #
#128565
1!
#128570
0!
b00100110 #
#128575
1!
#128580
0!
b00100111 #
#128585
1!
#128590
0!
b00101000 #
#128595
1!
#128600
0!
b00101001 #
#128605
1!
#128610
0!
b00101010 #
#128615
1!
#128620
0!
b00101011 #
#128625
1!
#128630
0!
b00101100 #
#128635
1!
#128640
0!
b00101101 #
#128645
1!
#128650
0!
b00101110 #
#128655
1!
#128660
0!
b00101111 #
#128665
1!
#128670
0!
b00110000 #
#128675
1!
#128680
0!
b00110001 #
#128685
1!
#128690
0!
b00110010 #
#128695
1!
#128700
0!
b00110011 #
#128705
1!
#128710
0!
b00110100 #
#128715
1!
#128720
0!
b00110101 #
#128725
1!
#128730
0!
b00110110 #
#128735
1!
#128740
0!
b00110111 #
#128745
1!
#128750
0!
b00111000 #
#128755
1!
#128760
0!
b00111001 #
#128765
1!
#128770
0!
b00111010 #
#128775
1!
#128780
0!
b00111011 #
#128785
1!
#128790
0!
b00111100 #
#128795
1!
#128800
0!
b00111101 #
#128805
1!
#128810
0!
b00111110 #
#128815
1!
#128820
0!
b00111111 #
#128825
1!
#128830
0!
b01000000 #
#128835
1!
#128840
0!
b01000001 #
#128845
1!
#128850
0!
b01000010 #
#128855
1!
#128860
0!
b01000011 #
#128865
1!
#128870
0!
b01000100 #
#128875
1!
#128880
0!
b01000101 #
#128885
1!
#128890
0!
b01000110 #
#128895
1!
#128900
0!
b01000111 #
#128905
1!
#128910
0!
b01001000 #
#128915
1!
#128920
0!
b01001001 #
#128925
1!
#128930
0!
b01001010 #
#128935
1!
#128940
0!
b01001011 #
#128945
1!
#128950
0!
b01001100 #
#128955
1!
#128960
0!
b01001101 #
#128965
1!
#128970
0!
b01001110 #
#128975
1!
#128980
0!
b01001111 #
#128985
1!
#128990
0!
b01010000 #
#128995
1!
#129000
0!
b01010001 #
1(
#129005
1!
#129010
0!
b01010010 #
#129015
1!
#129020
0!
b01010011 #
#129025
1!
#129030
0!
b01010100 #
#129035
1!
#129040
0!
b01010101 #
#129045
1!
#129050
0!
b01010110 #
#129055
1!
#129060
0!
b01010111 #
#129065
1!
#129070
0!
b01011000 #
#129075
1!
#129080
0!
b01011001 #
#129085
1!
#129090
0!
b01011010 #
#129095
1!
#129100
0!
b01011011 #
#129105
1!
#129110
0!
b01011100 #
#129115
1!
#129120
0!
b01011101 #
#129125
1!
#129130
0!
b01011110 #
#129135
1!
#129140
0!
b01011111 #
#129145
1!
#129150
0!
b01100000 #
#129155
1!
#129160
0!
b01100001 #
#129165
1!
#129170
0!
b01100010 #
#129175
1!
#129180
0!
b01100011 #
#129185
1!
#129190
0!
b01100100 #
#129195
1!
#129200
0!
b01100101 #
#129205
1!
#129210
0!
b01100110 #
#129215
1!
#129220
0!
b01100111 #
#129225
1!
#129230
0!
b01101000 #
#129235
1!
#129240
0!
b01101001 #
#129245
1!
#129250
0!
b01101010 #
#129255
1!
#129260
0!
b01101011 #
#129265
1!
#129270
0!
b01101100 #
#129275
1!
#129280
0!
b01101101 #
#129285
1!
#129290
0!
b01101110 #
#129295
1!
#129300
0!
b01101111 #
#129305
1!
#129310
0!
b01110000 #
#129315
1!
#129320
0!
b01110001 #
#129325
1!
#129330
0!
b01110010 #
#129335
1!
#129340
0!
b01110011 #
#129345
1!
#129350
0!
b01110100 #
#129355
1!
#129360
0!
b01110101 #
#129365
1!
#129370
0!
b01110110 #
#129375
1!
#129380
0!
b01110111 #
#129385
1!
#129390
0!
b01111000 #
#129395
1!
#129400
0!
b01111001 #
#129405
1!
#129410
0!
b01111010 #
#129415
1!
#129420
0!
b01111011 #
#129425
1!
#129430
0!
b01111100 #
#129435
1!
#129440
0!
b01111101 #
#129445
1!
#129450
0!
b01111110 #
#129455
1!
#129460
0!
b01111111 #
#129465
1!
#129470
0!
b10000000 #
#129475
1!
#129480
0!
b10000001 #
#129485
1!
#129490
0!
b10000010 #
#129495
1!
#129500
0!
b10000011 #
#129505
1!
#129510
0!
b10000100 #
#129515
1!
#129520
0!
b10000101 #
#129525
1!
#129530
0!
b10000110 #
#129535
1!
#129540
0!
b10000111 #
#129545
1!
#129550
0!
b10001000 #
#129555
1!
#129560
0!
b10001001 #
#129565
1!
#129570
0!
b10001010 #
#129575
1!
#129580
0!
b10001011 #
#129585
1!
#129590
0!
b10001100 #
#129595
1!
#129600
0!
b10001101 #
#129605
1!
#129610
0!
b10001110 #
#129615
1!
#129620
0!
b10001111 #
#129625
1!
#129630
0!
b10010000 #
#129635
1!
#129640
0!
b10010001 #
#129645
1!
#129650
0!
b10010010 #
#129655
1!
#129660
0!
b10010011 #
#129665
1!
#129670
0!
b10010100 #
#129675
1!
#129680
0!
b10010101 #
#129685
1!
#129690
0!
b10010110 #
#129695
1!
#129700
0!
b10010111 #
#129705
1!
#129710
0!
b10011000 #
#129715
1!
#129720
0!
b10011001 #
#129725
1!
#129730
0!
b10011010 #
#129735
1!
#129740
0!
b10011011 #
#129745
1!
#129750
0!
b10011100 #
#129755
1!
#129760
0!
b10011101 #
#129765
1!
#129770
0!
b10011110 #
#129775
1!
#129780
0!
b10011111 #
#129785
1!
#129790
0!
b10100000 #
#129795
1!
#129800
0!
b10100001 #
#129805
1!
#129810
0!
b10100010 #
#129815
1!
#129820
0!
b10100011 #
#129825
1!
#129830
0!
b10100100 #
#129835
1!
#129840
0!
b10100101 #
#129845
1!
#129850
0!
b10100110 #
#129855
1!
#129860
0!
b10100111 #
#129865
1!
#129870
0!
b10101000 #
#129875
1!
#129880
0!
b10101001 #
#129885
1!
#129890
0!
b10101010 #
#129895
1!
#129900
0!
b10101011 #
#129905
1!
#129910
0!
b10101100 #
#129915
1!
#129920
0!
b10101101 #
#129925
1!
#129930
0!
b10101110 #
#129935
1!
#129940
0!
b10101111 #
#129945
1!
#129950
0!
b10110000 #
#129955
1!
#129960
0!
b10110001 #
#129965
1!
#129970
0!
b10110010 #
#129975
1!
#129980
0!
b10110011 #
#129985
1!
#129990
0!
b10110100 #
#129995
1!
#130000
0!
b10110101 #
0*
#130005
1!
#130010
0!
b10110110 #
#130015
1!
#130020
0!
b10110111 #
#130025
1!
#130030
0!
b10111000 #
#130035
1!
#130040
0!
b10111001 #
#130045
1!
#130050
0!
b10111010 #
#130055
1!
#130060
0!
b10111011 #
#130065
1!
#130070
0!
b10111100 #
#130075
1!
#130080
0!
b10111101 #
#130085
1!
#130090
0!
b10111110 #
#130095
1!
#130100
0!
b10111111 #
#130105
1!
#130110
0!
b11000000 #
#130115
1!
#130120
0!
b11000001 #
#130125
1!
#130130
0!
b11000010 #
#130135
1!
#130140
0!
b11000011 #
#130145
1!
#130150
0!
b11000100 #
#130155
1!
#130160
0!
b11000101 #
#130165
1!
#130170
0!
b11000110 #
#130175
1!
#130180
0!
b11000111 #
#130185
1!
#130190
0!
b11001000 #
#130195
1!
#130200
0!
b11001001 #
#130205
1!
#130210
0!
b11001010 #
#130215
1!
#130220
0!
b11001011 #
#130225
1!
#130230
0!
b11001100 #
#130235
1!
#130240
0!
b11001101 #
#130245
1!
#130250
0!
b11001110 #
#130255
1!
#130260
0!
b11001111 #
#130265
1!
#130270
0!
b11010000 #
#130275
1!
#130280
0!
b11010001 #
#130285
1!
#130290
0!
b11010010 #
#130295
1!
#130300
0!
b11010011 #
#130305
1!
#130310
0!
b11010100 #
#130315
1!
#130320
0!
b11010101 #
#130325
1!
#130330
0!
b11010110 #
#130335
1!
#130340
0!
b11010111 #
#130345
1!
#130350
0!
b11011000 #
#130355
1!
#130360
0!
b11011001 #
#130365
1!
#130370
0!
b11011010 #
#130375
1!
#130380
0!
b11011011 #
#130385
1!
#130390
0!
b11011100 #
#130395
1!
#130400
0!
b11011101 #
#130405
1!
#130410
0!
b11011110 #
#130415
1!
#130420
0!
b11011111 #
#130425
1!
#130430
0!
b11100000 #
#130435
1!
#130440
0!
b11100001 #
#130445
1!
#130450
0!
b11100010 #
#130455
1!
#130460
0!
b11100011 #
#130465
1!
#130470
0!
b11100100 #
#130475
1!
#130480
0!
b11100101 #
#130485
1!
#130490
0!
b11100110 #
#130495
1!
#130500
0!
b11100111 #
#130505
1!
#130510
0!
b11101000 #
#130515
1!
#130520
0!
b11101001 #
#130525
1!
#130530
0!
b11101010 #
#130535
1!
#130540
0!
b11101011 #
#130545
1!
#130550
0!
b11101100 #
#130555
1!
#130560
0!
b11101101 #
#130565
1!
#130570
0!
b11101110 #
#130575
1!
#130580
0!
b11101111 #
#130585
1!
#130590
0!
b11110000 #
#130595
1!
#130600
0!
b11110001 #
#130605
1!
#130610
0!
b11110010 #
#130615
1!
#130620
0!
b11110011 #
#130625
1!
0)
#130630
0!
b11110100 #
#130635
1!
#130640
0!
b11110101 #
#130645
1!
#130650
0!
b11110110 #
#130655
1!
#130660
0!
b11110111 #
#130665
1!
#130670
0!
b11111000 #
#130675
1!
#130680
0!
b11111001 #
#130685
1!
#130690
0!
b11111010 #
#130695
1!
#130700
0!
b11111011 #
#130705
1!
#130710
0!
b11111100 #
#130715
1!
#130720
0!
b11111101 #
#130725
1!
#130730
0!
b11111110 #
#130735
1!
#130740
0!
b11111111 #
#130745
1!
#130750
0!
b00000000 #
#130755
1!
#130760
0!
b00000001 #
#130765
1!
#130770
0!
b00000010 #
#130775
1!
#130780
0!
b00000011 #
#130785
1!
#130790
0!
b00000100 #
#130795
1!
#130800
0!
b00000101 #
#130805
1!
#130810
0!
b00000110 #
#130815
1!
#130820
0!
b00000111 #
#130825
1!
#130830
0!
b00001000 #
#130835
1!
#130840
0!
b00001001 #
#130845
1!
#130850
0!
b00001010 #
#130855
1!
#130860
0!
b00001011 #
#130865
1!
#130870
0!
b00001100 #
#130875
1!
#130880
0!
b00001101 #
#130885
1!
#130890
0!
b00001110 #
#130895
1!
#130900
0!
b00001111 #
#130905
1!
#130910
0!
b00010000 #
#130915
1!
#130920
0!
b00010001 #
#130925
1!
#130930
0!
b00010010 #
#130935
1!
#130940
0!
b00010011 #
#130945
1!
#130950
0!
b00010100 #
#130955
1!
#130960
0!
b00010101 #
#130965
1!
#130970
0!
b00010110 #
#130975
1!
#130980
0!
b00010111 #
#130985
1!
#130990
0!
b00011000 #
#130995
1!
#131000
0!
b00011001 #
#131005
1!
#131010
0!
b00011010 #
#131015
1!
#131020
0!
b00011011 #
#131025
1!
#131030
0!
b00011100 #
#131035
1!
#131040
0!
b00011101 #
#131045
1!
#131050
0!
b00011110 #
#131055
1!
#131060
0!
b00011111 #
#131065
1!
#131070
0!
b00100000 #
#131075
1!
#131080
0!
b00100001 #
#131085
1!
#131090
0!
b00100010 #
#131095
1!
#131100
0!
b00100011 #
#131105
1!
#131110
0!
b00100100 #
#131115
1!
#131120
0!
b00100101 #
#131125
1!
#131130
0!
b00100110 #
#131135
1!
#131140
0!
b00100111 #
#131145
1!
#131150
0!
b00101000 #
#131155
1!
#131160
0!
b00101001 #
#131165
1!
#131170
0!
b00101010 #
#131175
1!
#131180
0!
b00101011 #
#131185
1!
#131190
0!
b00101100 #
#131195
1!
#131200
0!
b00101101 #
#131205
1!
#131210
0!
b00101110 #
#131215
1!
#131220
0!
b00101111 #
#131225
1!
#131230
0!
b00110000 #
#131235
1!
#131240
0!
b00110001 #
#131245
1!
#131250
0!
b00110010 #
1*
#131255
1!
#131260
0!
b00110011 #
#131265
1!
#131270
0!
b00110100 #
#131275
1!
#131280
0!
b00110101 #
#131285
1!
#131290
0!
b00110110 #
#131295
1!
#131300
0!
b00110111 #
#131305
1!
#131310
0!
b00111000 #
#131315
1!
#131320
0!
b00111001 #
#131325
1!
#131330
0!
b00111010 #
#131335
1!
#131340
0!
b00111011 #
#131345
1!
#131350
0!
b00111100 #
#131355
1!
#131360
0!
b00111101 #
#131365
1!
#131370
0!
b00111110 #
#131375
1!
#131380
0!
b00111111 #
#131385
1!
#131390
0!
b01000000 #
#131395
1!
#131400
0!
b01000001 #
#131405
1!
#131410
0!
b01000010 #
#131415
1!
#131420
0!
b01000011 #
#131425
1!
#131430
0!
b01000100 #
#131435
1!
#131440
0!
b01000101 #
#131445
1!
#131450
0!
b01000110 #
#131455
1!
#131460
0!
b01000111 #
#131465
1!
#131470
0!
b01001000 #
#131475
1!
#131480
0!
b01001001 #
#131485
1!
#131490
0!
b01001010 #
#131495
1!
#131500
0!
b01001011 #
#131505
1!
#131510
0!
b01001100 #
#131515
1!
#131520
0!
b01001101 #
#131525
1!
#131530
0!
b01001110 #
#131535
1!
#131540
0!
b01001111 #
#131545
1!
#131550
0!
b01010000 #
#131555
1!
#131560
0!
b01010001 #
#131565
1!
#131570
0!
b01010010 #
#131575
1!
#131580
0!
b01010011 #
#131585
1!
#131590
0!
b01010100 #
#131595
1!
#131600
0!
b01010101 #
#131605
1!
#131610
0!
b01010110 #
#131615
1!
#131620
0!
b01010111 #
#131625
1!
#131630
0!
b01011000 #
#131635
1!
#131640
0!
b01011001 #
#131645
1!
#131650
0!
b01011010 #
#131655
1!
#131660
0!
b01011011 #
#131665
1!
#131670
0!
b01011100 #
#131675
1!
#131680
0!
b01011101 #
#131685
1!
#131690
0!
b01011110 #
#131695
1!
#131700
0!
b01011111 #
#131705
1!
#131710
0!
b01100000 #
#131715
1!
#131720
0!
b01100001 #
#131725
1!
#131730
0!
b01100010 #
#131735
1!
#131740
0!
b01100011 #
#131745
1!
#131750
0!
b01100100 #
#131755
1!
#131760
0!
b01100101 #
#131765
1!
#131770
0!
b01100110 #
#131775
1!
#131780
0!
b01100111 #
#131785
1!
#131790
0!
b01101000 #
#131795
1!
#131800
0!
b01101001 #
#131805
1!
#131810
0!
b01101010 #
#131815
1!
#131820
0!
b01101011 #
#131825
1!
#131830
0!
b01101100 #
#131835
1!
#131840
0!
b01101101 #
#131845
1!
#131850
0!
b01101110 #
#131855
1!
#131860
0!
b01101111 #
#131865
1!
#131870
0!
b01110000 #
#131875
1!
1)
#131880
0!
b01110001 #
#131885
1!
#131890
0!
b01110010 #
#131895
1!
#131900
0!
b01110011 #
#131905
1!
#131910
0!
b01110100 #
#131915
1!
#131920
0!
b01110101 #
#131925
1!
#131930
0!
b01110110 #
#131935
1!
#131940
0!
b01110111 #
#131945
1!
#131950
0!
b01111000 #
#131955
1!
#131960
0!
b01111001 #
#131965
1!
#131970
0!
b01111010 #
#131975
1!
#131980
0!
b01111011 #
#131985
1!
#131990
0!
b01111100 #
#131995
1!
#132000
0!
b01111101 #
#132005
1!
#132010
0!
b01111110 #
#132015
1!
#132020
0!
b01111111 #
#132025
1!
#132030
0!
b10000000 #
#132035
1!
#132040
0!
b10000001 #
#132045
1!
#132050
0!
b10000010 #
#132055
1!
#132060
0!
b10000011 #
#132065
1!
#132070
0!
b10000100 #
#132075
1!
#132080
0!
b10000101 #
#132085
1!
#132090
0!
b10000110 #
#132095
1!
#132100
0!
b10000111 #
#132105
1!
#132110
0!
b10001000 #
#132115
1!
#132120
0!
b10001001 #
#132125
1!
#132130
0!
b10001010 #
#132135
1!
#132140
0!
b10001011 #
#132145
1!
#132150
0!
b10001100 #
#132155
1!
#132160
0!
b10001101 #
#132165
1!
#132170
0!
b10001110 #
#132175
1!
#132180
0!
b10001111 #
#132185
1!
#132190
0!
b10010000 #
#132195
1!
#132200
0!
b10010001 #
#132205
1!
#132210
0!
b10010010 #
#132215
1!
#132220
0!
b10010011 #
#132225
1!
#132230
0!
b10010100 #
#132235
1!
#132240
0!
b10010101 #
#132245
1!
#132250
0!
b10010110 #
#132255
1!
#132260
0!
b10010111 #
#132265
1!
#132270
0!
b10011000 #
#132275
1!
#132280
0!
b10011001 #
#132285
1!
#132290
0!
b10011010 #
#132295
1!
#132300
0!
b10011011 #
#132305
1!
#132310
0!
b10011100 #
#132315
1!
#132320
0!
b10011101 #
#132325
1!
#132330
0!
b10011110 #
#132335
1!
#132340
0!
b10011111 #
#132345
1!
#132350
0!
b10100000 #
#132355
1!
#132360
0!
b10100001 #
#132365
1!
#132370
0!
b10100010 #
#132375
1!
#132380
0!
b10100011 #
#132385
1!
#132390
0!
b10100100 #
#132395
1!
#132400
0!
b10100101 #
#132405
1!
#132410
0!
b10100110 #
#132415
1!
#132420
0!
b10100111 #
#132425
1!
#132430
0!
b10101000 #
#132435
1!
#132440
0!
b10101001 #
#132445
1!
#132450
0!
b10101010 #
#132455
1!
#132460
0!
b10101011 #
#132465
1!
#132470
0!
b10101100 #
#132475
1!
#132480
0!
b10101101 #
#132485
1!
#132490
0!
b10101110 #
#132495
1!
#132500
0!
b10101111 #
#132505
1!
#132510
0!
b10110000 #
#132515
1!
#132520
0!
b10110001 #
#132525
1!
#132530
0!
b10110010 #
#132535
1!
#132540
0!
b10110011 #
#132545
1!
#132550
0!
b10110100 #
#132555
1!
#132560
0!
b10110101 #
#132565
1!
#132570
0!
b10110110 #
#132575
1!
#132580
0!
b10110111 #
#132585
1!
#132590
0!
b10111000 #
#132595
1!
#132600
0!
b10111001 #
#132605
1!
#132610
0!
b10111010 #
#132615
1!
#132620
0!
b10111011 #
#132625
1!
#132630
0!
b10111100 #
#132635
1!
#132640
0!
b10111101 #
#132645
1!
#132650
0!
b10111110 #
#132655
1!
#132660
0!
b10111111 #
#132665
1!
#132670
0!
b11000000 #
#132675
1!
#132680
0!
b11000001 #
#132685
1!
#132690
0!
b11000010 #
#132695
1!
#132700
0!
b11000011 #
#132705
1!
#132710
0!
b11000100 #
#132715
1!
#132720
0!
b11000101 #
#132725
1!
#132730
0!
b11000110 #
#132735
1!
#132740
0!
b11000111 #
#132745
1!
#132750
0!
b11001000 #
#132755
1!
#132760
0!
b11001001 #
#132765
1!
#132770
0!
b11001010 #
#132775
1!
#132780
0!
b11001011 #
#132785
1!
#132790
0!
b11001100 #
#132795
1!
#132800
0!
b11001101 #
#132805
1!
#132810
0!
b11001110 #
#132815
1!
#132820
0!
b11001111 #
#132825
1!
#132830
0!
b11010000 #
#132835
1!
#132840
0!
b11010001 #
#132845
1!
#132850
0!
b11010010 #
#132855
1!
#132860
0!
b11010011 #
#132865
1!
#132870
0!
b11010100 #
#132875
1!
#132880
0!
b11010101 #
#132885
1!
#132890
0!
b11010110 #
#132895
1!
#132900
0!
b11010111 #
#132905
1!
#132910
0!
b11011000 #
#132915
1!
#132920
0!
b11011001 #
#132925
1!
#132930
0!
b11011010 #
#132935
1!
#132940
0!
b11011011 #
#132945
1!
#132950
0!
b11011100 #
#132955
1!
#132960
0!
b11011101 #
#132965
1!
#132970
0!
b11011110 #
#132975
1!
#132980
0!
b11011111 #
#132985
1!
#132990
0!
b11100000 #
#132995
1!
#133000
0!
b11100001 #
#133005
1!
#133010
0!
b11100010 #
#133015
1!
#133020
0!
b11100011 #
#133025
1!
#133030
0!
b11100100 #
#133035
1!
#133040
0!
b11100101 #
#133045
1!
#133050
0!
b11100110 #
#133055
1!
#133060
0!
b11100111 #
#133065
1!
#133070
0!
b11101000 #
#133075
1!
#133080
0!
b11101001 #
#133085
1!
#133090
0!
b11101010 #
#133095
1!
#133100
0!
b11101011 #
#133105
1!
#133110
0!
b11101100 #
#133115
1!
#133120
0!
b11101101 #
#133125
1!
0)
#133130
0!
b11101110 #
#133135
1!
#133140
0!
b11101111 #
#133145
1!
#133150
0!
b11110000 #
#133155
1!
#133160
0!
b11110001 #
#133165
1!
#133170
0!
b11110010 #
#133175
1!
#133180
0!
b11110011 #
#133185
1!
#133190
0!
b11110100 #
#133195
1!
#133200
0!
b11110101 #
#133205
1!
#133210
0!
b11110110 #
#133215
1!
#133220
0!
b11110111 #
#133225
1!
#133230
0!
b11111000 #
#133235
1!
#133240
0!
b11111001 #
#133245
1!
#133250
0!
b11111010 #
#133255
1!
#133260
0!
b11111011 #
#133265
1!
#133270
0!
b11111100 #
#133275
1!
#133280
0!
b11111101 #
#133285
1!
#133290
0!
b11111110 #
#133295
1!
#133300
0!
b11111111 #
#133305
1!
#133310
0!
b00000000 #
#133315
1!
#133320
0!
b00000001 #
#133325
1!
#133330
0!
b00000010 #
#133335
1!
#133340
0!
b00000011 #
#133345
1!
#133350
0!
b00000100 #
#133355
1!
#133360
0!
b00000101 #
#133365
1!
#133370
0!
b00000110 #
#133375
1!
#133380
0!
b00000111 #
#133385
1!
#133390
0!
b00001000 #
#133395
1!
#133400
0!
b00001001 #
#133405
1!
#133410
0!
b00001010 #
#133415
1!
#133420
0!
b00001011 #
#133425
1!
#133430
0!
b00001100 #
#133435
1!
#133440
0!
b00001101 #
#133445
1!
#133450
0!
b00001110 #
#133455
1!
#133460
0!
b00001111 #
#133465
1!
#133470
0!
b00010000 #
#133475
1!
#133480
0!
b00010001 #
#133485
1!
#133490
0!
b00010010 #
#133495
1!
#133500
0!
b00010011 #
#133505
1!
#133510
0!
b00010100 #
#133515
1!
#133520
0!
b00010101 #
#133525
1!
#133530
0!
b00010110 #
#133535
1!
#133540
0!
b00010111 #
#133545
1!
#133550
0!
b00011000 #
#133555
1!
#133560
0!
b00011001 #
#133565
1!
#133570
0!
b00011010 #
#133575
1!
#133580
0!
b00011011 #
#133585
1!
#133590
0!
b00011100 #
#133595
1!
#133600
0!
b00011101 #
#133605
1!
#133610
0!
b00011110 #
#133615
1!
#133620
0!
b00011111 #
#133625
1!
#133630
0!
b00100000 #
#133635
1!
#133640
0!
b00100001 #
#133645
1!
#133650
0!
b00100010 #
#133655
1!
#133660
0!
b00100011 #
#133665
1!
#133670
0!
b00100100 #
#133675
1!
#133680
0!
b00100101 #
#133685
1!
#133690
0!
b00100110 #
#133695
1!
#133700
0!
b00100111 #
#133705
1!
#133710
0!
b00101000 #
#133715
1!
#133720
0!
b00101001 #
#133725
1!
#133730
0!
b00101010 #
#133735
1!
#133740
0!
b00101011 #
#133745
1!
#133750
0!
b00101100 #
0*
#133755
1!
#133760
0!
b00101101 #
#133765
1!
#133770
0!
b00101110 #
#133775
1!
#133780
0!
b00101111 #
#133785
1!
#133790
0!
b00110000 #
#133795
1!
#133800
0!
b00110001 #
#133805
1!
#133810
0!
b00110010 #
#133815
1!
#133820
0!
b00110011 #
#133825
1!
#133830
0!
b00110100 #
#133835
1!
#133840
0!
b00110101 #
#133845
1!
#133850
0!
b00110110 #
#133855
1!
#133860
0!
b00110111 #
#133865
1!
#133870
0!
b00111000 #
#133875
1!
#133880
0!
b00111001 #
#133885
1!
#133890
0!
b00111010 #
#133895
1!
#133900
0!
b00111011 #
#133905
1!
#133910
0!
b00111100 #
#133915
1!
#133920
0!
b00111101 #
#133925
1!
#133930
0!
b00111110 #
#133935
1!
#133940
0!
b00111111 #
#133945
1!
#133950
0!
b01000000 #
#133955
1!
#133960
0!
b01000001 #
#133965
1!
#133970
0!
b01000010 #
#133975
1!
#133980
0!
b01000011 #
#133985
1!
#133990
0!
b01000100 #
#133995
1!
#134000
0!
b01000101 #
#134005
1!
#134010
0!
b01000110 #
#134015
1!
#134020
0!
b01000111 #
#134025
1!
#134030
0!
b01001000 #
#134035
1!
#134040
0!
b01001001 #
#134045
1!
#134050
0!
b01001010 #
#134055
1!
#134060
0!
b01001011 #
#134065
1!
#134070
0!
b01001100 #
#134075
1!
#134080
0!
b01001101 #
#134085
1!
#134090
0!
b01001110 #
#134095
1!
#134100
0!
b01001111 #
#134105
1!
#134110
0!
b01010000 #
#134115
1!
#134120
0!
b01010001 #
#134125
1!
#134130
0!
b01010010 #
#134135
1!
#134140
0!
b01010011 #
#134145
1!
#134150
0!
b01010100 #
#134155
1!
#134160
0!
b01010101 #
#134165
1!
#134170
0!
b01010110 #
#134175
1!
#134180
0!
b01010111 #
#134185
1!
#134190
0!
b01011000 #
#134195
1!
#134200
0!
b01011001 #
#134205
1!
#134210
0!
b01011010 #
#134215
1!
#134220
0!
b01011011 #
#134225
1!
#134230
0!
b01011100 #
#134235
1!
#134240
0!
b01011101 #
#134245
1!
#134250
0!
b01011110 #
#134255
1!
#134260
0!
b01011111 #
#134265
1!
#134270
0!
b01100000 #
#134275
1!
#134280
0!
b01100001 #
#134285
1!
#134290
0!
b01100010 #
#134295
1!
#134300
0!
b01100011 #
#134305
1!
#134310
0!
b01100100 #
#134315
1!
#134320
0!
b01100101 #
#134325
1!
#134330
0!
b01100110 #
#134335
1!
#134340
0!
b01100111 #
#134345
1!
#134350
0!
b01101000 #
#134355
1!
#134360
0!
b01101001 #
#134365
1!
#134370
0!
b01101010 #
#134375
1!
1)
#134380
0!
b01101011 #
#134385
1!
#134390
0!
b01101100 #
#134395
1!
#134400
0!
b01101101 #
#134405
1!
#134410
0!
b01101110 #
#134415
1!
#134420
0!
b01101111 #
#134425
1!
#134430
0!
b01110000 #
#134435
1!
#134440
0!
b01110001 #
#134445
1!
#134450
0!
b01110010 #
#134455
1!
#134460
0!
b01110011 #
#134465
1!
#134470
0!
b01110100 #
#134475
1!
#134480
0!
b01110101 #
#134485
1!
#134490
0!
b01110110 #
#134495
1!
#134500
0!
b01110111 #
#134505
1!
#134510
0!
b01111000 #
#134515
1!
#134520
0!
b01111001 #
#134525
1!
#134530
0!
b01111010 #
#134535
1!
#134540
0!
b01111011 #
#134545
1!
#134550
0!
b01111100 #
#134555
1!
#134560
0!
b01111101 #
#134565
1!
#134570
0!
b01111110 #
#134575
1!
#134580
0!
b01111111 #
#134585
1!
#134590
0!
b10000000 #
#134595
1!
#134600
0!
b10000001 #
#134605
1!
#134610
0!
b10000010 #
#134615
1!
#134620
0!
b10000011 #
#134625
1!
#134630
0!
b10000100 #
#134635
1!
#134640
0!
b10000101 #
#134645
1!
#134650
0!
b10000110 #
#134655
1!
#134660
0!
b10000111 #
#134665
1!
#134670
0!
b10001000 #
#134675
1!
#134680
0!
b10001001 #
#134685
1!
#134690
0!
b10001010 #
#134695
1!
#134700
0!
b10001011 #
#134705
1!
#134710
0!
b10001100 #
#134715
1!
#134720
0!
b10001101 #
#134725
1!
#134730
0!
b10001110 #
#134735
1!
#134740
0!
b10001111 #
#134745
1!
#134750
0!
b10010000 #
#134755
1!
#134760
0!
b10010001 #
#134765
1!
#134770
0!
b10010010 #
#134775
1!
#134780
0!
b10010011 #
#134785
1!
#134790
0!
b10010100 #
#134795
1!
#134800
0!
b10010101 #
#134805
1!
#134810
0!
b10010110 #
#134815
1!
#134820
0!
b10010111 #
#134825
1!
#134830
0!
b10011000 #
#134835
1!
#134840
0!
b10011001 #
#134845
1!
#134850
0!
b10011010 #
#134855
1!
#134860
0!
b10011011 #
#134865
1!
#134870
0!
b10011100 #
#134875
1!
#134880
0!
b10011101 #
#134885
1!
#134890
0!
b10011110 #
#134895
1!
#134900
0!
b10011111 #
#134905
1!
#134910
0!
b10100000 #
#134915
1!
#134920
0!
b10100001 #
#134925
1!
#134930
0!
b10100010 #
#134935
1!
#134940
0!
b10100011 #
#134945
1!
#134950
0!
b10100100 #
#134955
1!
#134960
0!
b10100101 #
#134965
1!
#134970
0!
b10100110 #
#134975
1!
#134980
0!
b10100111 #
#134985
1!
#134990
0!
b10101000 #
#134995
1!
#135000
0!
b10101001 #
#135005
1!
#135010
0!
b10101010 #
#135015
1!
#135020
0!
b10101011 #
#135025
1!
#135030
0!
b10101100 #
#135035
1!
#135040
0!
b10101101 #
#135045
1!
#135050
0!
b10101110 #
#135055
1!
#135060
0!
b10101111 #
#135065
1!
#135070
0!
b10110000 #
#135075
1!
#135080
0!
b10110001 #
#135085
1!
#135090
0!
b10110010 #
#135095
1!
#135100
0!
b10110011 #
#135105
1!
#135110
0!
b10110100 #
#135115
1!
#135120
0!
b10110101 #
#135125
1!
#135130
0!
b10110110 #
#135135
1!
#135140
0!
b10110111 #
#135145
1!
#135150
0!
b10111000 #
#135155
1!
#135160
0!
b10111001 #
#135165
1!
#135170
0!
b10111010 #
#135175
1!
#135180
0!
b10111011 #
#135185
1!
#135190
0!
b10111100 #
#135195
1!
#135200
0!
b10111101 #
#135205
1!
#135210
0!
b10111110 #
#135215
1!
#135220
0!
b10111111 #
#135225
1!
#135230
0!
b11000000 #
#135235
1!
#135240
0!
b11000001 #
#135245
1!
#135250
0!
b11000010 #
#135255
1!
#135260
0!
b11000011 #
#135265
1!
#135270
0!
b11000100 #
#135275
1!
#135280
0!
b11000101 #
#135285
1!
#135290
0!
b11000110 #
#135295
1!
#135300
0!
b11000111 #
#135305
1!
#135310
0!
b11001000 #
#135315
1!
#135320
0!
b11001001 #
#135325
1!
#135330
0!
b11001010 #
#135335
1!
#135340
0!
b11001011 #
#135345
1!
#135350
0!
b11001100 #
#135355
1!
#135360
0!
b11001101 #
#135365
1!
#135370
0!
b11001110 #
#135375
1!
#135380
0!
b11001111 #
#135385
1!
#135390
0!
b11010000 #
#135395
1!
#135400
0!
b11010001 #
#135405
1!
#135410
0!
b11010010 #
#135415
1!
#135420
0!
b11010011 #
#135425
1!
#135430
0!
b11010100 #
#135435
1!
#135440
0!
b11010101 #
#135445
1!
#135450
0!
b11010110 #
#135455
1!
#135460
0!
b11010111 #
#135465
1!
#135470
0!
b11011000 #
#135475
1!
#135480
0!
b11011001 #
#135485
1!
#135490
0!
b11011010 #
#135495
1!
#135500
0!
b11011011 #
#135505
1!
#135510
0!
b11011100 #
#135515
1!
#135520
0!
b11011101 #
#135525
1!
#135530
0!
b11011110 #
#135535
1!
#135540
0!
b11011111 #
#135545
1!
#135550
0!
b11100000 #
#135555
1!
#135560
0!
b11100001 #
#135565
1!
#135570
0!
b11100010 #
#135575
1!
#135580
0!
b11100011 #
#135585
1!
#135590
0!
b11100100 #
#135595
1!
#135600
0!
b11100101 #
#135605
1!
#135610
0!
b11100110 #
#135615
1!
#135620
0!
b11100111 #
#135625
1!
0)
#135630
0!
b11101000 #
#135635
1!
#135640
0!
b11101001 #
#135645
1!
#135650
0!
b11101010 #
#135655
1!
#135660
0!
b11101011 #
#135665
1!
#135670
0!
b11101100 #
#135675
1!
#135680
0!
b11101101 #
#135685
1!
#135690
0!
b11101110 #
#135695
1!
#135700
0!
b11101111 #
#135705
1!
#135710
0!
b11110000 #
#135715
1!
#135720
0!
b11110001 #
#135725
1!
#135730
0!
b11110010 #
#135735
1!
#135740
0!
b11110011 #
#135745
1!
#135750
0!
b11110100 #
#135755
1!
#135760
0!
b11110101 #
#135765
1!
#135770
0!
b11110110 #
#135775
1!
#135780
0!
b11110111 #
#135785
1!
#135790
0!
b11111000 #
#135795
1!
#135800
0!
b11111001 #
#135805
1!
#135810
0!
b11111010 #
#135815
1!
#135820
0!
b11111011 #
#135825
1!
#135830
0!
b11111100 #
#135835
1!
#135840
0!
b11111101 #
#135845
1!
#135850
0!
b11111110 #
#135855
1!
#135860
0!
b11111111 #
#135865
1!
#135870
0!
b00000000 #
#135875
1!
#135880
0!
b00000001 #
#135885
1!
#135890
0!
b00000010 #
#135895
1!
#135900
0!
b00000011 #
#135905
1!
#135910
0!
b00000100 #
#135915
1!
#135920
0!
b00000101 #
#135925
1!
#135930
0!
b00000110 #
#135935
1!
#135940
0!
b00000111 #
#135945
1!
#135950
0!
b00001000 #
#135955
1!
#135960
0!
b00001001 #
#135965
1!
#135970
0!
b00001010 #
#135975
1!
#135980
0!
b00001011 #
#135985
1!
#135990
0!
b00001100 #
#135995
1!
#136000
0!
b00001101 #
#136005
1!
#136010
0!
b00001110 #
#136015
1!
#136020
0!
b00001111 #
#136025
1!
#136030
0!
b00010000 #
#136035
1!
#136040
0!
b00010001 #
#136045
1!
#136050
0!
b00010010 #
#136055
1!
#136060
0!
b00010011 #
#136065
1!
#136070
0!
b00010100 #
#136075
1!
#136080
0!
b00010101 #
#136085
1!
#136090
0!
b00010110 #
#136095
1!
#136100
0!
b00010111 #
#136105
1!
#136110
0!
b00011000 #
#136115
1!
#136120
0!
b00011001 #
#136125
1!
#136130
0!
b00011010 #
#136135
1!
#136140
0!
b00011011 #
#136145
1!
#136150
0!
b00011100 #
#136155
1!
#136160
0!
b00011101 #
#136165
1!
#136170
0!
b00011110 #
#136175
1!
#136180
0!
b00011111 #
#136185
1!
#136190
0!
b00100000 #
#136195
1!
#136200
0!
b00100001 #
#136205
1!
#136210
0!
b00100010 #
#136215
1!
#136220
0!
b00100011 #
#136225
1!
#136230
0!
b00100100 #
#136235
1!
#136240
0!
b00100101 #
#136245
1!
#136250
0!
b00100110 #
1*
#136255
1!
#136260
0!
b00100111 #
#136265
1!
#136270
0!
b00101000 #
#136275
1!
#136280
0!
b00101001 #
#136285
1!
#136290
0!
b00101010 #
#136295
1!
#136300
0!
b00101011 #
#136305
1!
#136310
0!
b00101100 #
#136315
1!
#136320
0!
b00101101 #
#136325
1!
#136330
0!
b00101110 #
#136335
1!
#136340
0!
b00101111 #
#136345
1!
#136350
0!
b00110000 #
#136355
1!
#136360
0!
b00110001 #
#136365
1!
#136370
0!
b00110010 #
#136375
1!
#136380
0!
b00110011 #
#136385
1!
#136390
0!
b00110100 #
#136395
1!
#136400
0!
b00110101 #
#136405
1!
#136410
0!
b00110110 #
#136415
1!
#136420
0!
b00110111 #
#136425
1!
#136430
0!
b00111000 #
#136435
1!
#136440
0!
b00111001 #
#136445
1!
#136450
0!
b00111010 #
#136455
1!
#136460
0!
b00111011 #
#136465
1!
#136470
0!
b00111100 #
#136475
1!
#136480
0!
b00111101 #
#136485
1!
#136490
0!
b00111110 #
#136495
1!
#136500
0!
b00111111 #
#136505
1!
#136510
0!
b01000000 #
#136515
1!
#136520
0!
b01000001 #
#136525
1!
#136530
0!
b01000010 #
#136535
1!
#136540
0!
b01000011 #
#136545
1!
#136550
0!
b01000100 #
#136555
1!
#136560
0!
b01000101 #
#136565
1!
#136570
0!
b01000110 #
#136575
1!
#136580
0!
b01000111 #
#136585
1!
#136590
0!
b01001000 #
#136595
1!
#136600
0!
b01001001 #
#136605
1!
#136610
0!
b01001010 #
#136615
1!
#136620
0!
b01001011 #
#136625
1!
#136630
0!
b01001100 #
#136635
1!
#136640
0!
b01001101 #
#136645
1!
#136650
0!
b01001110 #
#136655
1!
#136660
0!
b01001111 #
#136665
1!
#136670
0!
b01010000 #
#136675
1!
#136680
0!
b01010001 #
#136685
1!
#136690
0!
b01010010 #
#136695
1!
#136700
0!
b01010011 #
#136705
1!
#136710
0!
b01010100 #
#136715
1!
#136720
0!
b01010101 #
#136725
1!
#136730
0!
b01010110 #
#136735
1!
#136740
0!
b01010111 #
#136745
1!
#136750
0!
b01011000 #
#136755
1!
#136760
0!
b01011001 #
#136765
1!
#136770
0!
b01011010 #
#136775
1!
#136780
0!
b01011011 #
#136785
1!
#136790
0!
b01011100 #
#136795
1!
#136800
0!
b01011101 #
#136805
1!
#136810
0!
b01011110 #
#136815
1!
#136820
0!
b01011111 #
#136825
1!
#136830
0!
b01100000 #
#136835
1!
#136840
0!
b01100001 #
#136845
1!
#136850
0!
b01100010 #
#136855
1!
#136860
0!
b01100011 #
#136865
1!
#136870
0!
b01100100 #
#136875
1!
1)
#136880
0!
b01100101 #
#136885
1!
#136890
0!
b01100110 #
#136895
1!
#136900
0!
b01100111 #
#136905
1!
#136910
0!
b01101000 #
#136915
1!
#136920
0!
b01101001 #
#136925
1!
#136930
0!
b01101010 #
#136935
1!
#136940
0!
b01101011 #
#136945
1!
#136950
0!
b01101100 #
#136955
1!
#136960
0!
b01101101 #
#136965
1!
#136970
0!
b01101110 #
#136975
1!
#136980
0!
b01101111 #
#136985
1!
#136990
0!
b01110000 #
#136995
1!
#137000
0!
b01110001 #
#137005
1!
#137010
0!
b01110010 #
#137015
1!
#137020
0!
b01110011 #
#137025
1!
#137030
0!
b01110100 #
#137035
1!
#137040
0!
b01110101 #
#137045
1!
#137050
0!
b01110110 #
#137055
1!
#137060
0!
b01110111 #
#137065
1!
#137070
0!
b01111000 #
#137075
1!
#137080
0!
b01111001 #
#137085
1!
#137090
0!
b01111010 #
#137095
1!
#137100
0!
b01111011 #
#137105
1!
#137110
0!
b01111100 #
#137115
1!
#137120
0!
b01111101 #
#137125
1!
#137130
0!
b01111110 #
#137135
1!
#137140
0!
b01111111 #
#137145
1!
#137150
0!
b10000000 #
#137155
1!
#137160
0!
b10000001 #
#137165
1!
#137170
0!
b10000010 #
#137175
1!
#137180
0!
b10000011 #
#137185
1!
#137190
0!
b10000100 #
#137195
1!
#137200
0!
b10000101 #
#137205
1!
#137210
0!
b10000110 #
#137215
1!
#137220
0!
b10000111 #
#137225
1!
#137230
0!
b10001000 #
#137235
1!
#137240
0!
b10001001 #
#137245
1!
#137250
0!
b10001010 #
#137255
1!
#137260
0!
b10001011 #
#137265
1!
#137270
0!
b10001100 #
#137275
1!
#137280
0!
b10001101 #
#137285
1!
#137290
0!
b10001110 #
#137295
1!
#137300
0!
b10001111 #
#137305
1!
#137310
0!
b10010000 #
#137315
1!
#137320
0!
b10010001 #
#137325
1!
#137330
0!
b10010010 #
#137335
1!
#137340
0!
b10010011 #
#137345
1!
#137350
0!
b10010100 #
#137355
1!
#137360
0!
b10010101 #
#137365
1!
#137370
0!
b10010110 #
#137375
1!
#137380
0!
b10010111 #
#137385
1!
#137390
0!
b10011000 #
#137395
1!
#137400
0!
b10011001 #
#137405
1!
#137410
0!
b10011010 #
#137415
1!
#137420
0!
b10011011 #
#137425
1!
#137430
0!
b10011100 #
#137435
1!
#137440
0!
b10011101 #
#137445
1!
#137450
0!
b10011110 #
#137455
1!
#137460
0!
b10011111 #
#137465
1!
#137470
0!
b10100000 #
#137475
1!
#137480
0!
b10100001 #
#137485
1!
#137490
0!
b10100010 #
#137495
1!
#137500
0!
b10100011 #
#137505
1!
#137510
0!
b10100100 #
#137515
1!
#137520
0!
b10100101 #
#137525
1!
#137530
0!
b10100110 #
#137535
1!
#137540
0!
b10100111 #
#137545
1!
#137550
0!
b10101000 #
#137555
1!
#137560
0!
b10101001 #
#137565
1!
#137570
0!
b10101010 #
#137575
1!
#137580
0!
b10101011 #
#137585
1!
#137590
0!
b10101100 #
#137595
1!
#137600
0!
b10101101 #
#137605
1!
#137610
0!
b10101110 #
#137615
1!
#137620
0!
b10101111 #
#137625
1!
#137630
0!
b10110000 #
#137635
1!
#137640
0!
b10110001 #
#137645
1!
#137650
0!
b10110010 #
#137655
1!
#137660
0!
b10110011 #
#137665
1!
#137670
0!
b10110100 #
#137675
1!
#137680
0!
b10110101 #
#137685
1!
#137690
0!
b10110110 #
#137695
1!
#137700
0!
b10110111 #
#137705
1!
#137710
0!
b10111000 #
#137715
1!
#137720
0!
b10111001 #
#137725
1!
#137730
0!
b10111010 #
#137735
1!
#137740
0!
b10111011 #
#137745
1!
#137750
0!
b10111100 #
#137755
1!
#137760
0!
b10111101 #
#137765
1!
#137770
0!
b10111110 #
#137775
1!
#137780
0!
b10111111 #
#137785
1!
#137790
0!
b11000000 #
#137795
1!
#137800
0!
b11000001 #
#137805
1!
#137810
0!
b11000010 #
#137815
1!
#137820
0!
b11000011 #
#137825
1!
#137830
0!
b11000100 #
#137835
1!
#137840
0!
b11000101 #
#137845
1!
#137850
0!
b11000110 #
#137855
1!
#137860
0!
b11000111 #
#137865
1!
#137870
0!
b11001000 #
#137875
1!
#137880
0!
b11001001 #
#137885
1!
#137890
0!
b11001010 #
#137895
1!
#137900
0!
b11001011 #
#137905
1!
#137910
0!
b11001100 #
#137915
1!
#137920
0!
b11001101 #
#137925
1!
#137930
0!
b11001110 #
#137935
1!
#137940
0!
b11001111 #
#137945
1!
#137950
0!
b11010000 #
#137955
1!
#137960
0!
b11010001 #
#137965
1!
#137970
0!
b11010010 #
#137975
1!
#137980
0!
b11010011 #
#137985
1!
#137990
0!
b11010100 #
#137995
1!
#138000
0!
b11010101 #
#138005
1!
#138010
0!
b11010110 #
#138015
1!
#138020
0!
b11010111 #
#138025
1!
#138030
0!
b11011000 #
#138035
1!
#138040
0!
b11011001 #
#138045
1!
#138050
0!
b11011010 #
#138055
1!
#138060
0!
b11011011 #
#138065
1!
#138070
0!
b11011100 #
#138075
1!
#138080
0!
b11011101 #
#138085
1!
#138090
0!
b11011110 #
#138095
1!
#138100
0!
b11011111 #
#138105
1!
#138110
0!
b11100000 #
#138115
1!
#138120
0!
b11100001 #
#138125
1!
0)
#138130
0!
b11100010 #
#138135
1!
#138140
0!
b11100011 #
#138145
1!
#138150
0!
b11100100 #
#138155
1!
#138160
0!
b11100101 #
#138165
1!
#138170
0!
b11100110 #
#138175
1!
#138180
0!
b11100111 #
#138185
1!
#138190
0!
b11101000 #
#138195
1!
#138200
0!
b11101001 #
#138205
1!
#138210
0!
b11101010 #
#138215
1!
#138220
0!
b11101011 #
#138225
1!
#138230
0!
b11101100 #
#138235
1!
#138240
0!
b11101101 #
#138245
1!
#138250
0!
b11101110 #
#138255
1!
#138260
0!
b11101111 #
#138265
1!
#138270
0!
b11110000 #
#138275
1!
#138280
0!
b11110001 #
#138285
1!
#138290
0!
b11110010 #
#138295
1!
#138300
0!
b11110011 #
#138305
1!
#138310
0!
b11110100 #
#138315
1!
#138320
0!
b11110101 #
#138325
1!
#138330
0!
b11110110 #
#138335
1!
#138340
0!
b11110111 #
#138345
1!
#138350
0!
b11111000 #
#138355
1!
#138360
0!
b11111001 #
#138365
1!
#138370
0!
b11111010 #
#138375
1!
#138380
0!
b11111011 #
#138385
1!
#138390
0!
b11111100 #
#138395
1!
#138400
0!
b11111101 #
#138405
1!
#138410
0!
b11111110 #
#138415
1!
#138420
0!
b11111111 #
#138425
1!
#138430
0!
b00000000 #
#138435
1!
#138440
0!
b00000001 #
#138445
1!
#138450
0!
b00000010 #
#138455
1!
#138460
0!
b00000011 #
#138465
1!
#138470
0!
b00000100 #
#138475
1!
#138480
0!
b00000101 #
#138485
1!
#138490
0!
b00000110 #
#138495
1!
#138500
0!
b00000111 #
#138505
1!
#138510
0!
b00001000 #
#138515
1!
#138520
0!
b00001001 #
#138525
1!
#138530
0!
b00001010 #
#138535
1!
#138540
0!
b00001011 #
#138545
1!
#138550
0!
b00001100 #
#138555
1!
#138560
0!
b00001101 #
#138565
1!
#138570
0!
b00001110 #
#138575
1!
#138580
0!
b00001111 #
#138585
1!
#138590
0!
b00010000 #
#138595
1!
#138600
0!
b00010001 #
#138605
1!
#138610
0!
b00010010 #
#138615
1!
#138620
0!
b00010011 #
#138625
1!
#138630
0!
b00010100 #
#138635
1!
#138640
0!
b00010101 #
#138645
1!
#138650
0!
b00010110 #
#138655
1!
#138660
0!
b00010111 #
#138665
1!
#138670
0!
b00011000 #
#138675
1!
#138680
0!
b00011001 #
#138685
1!
#138690
0!
b00011010 #
#138695
1!
#138700
0!
b00011011 #
#138705
1!
#138710
0!
b00011100 #
#138715
1!
#138720
0!
b00011101 #
#138725
1!
#138730
0!
b00011110 #
#138735
1!
#138740
0!
b00011111 #
#138745
1!
#138750
0!
b00100000 #
0*
#138755
1!
#138760
0!
b00100001 #
#138765
1!
#138770
0!
b00100010 #
#138775
1!
#138780
0!
b00100011 #
#138785
1!
#138790
0!
b00100100 #
#138795
1!
#138800
0!
b00100101 #
#138805
1!
#138810
0!
b00100110 #
#138815
1!
#138820
0!
b00100111 #
#138825
1!
#138830
0!
b00101000 #
#138835
1!
#138840
0!
b00101001 #
#138845
1!
#138850
0!
b00101010 #
#138855
1!
#138860
0!
b00101011 #
#138865
1!
#138870
0!
b00101100 #
#138875
1!
#138880
0!
b00101101 #
#138885
1!
#138890
0!
b00101110 #
#138895
1!
#138900
0!
b00101111 #
#138905
1!
#138910
0!
b00110000 #
#138915
1!
#138920
0!
b00110001 #
#138925
1!
#138930
0!
b00110010 #
#138935
1!
#138940
0!
b00110011 #
#138945
1!
#138950
0!
b00110100 #
#138955
1!
#138960
0!
b00110101 #
#138965
1!
#138970
0!
b00110110 #
#138975
1!
#138980
0!
b00110111 #
#138985
1!
#138990
0!
b00111000 #
#138995
1!
#139000
0!
b00111001 #
#139005
1!
#139010
0!
b00111010 #
#139015
1!
#139020
0!
b00111011 #
#139025
1!
#139030
0!
b00111100 #
#139035
1!
#139040
0!
b00111101 #
#139045
1!
#139050
0!
b00111110 #
#139055
1!
#139060
0!
b00111111 #
#139065
1!
#139070
0!
b01000000 #
#139075
1!
#139080
0!
b01000001 #
#139085
1!
#139090
0!
b01000010 #
#139095
1!
#139100
0!
b01000011 #
#139105
1!
#139110
0!
b01000100 #
#139115
1!
#139120
0!
b01000101 #
#139125
1!
#139130
0!
b01000110 #
#139135
1!
#139140
0!
b01000111 #
#139145
1!
#139150
0!
b01001000 #
#139155
1!
#139160
0!
b01001001 #
#139165
1!
#139170
0!
b01001010 #
#139175
1!
#139180
0!
b01001011 #
#139185
1!
#139190
0!
b01001100 #
#139195
1!
#139200
0!
b01001101 #
#139205
1!
#139210
0!
b01001110 #
#139215
1!
#139220
0!
b01001111 #
#139225
1!
#139230
0!
b01010000 #
#139235
1!
#139240
0!
b01010001 #
#139245
1!
#139250
0!
b01010010 #
#139255
1!
#139260
0!
b01010011 #
#139265
1!
#139270
0!
b01010100 #
#139275
1!
#139280
0!
b01010101 #
#139285
1!
#139290
0!
b01010110 #
#139295
1!
#139300
0!
b01010111 #
#139305
1!
#139310
0!
b01011000 #
#139315
1!
#139320
0!
b01011001 #
#139325
1!
#139330
0!
b01011010 #
#139335
1!
#139340
0!
b01011011 #
#139345
1!
#139350
0!
b01011100 #
#139355
1!
#139360
0!
b01011101 #
#139365
1!
#139370
0!
b01011110 #
#139375
1!
1)
#139380
0!
b01011111 #
#139385
1!
#139390
0!
b01100000 #
#139395
1!
#139400
0!
b01100001 #
#139405
1!
#139410
0!
b01100010 #
#139415
1!
#139420
0!
b01100011 #
#139425
1!
#139430
0!
b01100100 #
#139435
1!
#139440
0!
b01100101 #
#139445
1!
#139450
0!
b01100110 #
#139455
1!
#139460
0!
b01100111 #
#139465
1!
#139470
0!
b01101000 #
#139475
1!
#139480
0!
b01101001 #
#139485
1!
#139490
0!
b01101010 #
#139495
1!
#139500
0!
b01101011 #
#139505
1!
#139510
0!
b01101100 #
#139515
1!
#139520
0!
b01101101 #
#139525
1!
#139530
0!
b01101110 #
#139535
1!
#139540
0!
b01101111 #
#139545
1!
#139550
0!
b01110000 #
#139555
1!
#139560
0!
b01110001 #
#139565
1!
#139570
0!
b01110010 #
#139575
1!
#139580
0!
b01110011 #
#139585
1!
#139590
0!
b01110100 #
#139595
1!
#139600
0!
b01110101 #
#139605
1!
#139610
0!
b01110110 #
#139615
1!
#139620
0!
b01110111 #
#139625
1!
#139630
0!
b01111000 #
#139635
1!
#139640
0!
b01111001 #
#139645
1!
#139650
0!
b01111010 #
#139655
1!
#139660
0!
b01111011 #
#139665
1!
#139670
0!
b01111100 #
#139675
1!
#139680
0!
b01111101 #
#139685
1!
#139690
0!
b01111110 #
#139695
1!
#139700
0!
b01111111 #
#139705
1!
#139710
0!
b10000000 #
#139715
1!
#139720
0!
b10000001 #
#139725
1!
#139730
0!
b10000010 #
#139735
1!
#139740
0!
b10000011 #
#139745
1!
#139750
0!
b10000100 #
#139755
1!
#139760
0!
b10000101 #
#139765
1!
#139770
0!
b10000110 #
#139775
1!
#139780
0!
b10000111 #
#139785
1!
#139790
0!
b10001000 #
#139795
1!
#139800
0!
b10001001 #
#139805
1!
#139810
0!
b10001010 #
#139815
1!
#139820
0!
b10001011 #
#139825
1!
#139830
0!
b10001100 #
#139835
1!
#139840
0!
b10001101 #
#139845
1!
#139850
0!
b10001110 #
#139855
1!
#139860
0!
b10001111 #
#139865
1!
#139870
0!
b10010000 #
#139875
1!
#139880
0!
b10010001 #
#139885
1!
#139890
0!
b10010010 #
#139895
1!
#139900
0!
b10010011 #
#139905
1!
#139910
0!
b10010100 #
#139915
1!
#139920
0!
b10010101 #
#139925
1!
#139930
0!
b10010110 #
#139935
1!
#139940
0!
b10010111 #
#139945
1!
#139950
0!
b10011000 #
#139955
1!
#139960
0!
b10011001 #
#139965
1!
#139970
0!
b10011010 #
#139975
1!
#139980
0!
b10011011 #
#139985
1!
#139990
0!
b10011100 #
#139995
1!
#140000
0!
b10011101 #
#140005
1!
#140010
0!
b10011110 #
#140015
1!
#140020
0!
b10011111 #
#140025
1!
#140030
0!
b10100000 #
#140035
1!
#140040
0!
b10100001 #
#140045
1!
#140050
0!
b10100010 #
#140055
1!
#140060
0!
b10100011 #
#140065
1!
#140070
0!
b10100100 #
#140075
1!
#140080
0!
b10100101 #
#140085
1!
#140090
0!
b10100110 #
#140095
1!
#140100
0!
b10100111 #
#140105
1!
#140110
0!
b10101000 #
#140115
1!
#140120
0!
b10101001 #
#140125
1!
#140130
0!
b10101010 #
#140135
1!
#140140
0!
b10101011 #
#140145
1!
#140150
0!
b10101100 #
#140155
1!
#140160
0!
b10101101 #
#140165
1!
#140170
0!
b10101110 #
#140175
1!
#140180
0!
b10101111 #
#140185
1!
#140190
0!
b10110000 #
#140195
1!
#140200
0!
b10110001 #
#140205
1!
#140210
0!
b10110010 #
#140215
1!
#140220
0!
b10110011 #
#140225
1!
#140230
0!
b10110100 #
#140235
1!
#140240
0!
b10110101 #
#140245
1!
#140250
0!
b10110110 #
#140255
1!
#140260
0!
b10110111 #
#140265
1!
#140270
0!
b10111000 #
#140275
1!
#140280
0!
b10111001 #
#140285
1!
#140290
0!
b10111010 #
#140295
1!
#140300
0!
b10111011 #
#140305
1!
#140310
0!
b10111100 #
#140315
1!
#140320
0!
b10111101 #
#140325
1!
#140330
0!
b10111110 #
#140335
1!
#140340
0!
b10111111 #
#140345
1!
#140350
0!
b11000000 #
#140355
1!
#140360
0!
b11000001 #
#140365
1!
#140370
0!
b11000010 #
#140375
1!
#140380
0!
b11000011 #
#140385
1!
#140390
0!
b11000100 #
#140395
1!
#140400
0!
b11000101 #
#140405
1!
#140410
0!
b11000110 #
#140415
1!
#140420
0!
b11000111 #
#140425
1!
#140430
0!
b11001000 #
#140435
1!
#140440
0!
b11001001 #
#140445
1!
#140450
0!
b11001010 #
#140455
1!
#140460
0!
b11001011 #
#140465
1!
#140470
0!
b11001100 #
#140475
1!
#140480
0!
b11001101 #
#140485
1!
#140490
0!
b11001110 #
#140495
1!
#140500
0!
b11001111 #
#140505
1!
#140510
0!
b11010000 #
#140515
1!
#140520
0!
b11010001 #
#140525
1!
#140530
0!
b11010010 #
#140535
1!
#140540
0!
b11010011 #
#140545
1!
#140550
0!
b11010100 #
#140555
1!
#140560
0!
b11010101 #
#140565
1!
#140570
0!
b11010110 #
#140575
1!
#140580
0!
b11010111 #
#140585
1!
#140590
0!
b11011000 #
#140595
1!
#140600
0!
b11011001 #
#140605
1!
#140610
0!
b11011010 #
#140615
1!
#140620
0!
b11011011 #
#140625
1!
0)
#140630
0!
b11011100 #
#140635
1!
#140640
0!
b11011101 #
#140645
1!
#140650
0!
b11011110 #
#140655
1!
#140660
0!
b11011111 #
#140665
1!
#140670
0!
b11100000 #
#140675
1!
#140680
0!
b11100001 #
#140685
1!
#140690
0!
b11100010 #
#140695
1!
#140700
0!
b11100011 #
#140705
1!
#140710
0!
b11100100 #
#140715
1!
#140720
0!
b11100101 #
#140725
1!
#140730
0!
b11100110 #
#140735
1!
#140740
0!
b11100111 #
#140745
1!
#140750
0!
b11101000 #
#140755
1!
#140760
0!
b11101001 #
#140765
1!
#140770
0!
b11101010 #
#140775
1!
#140780
0!
b11101011 #
#140785
1!
#140790
0!
b11101100 #
#140795
1!
#140800
0!
b11101101 #
#140805
1!
#140810
0!
b11101110 #
#140815
1!
#140820
0!
b11101111 #
#140825
1!
#140830
0!
b11110000 #
#140835
1!
#140840
0!
b11110001 #
#140845
1!
#140850
0!
b11110010 #
#140855
1!
#140860
0!
b11110011 #
#140865
1!
#140870
0!
b11110100 #
#140875
1!
#140880
0!
b11110101 #
#140885
1!
#140890
0!
b11110110 #
#140895
1!
#140900
0!
b11110111 #
#140905
1!
#140910
0!
b11111000 #
#140915
1!
#140920
0!
b11111001 #
#140925
1!
#140930
0!
b11111010 #
#140935
1!
#140940
0!
b11111011 #
#140945
1!
#140950
0!
b11111100 #
#140955
1!
#140960
0!
b11111101 #
#140965
1!
#140970
0!
b11111110 #
#140975
1!
#140980
0!
b11111111 #
#140985
1!
#140990
0!
b00000000 #
#140995
1!
#141000
0!
b00000001 #
#141005
1!
#141010
0!
b00000010 #
#141015
1!
#141020
0!
b00000011 #
#141025
1!
#141030
0!
b00000100 #
#141035
1!
#141040
0!
b00000101 #
#141045
1!
#141050
0!
b00000110 #
#141055
1!
#141060
0!
b00000111 #
#141065
1!
#141070
0!
b00001000 #
#141075
1!
#141080
0!
b00001001 #
#141085
1!
#141090
0!
b00001010 #
#141095
1!
#141100
0!
b00001011 #
#141105
1!
#141110
0!
b00001100 #
#141115
1!
#141120
0!
b00001101 #
#141125
1!
#141130
0!
b00001110 #
#141135
1!
#141140
0!
b00001111 #
#141145
1!
#141150
0!
b00010000 #
#141155
1!
#141160
0!
b00010001 #
#141165
1!
#141170
0!
b00010010 #
#141175
1!
#141180
0!
b00010011 #
#141185
1!
#141190
0!
b00010100 #
#141195
1!
#141200
0!
b00010101 #
#141205
1!
#141210
0!
b00010110 #
#141215
1!
#141220
0!
b00010111 #
#141225
1!
#141230
0!
b00011000 #
#141235
1!
#141240
0!
b00011001 #
#141245
1!
#141250
0!
b00011010 #
0*
#141255
1!
#141260
0!
b00011011 #
#141265
1!
#141270
0!
b00011100 #
#141275
1!
#141280
0!
b00011101 #
#141285
1!
#141290
0!
b00011110 #
#141295
1!
#141300
0!
b00011111 #
#141305
1!
#141310
0!
b00100000 #
#141315
1!
#141320
0!
b00100001 #
#141325
1!
#141330
0!
b00100010 #
#141335
1!
#141340
0!
b00100011 #
#141345
1!
#141350
0!
b00100100 #
#141355
1!
#141360
0!
b00100101 #
#141365
1!
#141370
0!
b00100110 #
#141375
1!
#141380
0!
b00100111 #
#141385
1!
#141390
0!
b00101000 #
#141395
1!
#141400
0!
b00101001 #
#141405
1!
#141410
0!
b00101010 #
#141415
1!
#141420
0!
b00101011 #
#141425
1!
#141430
0!
b00101100 #
#141435
1!
#141440
0!
b00101101 #
#141445
1!
#141450
0!
b00101110 #
#141455
1!
#141460
0!
b00101111 #
#141465
1!
#141470
0!
b00110000 #
#141475
1!
#141480
0!
b00110001 #
#141485
1!
#141490
0!
b00110010 #
#141495
1!
#141500
0!
b00110011 #
#141505
1!
#141510
0!
b00110100 #
#141515
1!
#141520
0!
b00110101 #
#141525
1!
#141530
0!
b00110110 #
#141535
1!
#141540
0!
b00110111 #
#141545
1!
#141550
0!
b00111000 #
#141555
1!
#141560
0!
b00111001 #
#141565
1!
#141570
0!
b00111010 #
#141575
1!
#141580
0!
b00111011 #
#141585
1!
#141590
0!
b00111100 #
#141595
1!
#141600
0!
b00111101 #
#141605
1!
#141610
0!
b00111110 #
#141615
1!
#141620
0!
b00111111 #
#141625
1!
#141630
0!
b01000000 #
#141635
1!
#141640
0!
b01000001 #
#141645
1!
#141650
0!
b01000010 #
#141655
1!
#141660
0!
b01000011 #
#141665
1!
#141670
0!
b01000100 #
#141675
1!
#141680
0!
b01000101 #
#141685
1!
#141690
0!
b01000110 #
#141695
1!
#141700
0!
b01000111 #
#141705
1!
#141710
0!
b01001000 #
#141715
1!
#141720
0!
b01001001 #
#141725
1!
#141730
0!
b01001010 #
#141735
1!
#141740
0!
b01001011 #
#141745
1!
#141750
0!
b01001100 #
#141755
1!
#141760
0!
b01001101 #
#141765
1!
#141770
0!
b01001110 #
#141775
1!
#141780
0!
b01001111 #
#141785
1!
#141790
0!
b01010000 #
#141795
1!
#141800
0!
b01010001 #
#141805
1!
#141810
0!
b01010010 #
#141815
1!
#141820
0!
b01010011 #
#141825
1!
#141830
0!
b01010100 #
#141835
1!
#141840
0!
b01010101 #
#141845
1!
#141850
0!
b01010110 #
#141855
1!
#141860
0!
b01010111 #
#141865
1!
#141870
0!
b01011000 #
#141875
1!
1)
#141880
0!
b01011001 #
#141885
1!
#141890
0!
b01011010 #
#141895
1!
#141900
0!
b01011011 #
#141905
1!
#141910
0!
b01011100 #
#141915
1!
#141920
0!
b01011101 #
#141925
1!
#141930
0!
b01011110 #
#141935
1!
#141940
0!
b01011111 #
#141945
1!
#141950
0!
b01100000 #
#141955
1!
#141960
0!
b01100001 #
#141965
1!
#141970
0!
b01100010 #
#141975
1!
#141980
0!
b01100011 #
#141985
1!
#141990
0!
b01100100 #
#141995
1!
#142000
0!
b01100101 #
#142005
1!
#142010
0!
b01100110 #
#142015
1!
#142020
0!
b01100111 #
#142025
1!
#142030
0!
b01101000 #
#142035
1!
#142040
0!
b01101001 #
#142045
1!
#142050
0!
b01101010 #
#142055
1!
#142060
0!
b01101011 #
#142065
1!
#142070
0!
b01101100 #
#142075
1!
#142080
0!
b01101101 #
#142085
1!
#142090
0!
b01101110 #
#142095
1!
#142100
0!
b01101111 #
#142105
1!
#142110
0!
b01110000 #
#142115
1!
#142120
0!
b01110001 #
#142125
1!
#142130
0!
b01110010 #
#142135
1!
#142140
0!
b01110011 #
#142145
1!
#142150
0!
b01110100 #
#142155
1!
#142160
0!
b01110101 #
#142165
1!
#142170
0!
b01110110 #
#142175
1!
#142180
0!
b01110111 #
#142185
1!
#142190
0!
b01111000 #
#142195
1!
#142200
0!
b01111001 #
#142205
1!
#142210
0!
b01111010 #
#142215
1!
#142220
0!
b01111011 #
#142225
1!
#142230
0!
b01111100 #
#142235
1!
#142240
0!
b01111101 #
#142245
1!
#142250
0!
b01111110 #
#142255
1!
#142260
0!
b01111111 #
#142265
1!
#142270
0!
b10000000 #
#142275
1!
#142280
0!
b10000001 #
#142285
1!
#142290
0!
b10000010 #
#142295
1!
#142300
0!
b10000011 #
#142305
1!
#142310
0!
b10000100 #
#142315
1!
#142320
0!
b10000101 #
#142325
1!
#142330
0!
b10000110 #
#142335
1!
#142340
0!
b10000111 #
#142345
1!
#142350
0!
b10001000 #
#142355
1!
#142360
0!
b10001001 #
#142365
1!
#142370
0!
b10001010 #
#142375
1!
#142380
0!
b10001011 #
#142385
1!
#142390
0!
b10001100 #
#142395
1!
#142400
0!
b10001101 #
#142405
1!
#142410
0!
b10001110 #
#142415
1!
#142420
0!
b10001111 #
#142425
1!
#142430
0!
b10010000 #
#142435
1!
#142440
0!
b10010001 #
#142445
1!
#142450
0!
b10010010 #
#142455
1!
#142460
0!
b10010011 #
#142465
1!
#142470
0!
b10010100 #
#142475
1!
#142480
0!
b10010101 #
#142485
1!
#142490
0!
b10010110 #
#142495
1!
#142500
0!
b10010111 #
#142505
1!
#142510
0!
b10011000 #
#142515
1!
#142520
0!
b10011001 #
#142525
1!
#142530
0!
b10011010 #
#142535
1!
#142540
0!
b10011011 #
#142545
1!
#142550
0!
b10011100 #
#142555
1!
#142560
0!
b10011101 #
#142565
1!
#142570
0!
b10011110 #
#142575
1!
#142580
0!
b10011111 #
#142585
1!
#142590
0!
b10100000 #
#142595
1!
#142600
0!
b10100001 #
#142605
1!
#142610
0!
b10100010 #
#142615
1!
#142620
0!
b10100011 #
#142625
1!
#142630
0!
b10100100 #
#142635
1!
#142640
0!
b10100101 #
#142645
1!
#142650
0!
b10100110 #
#142655
1!
#142660
0!
b10100111 #
#142665
1!
#142670
0!
b10101000 #
#142675
1!
#142680
0!
b10101001 #
#142685
1!
#142690
0!
b10101010 #
#142695
1!
#142700
0!
b10101011 #
#142705
1!
#142710
0!
b10101100 #
#142715
1!
#142720
0!
b10101101 #
#142725
1!
#142730
0!
b10101110 #
#142735
1!
#142740
0!
b10101111 #
#142745
1!
#142750
0!
b10110000 #
#142755
1!
#142760
0!
b10110001 #
#142765
1!
#142770
0!
b10110010 #
#142775
1!
#142780
0!
b10110011 #
#142785
1!
#142790
0!
b10110100 #
#142795
1!
#142800
0!
b10110101 #
#142805
1!
#142810
0!
b10110110 #
#142815
1!
#142820
0!
b10110111 #
#142825
1!
#142830
0!
b10111000 #
#142835
1!
#142840
0!
b10111001 #
#142845
1!
#142850
0!
b10111010 #
#142855
1!
#142860
0!
b10111011 #
#142865
1!
#142870
0!
b10111100 #
#142875
1!
#142880
0!
b10111101 #
#142885
1!
#142890
0!
b10111110 #
#142895
1!
#142900
0!
b10111111 #
#142905
1!
#142910
0!
b11000000 #
#142915
1!
#142920
0!
b11000001 #
#142925
1!
#142930
0!
b11000010 #
#142935
1!
#142940
0!
b11000011 #
#142945
1!
#142950
0!
b11000100 #
#142955
1!
#142960
0!
b11000101 #
#142965
1!
#142970
0!
b11000110 #
#142975
1!
#142980
0!
b11000111 #
#142985
1!
#142990
0!
b11001000 #
#142995
1!
#143000
0!
b11001001 #
#143005
1!
#143010
0!
b11001010 #
#143015
1!
#143020
0!
b11001011 #
#143025
1!
#143030
0!
b11001100 #
#143035
1!
#143040
0!
b11001101 #
#143045
1!
#143050
0!
b11001110 #
#143055
1!
#143060
0!
b11001111 #
#143065
1!
#143070
0!
b11010000 #
#143075
1!
#143080
0!
b11010001 #
#143085
1!
#143090
0!
b11010010 #
#143095
1!
#143100
0!
b11010011 #
#143105
1!
#143110
0!
b11010100 #
#143115
1!
#143120
0!
b11010101 #
#143125
1!
0)
#143130
0!
b11010110 #
#143135
1!
#143140
0!
b11010111 #
#143145
1!
#143150
0!
b11011000 #
#143155
1!
#143160
0!
b11011001 #
#143165
1!
#143170
0!
b11011010 #
#143175
1!
#143180
0!
b11011011 #
#143185
1!
#143190
0!
b11011100 #
#143195
1!
#143200
0!
b11011101 #
#143205
1!
#143210
0!
b11011110 #
#143215
1!
#143220
0!
b11011111 #
#143225
1!
#143230
0!
b11100000 #
#143235
1!
#143240
0!
b11100001 #
#143245
1!
#143250
0!
b11100010 #
#143255
1!
#143260
0!
b11100011 #
#143265
1!
#143270
0!
b11100100 #
#143275
1!
#143280
0!
b11100101 #
#143285
1!
#143290
0!
b11100110 #
#143295
1!
#143300
0!
b11100111 #
#143305
1!
#143310
0!
b11101000 #
#143315
1!
#143320
0!
b11101001 #
#143325
1!
#143330
0!
b11101010 #
#143335
1!
#143340
0!
b11101011 #
#143345
1!
#143350
0!
b11101100 #
#143355
1!
#143360
0!
b11101101 #
#143365
1!
#143370
0!
b11101110 #
#143375
1!
#143380
0!
b11101111 #
#143385
1!
#143390
0!
b11110000 #
#143395
1!
#143400
0!
b11110001 #
#143405
1!
#143410
0!
b11110010 #
#143415
1!
#143420
0!
b11110011 #
#143425
1!
#143430
0!
b11110100 #
#143435
1!
#143440
0!
b11110101 #
#143445
1!
#143450
0!
b11110110 #
#143455
1!
#143460
0!
b11110111 #
#143465
1!
#143470
0!
b11111000 #
#143475
1!
#143480
0!
b11111001 #
#143485
1!
#143490
0!
b11111010 #
#143495
1!
#143500
0!
b11111011 #
#143505
1!
#143510
0!
b11111100 #
#143515
1!
#143520
0!
b11111101 #
#143525
1!
#143530
0!
b11111110 #
#143535
1!
#143540
0!
b11111111 #
#143545
1!
#143550
0!
b00000000 #
#143555
1!
#143560
0!
b00000001 #
#143565
1!
#143570
0!
b00000010 #
#143575
1!
#143580
0!
b00000011 #
#143585
1!
#143590
0!
b00000100 #
#143595
1!
#143600
0!
b00000101 #
#143605
1!
#143610
0!
b00000110 #
#143615
1!
#143620
0!
b00000111 #
#143625
1!
#143630
0!
b00001000 #
#143635
1!
#143640
0!
b00001001 #
#143645
1!
#143650
0!
b00001010 #
#143655
1!
#143660
0!
b00001011 #
#143665
1!
#143670
0!
b00001100 #
#143675
1!
#143680
0!
b00001101 #
#143685
1!
#143690
0!
b00001110 #
#143695
1!
#143700
0!
b00001111 #
#143705
1!
#143710
0!
b00010000 #
#143715
1!
#143720
0!
b00010001 #
#143725
1!
#143730
0!
b00010010 #
#143735
1!
#143740
0!
b00010011 #
#143745
1!
#143750
0!
b00010100 #
0*
#143755
1!
#143760
0!
b00010101 #
#143765
1!
#143770
0!
b00010110 #
#143775
1!
#143780
0!
b00010111 #
#143785
1!
#143790
0!
b00011000 #
#143795
1!
#143800
0!
b00011001 #
#143805
1!
#143810
0!
b00011010 #
#143815
1!
#143820
0!
b00011011 #
#143825
1!
#143830
0!
b00011100 #
#143835
1!
#143840
0!
b00011101 #
#143845
1!
#143850
0!
b00011110 #
#143855
1!
#143860
0!
b00011111 #
#143865
1!
#143870
0!
b00100000 #
#143875
1!
#143880
0!
b00100001 #
#143885
1!
#143890
0!
b00100010 #
#143895
1!
#143900
0!
b00100011 #
#143905
1!
#143910
0!
b00100100 #
#143915
1!
#143920
0!
b00100101 #
#143925
1!
#143930
0!
b00100110 #
#143935
1!
#143940
0!
b00100111 #
#143945
1!
#143950
0!
b00101000 #
#143955
1!
#143960
0!
b00101001 #
#143965
1!
#143970
0!
b00101010 #
#143975
1!
#143980
0!
b00101011 #
#143985
1!
#143990
0!
b00101100 #
#143995
1!
#144000
0!
b00101101 #
#144005
1!
#144010
0!
b00101110 #
#144015
1!
#144020
0!
b00101111 #
#144025
1!
#144030
0!
b00110000 #
#144035
1!
#144040
0!
b00110001 #
#144045
1!
#144050
0!
b00110010 #
#144055
1!
#144060
0!
b00110011 #
#144065
1!
#144070
0!
b00110100 #
#144075
1!
#144080
0!
b00110101 #
#144085
1!
#144090
0!
b00110110 #
#144095
1!
#144100
0!
b00110111 #
#144105
1!
#144110
0!
b00111000 #
#144115
1!
#144120
0!
b00111001 #
#144125
1!
#144130
0!
b00111010 #
#144135
1!
#144140
0!
b00111011 #
#144145
1!
#144150
0!
b00111100 #
#144155
1!
#144160
0!
b00111101 #
#144165
1!
#144170
0!
b00111110 #
#144175
1!
#144180
0!
b00111111 #
#144185
1!
#144190
0!
b01000000 #
#144195
1!
#144200
0!
b01000001 #
#144205
1!
#144210
0!
b01000010 #
#144215
1!
#144220
0!
b01000011 #
#144225
1!
#144230
0!
b01000100 #
#144235
1!
#144240
0!
b01000101 #
#144245
1!
#144250
0!
b01000110 #
#144255
1!
#144260
0!
b01000111 #
#144265
1!
#144270
0!
b01001000 #
#144275
1!
#144280
0!
b01001001 #
#144285
1!
#144290
0!
b01001010 #
#144295
1!
#144300
0!
b01001011 #
#144305
1!
#144310
0!
b01001100 #
#144315
1!
#144320
0!
b01001101 #
#144325
1!
#144330
0!
b01001110 #
#144335
1!
#144340
0!
b01001111 #
#144345
1!
#144350
0!
b01010000 #
#144355
1!
#144360
0!
b01010001 #
#144365
1!
#144370
0!
b01010010 #
#144375
1!
1)
#144380
0!
b01010011 #
#144385
1!
#144390
0!
b01010100 #
#144395
1!
#144400
0!
b01010101 #
#144405
1!
#144410
0!
b01010110 #
#144415
1!
#144420
0!
b01010111 #
#144425
1!
#144430
0!
b01011000 #
#144435
1!
#144440
0!
b01011001 #
#144445
1!
#144450
0!
b01011010 #
#144455
1!
#144460
0!
b01011011 #
#144465
1!
#144470
0!
b01011100 #
#144475
1!
#144480
0!
b01011101 #
#144485
1!
#144490
0!
b01011110 #
#144495
1!
#144500
0!
b01011111 #
#144505
1!
#144510
0!
b01100000 #
#144515
1!
#144520
0!
b01100001 #
#144525
1!
#144530
0!
b01100010 #
#144535
1!
#144540
0!
b01100011 #
#144545
1!
#144550
0!
b01100100 #
#144555
1!
#144560
0!
b01100101 #
#144565
1!
#144570
0!
b01100110 #
#144575
1!
#144580
0!
b01100111 #
#144585
1!
#144590
0!
b01101000 #
#144595
1!
#144600
0!
b01101001 #
#144605
1!
#144610
0!
b01101010 #
#144615
1!
#144620
0!
b01101011 #
#144625
1!
#144630
0!
b01101100 #
#144635
1!
#144640
0!
b01101101 #
#144645
1!
#144650
0!
b01101110 #
#144655
1!
#144660
0!
b01101111 #
#144665
1!
#144670
0!
b01110000 #
#144675
1!
#144680
0!
b01110001 #
#144685
1!
#144690
0!
b01110010 #
#144695
1!
#144700
0!
b01110011 #
#144705
1!
#144710
0!
b01110100 #
#144715
1!
#144720
0!
b01110101 #
#144725
1!
#144730
0!
b01110110 #
#144735
1!
#144740
0!
b01110111 #
#144745
1!
#144750
0!
b01111000 #
#144755
1!
#144760
0!
b01111001 #
#144765
1!
#144770
0!
b01111010 #
#144775
1!
#144780
0!
b01111011 #
#144785
1!
#144790
0!
b01111100 #
#144795
1!
#144800
0!
b01111101 #
#144805
1!
#144810
0!
b01111110 #
#144815
1!
#144820
0!
b01111111 #
#144825
1!
#144830
0!
b10000000 #
#144835
1!
#144840
0!
b10000001 #
#144845
1!
#144850
0!
b10000010 #
#144855
1!
#144860
0!
b10000011 #
#144865
1!
#144870
0!
b10000100 #
#144875
1!
#144880
0!
b10000101 #
#144885
1!
#144890
0!
b10000110 #
#144895
1!
#144900
0!
b10000111 #
#144905
1!
#144910
0!
b10001000 #
#144915
1!
#144920
0!
b10001001 #
#144925
1!
#144930
0!
b10001010 #
#144935
1!
#144940
0!
b10001011 #
#144945
1!
#144950
0!
b10001100 #
#144955
1!
#144960
0!
b10001101 #
#144965
1!
#144970
0!
b10001110 #
#144975
1!
#144980
0!
b10001111 #
#144985
1!
#144990
0!
b10010000 #
#144995
1!
#145000
0!
b10010001 #
#145005
1!
#145010
0!
b10010010 #
#145015
1!
#145020
0!
b10010011 #
#145025
1!
#145030
0!
b10010100 #
#145035
1!
#145040
0!
b10010101 #
#145045
1!
#145050
0!
b10010110 #
#145055
1!
#145060
0!
b10010111 #
#145065
1!
#145070
0!
b10011000 #
#145075
1!
#145080
0!
b10011001 #
#145085
1!
#145090
0!
b10011010 #
#145095
1!
#145100
0!
b10011011 #
#145105
1!
#145110
0!
b10011100 #
#145115
1!
#145120
0!
b10011101 #
#145125
1!
#145130
0!
b10011110 #
#145135
1!
#145140
0!
b10011111 #
#145145
1!
#145150
0!
b10100000 #
#145155
1!
#145160
0!
b10100001 #
#145165
1!
#145170
0!
b10100010 #
#145175
1!
#145180
0!
b10100011 #
#145185
1!
#145190
0!
b10100100 #
#145195
1!
#145200
0!
b10100101 #
#145205
1!
#145210
0!
b10100110 #
#145215
1!
#145220
0!
b10100111 #
#145225
1!
#145230
0!
b10101000 #
#145235
1!
#145240
0!
b10101001 #
#145245
1!
#145250
0!
b10101010 #
#145255
1!
#145260
0!
b10101011 #
#145265
1!
#145270
0!
b10101100 #
#145275
1!
#145280
0!
b10101101 #
#145285
1!
#145290
0!
b10101110 #
#145295
1!
#145300
0!
b10101111 #
#145305
1!
#145310
0!
b10110000 #
#145315
1!
#145320
0!
b10110001 #
#145325
1!
#145330
0!
b10110010 #
#145335
1!
#145340
0!
b10110011 #
#145345
1!
#145350
0!
b10110100 #
#145355
1!
#145360
0!
b10110101 #
#145365
1!
#145370
0!
b10110110 #
#145375
1!
#145380
0!
b10110111 #
#145385
1!
#145390
0!
b10111000 #
#145395
1!
#145400
0!
b10111001 #
#145405
1!
#145410
0!
b10111010 #
#145415
1!
#145420
0!
b10111011 #
#145425
1!
#145430
0!
b10111100 #
#145435
1!
#145440
0!
b10111101 #
#145445
1!
#145450
0!
b10111110 #
#145455
1!
#145460
0!
b10111111 #
#145465
1!
#145470
0!
b11000000 #
#145475
1!
#145480
0!
b11000001 #
#145485
1!
#145490
0!
b11000010 #
#145495
1!
#145500
0!
b11000011 #
#145505
1!
#145510
0!
b11000100 #
#145515
1!
#145520
0!
b11000101 #
#145525
1!
#145530
0!
b11000110 #
#145535
1!
#145540
0!
b11000111 #
#145545
1!
#145550
0!
b11001000 #
#145555
1!
#145560
0!
b11001001 #
#145565
1!
#145570
0!
b11001010 #
#145575
1!
#145580
0!
b11001011 #
#145585
1!
#145590
0!
b11001100 #
#145595
1!
#145600
0!
b11001101 #
#145605
1!
#145610
0!
b11001110 #
#145615
1!
#145620
0!
b11001111 #
#145625
1!
0)
#145630
0!
b11010000 #
#145635
1!
#145640
0!
b11010001 #
#145645
1!
#145650
0!
b11010010 #
#145655
1!
#145660
0!
b11010011 #
#145665
1!
#145670
0!
b11010100 #
#145675
1!
#145680
0!
b11010101 #
#145685
1!
#145690
0!
b11010110 #
#145695
1!
#145700
0!
b11010111 #
#145705
1!
#145710
0!
b11011000 #
#145715
1!
#145720
0!
b11011001 #
#145725
1!
#145730
0!
b11011010 #
#145735
1!
#145740
0!
b11011011 #
#145745
1!
#145750
0!
b11011100 #
#145755
1!
#145760
0!
b11011101 #
#145765
1!
#145770
0!
b11011110 #
#145775
1!
#145780
0!
b11011111 #
#145785
1!
#145790
0!
b11100000 #
#145795
1!
#145800
0!
b11100001 #
#145805
1!
#145810
0!
b11100010 #
#145815
1!
#145820
0!
b11100011 #
#145825
1!
#145830
0!
b11100100 #
#145835
1!
#145840
0!
b11100101 #
#145845
1!
#145850
0!
b11100110 #
#145855
1!
#145860
0!
b11100111 #
#145865
1!
#145870
0!
b11101000 #
#145875
1!
#145880
0!
b11101001 #
#145885
1!
#145890
0!
b11101010 #
#145895
1!
#145900
0!
b11101011 #
#145905
1!
#145910
0!
b11101100 #
#145915
1!
#145920
0!
b11101101 #
#145925
1!
#145930
0!
b11101110 #
#145935
1!
#145940
0!
b11101111 #
#145945
1!
#145950
0!
b11110000 #
#145955
1!
#145960
0!
b11110001 #
#145965
1!
#145970
0!
b11110010 #
#145975
1!
#145980
0!
b11110011 #
#145985
1!
#145990
0!
b11110100 #
#145995
1!
#146000
0!
b11110101 #
#146005
1!
#146010
0!
b11110110 #
#146015
1!
#146020
0!
b11110111 #
#146025
1!
#146030
0!
b11111000 #
#146035
1!
#146040
0!
b11111001 #
#146045
1!
#146050
0!
b11111010 #
#146055
1!
#146060
0!
b11111011 #
#146065
1!
#146070
0!
b11111100 #
#146075
1!
#146080
0!
b11111101 #
#146085
1!
#146090
0!
b11111110 #
#146095
1!
#146100
0!
b11111111 #
#146105
1!
#146110
0!
b00000000 #
#146115
1!
#146120
0!
b00000001 #
#146125
1!
#146130
0!
b00000010 #
#146135
1!
#146140
0!
b00000011 #
#146145
1!
#146150
0!
b00000100 #
#146155
1!
#146160
0!
b00000101 #
#146165
1!
#146170
0!
b00000110 #
#146175
1!
#146180
0!
b00000111 #
#146185
1!
#146190
0!
b00001000 #
#146195
1!
#146200
0!
b00001001 #
#146205
1!
#146210
0!
b00001010 #
#146215
1!
#146220
0!
b00001011 #
#146225
1!
#146230
0!
b00001100 #
#146235
1!
#146240
0!
b00001101 #
#146245
1!
#146250
0!
b00001110 #
0*
#146255
1!
#146260
0!
b00001111 #
#146265
1!
#146270
0!
b00010000 #
#146275
1!
#146280
0!
b00010001 #
#146285
1!
#146290
0!
b00010010 #
#146295
1!
#146300
0!
b00010011 #
#146305
1!
#146310
0!
b00010100 #
#146315
1!
#146320
0!
b00010101 #
#146325
1!
#146330
0!
b00010110 #
#146335
1!
#146340
0!
b00010111 #
#146345
1!
#146350
0!
b00011000 #
#146355
1!
#146360
0!
b00011001 #
#146365
1!
#146370
0!
b00011010 #
#146375
1!
#146380
0!
b00011011 #
#146385
1!
#146390
0!
b00011100 #
#146395
1!
#146400
0!
b00011101 #
#146405
1!
#146410
0!
b00011110 #
#146415
1!
#146420
0!
b00011111 #
#146425
1!
#146430
0!
b00100000 #
#146435
1!
#146440
0!
b00100001 #
#146445
1!
#146450
0!
b00100010 #
#146455
1!
#146460
0!
b00100011 #
#146465
1!
#146470
0!
b00100100 #
#146475
1!
#146480
0!
b00100101 #
#146485
1!
#146490
0!
b00100110 #
#146495
1!
#146500
0!
b00100111 #
#146505
1!
#146510
0!
b00101000 #
#146515
1!
#146520
0!
b00101001 #
#146525
1!
#146530
0!
b00101010 #
#146535
1!
#146540
0!
b00101011 #
#146545
1!
#146550
0!
b00101100 #
#146555
1!
#146560
0!
b00101101 #
#146565
1!
#146570
0!
b00101110 #
#146575
1!
#146580
0!
b00101111 #
#146585
1!
#146590
0!
b00110000 #
#146595
1!
#146600
0!
b00110001 #
#146605
1!
#146610
0!
b00110010 #
#146615
1!
#146620
0!
b00110011 #
#146625
1!
#146630
0!
b00110100 #
#146635
1!
#146640
0!
b00110101 #
#146645
1!
#146650
0!
b00110110 #
#146655
1!
#146660
0!
b00110111 #
#146665
1!
#146670
0!
b00111000 #
#146675
1!
#146680
0!
b00111001 #
#146685
1!
#146690
0!
b00111010 #
#146695
1!
#146700
0!
b00111011 #
#146705
1!
#146710
0!
b00111100 #
#146715
1!
#146720
0!
b00111101 #
#146725
1!
#146730
0!
b00111110 #
#146735
1!
#146740
0!
b00111111 #
#146745
1!
#146750
0!
b01000000 #
#146755
1!
#146760
0!
b01000001 #
#146765
1!
#146770
0!
b01000010 #
#146775
1!
#146780
0!
b01000011 #
#146785
1!
#146790
0!
b01000100 #
#146795
1!
#146800
0!
b01000101 #
#146805
1!
#146810
0!
b01000110 #
#146815
1!
#146820
0!
b01000111 #
#146825
1!
#146830
0!
b01001000 #
#146835
1!
#146840
0!
b01001001 #
#146845
1!
#146850
0!
b01001010 #
#146855
1!
#146860
0!
b01001011 #
#146865
1!
#146870
0!
b01001100 #
#146875
1!
1)
#146880
0!
b01001101 #
#146885
1!
#146890
0!
b01001110 #
#146895
1!
#146900
0!
b01001111 #
#146905
1!
#146910
0!
b01010000 #
#146915
1!
#146920
0!
b01010001 #
#146925
1!
#146930
0!
b01010010 #
#146935
1!
#146940
0!
b01010011 #
#146945
1!
#146950
0!
b01010100 #
#146955
1!
#146960
0!
b01010101 #
#146965
1!
#146970
0!
b01010110 #
#146975
1!
#146980
0!
b01010111 #
#146985
1!
#146990
0!
b01011000 #
#146995
1!
#147000
0!
b01011001 #
#147005
1!
#147010
0!
b01011010 #
#147015
1!
#147020
0!
b01011011 #
#147025
1!
#147030
0!
b01011100 #
#147035
1!
#147040
0!
b01011101 #
#147045
1!
#147050
0!
b01011110 #
#147055
1!
#147060
0!
b01011111 #
#147065
1!
#147070
0!
b01100000 #
#147075
1!
#147080
0!
b01100001 #
#147085
1!
#147090
0!
b01100010 #
#147095
1!
#147100
0!
b01100011 #
#147105
1!
#147110
0!
b01100100 #
#147115
1!
#147120
0!
b01100101 #
#147125
1!
#147130
0!
b01100110 #
#147135
1!
#147140
0!
b01100111 #
#147145
1!
#147150
0!
b01101000 #
#147155
1!
#147160
0!
b01101001 #
#147165
1!
#147170
0!
b01101010 #
#147175
1!
#147180
0!
b01101011 #
#147185
1!
#147190
0!
b01101100 #
#147195
1!
#147200
0!
b01101101 #
#147205
1!
#147210
0!
b01101110 #
#147215
1!
#147220
0!
b01101111 #
#147225
1!
#147230
0!
b01110000 #
#147235
1!
#147240
0!
b01110001 #
#147245
1!
#147250
0!
b01110010 #
#147255
1!
#147260
0!
b01110011 #
#147265
1!
#147270
0!
b01110100 #
#147275
1!
#147280
0!
b01110101 #
#147285
1!
#147290
0!
b01110110 #
#147295
1!
#147300
0!
b01110111 #
#147305
1!
#147310
0!
b01111000 #
#147315
1!
#147320
0!
b01111001 #
#147325
1!
#147330
0!
b01111010 #
#147335
1!
#147340
0!
b01111011 #
#147345
1!
#147350
0!
b01111100 #
#147355
1!
#147360
0!
b01111101 #
#147365
1!
#147370
0!
b01111110 #
#147375
1!
#147380
0!
b01111111 #
#147385
1!
#147390
0!
b10000000 #
#147395
1!
#147400
0!
b10000001 #
#147405
1!
#147410
0!
b10000010 #
#147415
1!
#147420
0!
b10000011 #
#147425
1!
#147430
0!
b10000100 #
#147435
1!
#147440
0!
b10000101 #
#147445
1!
#147450
0!
b10000110 #
#147455
1!
#147460
0!
b10000111 #
#147465
1!
#147470
0!
b10001000 #
#147475
1!
#147480
0!
b10001001 #
#147485
1!
#147490
0!
b10001010 #
#147495
1!
#147500
0!
b10001011 #
#147505
1!
#147510
0!
b10001100 #
#147515
1!
#147520
0!
b10001101 #
#147525
1!
#147530
0!
b10001110 #
#147535
1!
#147540
0!
b10001111 #
#147545
1!
#147550
0!
b10010000 #
#147555
1!
#147560
0!
b10010001 #
#147565
1!
#147570
0!
b10010010 #
#147575
1!
#147580
0!
b10010011 #
#147585
1!
#147590
0!
b10010100 #
#147595
1!
#147600
0!
b10010101 #
#147605
1!
#147610
0!
b10010110 #
#147615
1!
#147620
0!
b10010111 #
#147625
1!
#147630
0!
b10011000 #
#147635
1!
#147640
0!
b10011001 #
#147645
1!
#147650
0!
b10011010 #
#147655
1!
#147660
0!
b10011011 #
#147665
1!
#147670
0!
b10011100 #
#147675
1!
#147680
0!
b10011101 #
#147685
1!
#147690
0!
b10011110 #
#147695
1!
#147700
0!
b10011111 #
#147705
1!
#147710
0!
b10100000 #
#147715
1!
#147720
0!
b10100001 #
#147725
1!
#147730
0!
b10100010 #
#147735
1!
#147740
0!
b10100011 #
#147745
1!
#147750
0!
b10100100 #
#147755
1!
#147760
0!
b10100101 #
#147765
1!
#147770
0!
b10100110 #
#147775
1!
#147780
0!
b10100111 #
#147785
1!
#147790
0!
b10101000 #
#147795
1!
#147800
0!
b10101001 #
#147805
1!
#147810
0!
b10101010 #
#147815
1!
#147820
0!
b10101011 #
#147825
1!
#147830
0!
b10101100 #
#147835
1!
#147840
0!
b10101101 #
#147845
1!
#147850
0!
b10101110 #
#147855
1!
#147860
0!
b10101111 #
#147865
1!
#147870
0!
b10110000 #
#147875
1!
#147880
0!
b10110001 #
#147885
1!
#147890
0!
b10110010 #
#147895
1!
#147900
0!
b10110011 #
#147905
1!
#147910
0!
b10110100 #
#147915
1!
#147920
0!
b10110101 #
#147925
1!
#147930
0!
b10110110 #
#147935
1!
#147940
0!
b10110111 #
#147945
1!
#147950
0!
b10111000 #
#147955
1!
#147960
0!
b10111001 #
#147965
1!
#147970
0!
b10111010 #
#147975
1!
#147980
0!
b10111011 #
#147985
1!
#147990
0!
b10111100 #
#147995
1!
#148000
0!
b10111101 #
#148005
1!
#148010
0!
b10111110 #
#148015
1!
#148020
0!
b10111111 #
#148025
1!
#148030
0!
b11000000 #
#148035
1!
#148040
0!
b11000001 #
#148045
1!
#148050
0!
b11000010 #
#148055
1!
#148060
0!
b11000011 #
#148065
1!
#148070
0!
b11000100 #
#148075
1!
#148080
0!
b11000101 #
#148085
1!
#148090
0!
b11000110 #
#148095
1!
#148100
0!
b11000111 #
#148105
1!
#148110
0!
b11001000 #
#148115
1!
#148120
0!
b11001001 #
#148125
1!
0)
#148130
0!
b11001010 #
#148135
1!
#148140
0!
b11001011 #
#148145
1!
#148150
0!
b11001100 #
#148155
1!
#148160
0!
b11001101 #
#148165
1!
#148170
0!
b11001110 #
#148175
1!
#148180
0!
b11001111 #
#148185
1!
#148190
0!
b11010000 #
#148195
1!
#148200
0!
b11010001 #
#148205
1!
#148210
0!
b11010010 #
#148215
1!
#148220
0!
b11010011 #
#148225
1!
#148230
0!
b11010100 #
#148235
1!
#148240
0!
b11010101 #
#148245
1!
#148250
0!
b11010110 #
#148255
1!
#148260
0!
b11010111 #
#148265
1!
#148270
0!
b11011000 #
#148275
1!
#148280
0!
b11011001 #
#148285
1!
#148290
0!
b11011010 #
#148295
1!
#148300
0!
b11011011 #
#148305
1!
#148310
0!
b11011100 #
#148315
1!
#148320
0!
b11011101 #
#148325
1!
#148330
0!
b11011110 #
#148335
1!
#148340
0!
b11011111 #
#148345
1!
#148350
0!
b11100000 #
#148355
1!
#148360
0!
b11100001 #
#148365
1!
#148370
0!
b11100010 #
#148375
1!
#148380
0!
b11100011 #
#148385
1!
#148390
0!
b11100100 #
#148395
1!
#148400
0!
b11100101 #
#148405
1!
#148410
0!
b11100110 #
#148415
1!
#148420
0!
b11100111 #
#148425
1!
#148430
0!
b11101000 #
#148435
1!
#148440
0!
b11101001 #
#148445
1!
#148450
0!
b11101010 #
#148455
1!
#148460
0!
b11101011 #
#148465
1!
#148470
0!
b11101100 #
#148475
1!
#148480
0!
b11101101 #
#148485
1!
#148490
0!
b11101110 #
#148495
1!
#148500
0!
b11101111 #
#148505
1!
#148510
0!
b11110000 #
#148515
1!
#148520
0!
b11110001 #
#148525
1!
#148530
0!
b11110010 #
#148535
1!
#148540
0!
b11110011 #
#148545
1!
#148550
0!
b11110100 #
#148555
1!
#148560
0!
b11110101 #
#148565
1!
#148570
0!
b11110110 #
#148575
1!
#148580
0!
b11110111 #
#148585
1!
#148590
0!
b11111000 #
#148595
1!
#148600
0!
b11111001 #
#148605
1!
#148610
0!
b11111010 #
#148615
1!
#148620
0!
b11111011 #
#148625
1!
#148630
0!
b11111100 #
#148635
1!
#148640
0!
b11111101 #
#148645
1!
#148650
0!
b11111110 #
#148655
1!
#148660
0!
b11111111 #
#148665
1!
#148670
0!
b00000000 #
#148675
1!
#148680
0!
b00000001 #
#148685
1!
#148690
0!
b00000010 #
#148695
1!
#148700
0!
b00000011 #
#148705
1!
#148710
0!
b00000100 #
#148715
1!
#148720
0!
b00000101 #
#148725
1!
#148730
0!
b00000110 #
#148735
1!
#148740
0!
b00000111 #
#148745
1!
#148750
0!
b00001000 #
0*
#148755
1!
#148760
0!
b00001001 #
#148765
1!
#148770
0!
b00001010 #
#148775
1!
#148780
0!
b00001011 #
#148785
1!
#148790
0!
b00001100 #
#148795
1!
#148800
0!
b00001101 #
#148805
1!
#148810
0!
b00001110 #
#148815
1!
#148820
0!
b00001111 #
#148825
1!
#148830
0!
b00010000 #
#148835
1!
#148840
0!
b00010001 #
#148845
1!
#148850
0!
b00010010 #
#148855
1!
#148860
0!
b00010011 #
#148865
1!
#148870
0!
b00010100 #
#148875
1!
#148880
0!
b00010101 #
#148885
1!
#148890
0!
b00010110 #
#148895
1!
#148900
0!
b00010111 #
#148905
1!
#148910
0!
b00011000 #
#148915
1!
#148920
0!
b00011001 #
#148925
1!
#148930
0!
b00011010 #
#148935
1!
#148940
0!
b00011011 #
#148945
1!
#148950
0!
b00011100 #
#148955
1!
#148960
0!
b00011101 #
#148965
1!
#148970
0!
b00011110 #
#148975
1!
#148980
0!
b00011111 #
#148985
1!
#148990
0!
b00100000 #
#148995
1!
#149000
0!
b00100001 #
#149005
1!
#149010
0!
b00100010 #
#149015
1!
#149020
0!
b00100011 #
#149025
1!
#149030
0!
b00100100 #
#149035
1!
#149040
0!
b00100101 #
#149045
1!
#149050
0!
b00100110 #
#149055
1!
#149060
0!
b00100111 #
#149065
1!
#149070
0!
b00101000 #
#149075
1!
#149080
0!
b00101001 #
#149085
1!
#149090
0!
b00101010 #
#149095
1!
#149100
0!
b00101011 #
#149105
1!
#149110
0!
b00101100 #
#149115
1!
#149120
0!
b00101101 #
#149125
1!
#149130
0!
b00101110 #
#149135
1!
#149140
0!
b00101111 #
#149145
1!
#149150
0!
b00110000 #
#149155
1!
#149160
0!
b00110001 #
#149165
1!
#149170
0!
b00110010 #
#149175
1!
#149180
0!
b00110011 #
#149185
1!
#149190
0!
b00110100 #
#149195
1!
#149200
0!
b00110101 #
#149205
1!
#149210
0!
b00110110 #
#149215
1!
#149220
0!
b00110111 #
#149225
1!
#149230
0!
b00111000 #
#149235
1!
#149240
0!
b00111001 #
#149245
1!
#149250
0!
b00111010 #
#149255
1!
#149260
0!
b00111011 #
#149265
1!
#149270
0!
b00111100 #
#149275
1!
#149280
0!
b00111101 #
#149285
1!
#149290
0!
b00111110 #
#149295
1!
#149300
0!
b00111111 #
#149305
1!
#149310
0!
b01000000 #
#149315
1!
#149320
0!
b01000001 #
#149325
1!
#149330
0!
b01000010 #
#149335
1!
#149340
0!
b01000011 #
#149345
1!
#149350
0!
b01000100 #
#149355
1!
#149360
0!
b01000101 #
#149365
1!
#149370
0!
b01000110 #
#149375
1!
1)
#149380
0!
b01000111 #
#149385
1!
#149390
0!
b01001000 #
#149395
1!
#149400
0!
b01001001 #
#149405
1!
#149410
0!
b01001010 #
#149415
1!
#149420
0!
b01001011 #
#149425
1!
#149430
0!
b01001100 #
#149435
1!
#149440
0!
b01001101 #
#149445
1!
#149450
0!
b01001110 #
#149455
1!
#149460
0!
b01001111 #
#149465
1!
#149470
0!
b01010000 #
#149475
1!
#149480
0!
b01010001 #
#149485
1!
#149490
0!
b01010010 #
#149495
1!
#149500
0!
b01010011 #
#149505
1!
#149510
0!
b01010100 #
#149515
1!
#149520
0!
b01010101 #
#149525
1!
#149530
0!
b01010110 #
#149535
1!
#149540
0!
b01010111 #
#149545
1!
#149550
0!
b01011000 #
#149555
1!
#149560
0!
b01011001 #
#149565
1!
#149570
0!
b01011010 #
#149575
1!
#149580
0!
b01011011 #
#149585
1!
#149590
0!
b01011100 #
#149595
1!
#149600
0!
b01011101 #
#149605
1!
#149610
0!
b01011110 #
#149615
1!
#149620
0!
b01011111 #
#149625
1!
#149630
0!
b01100000 #
#149635
1!
#149640
0!
b01100001 #
#149645
1!
#149650
0!
b01100010 #
#149655
1!
#149660
0!
b01100011 #
#149665
1!
#149670
0!
b01100100 #
#149675
1!
#149680
0!
b01100101 #
#149685
1!
#149690
0!
b01100110 #
#149695
1!
#149700
0!
b01100111 #
#149705
1!
#149710
0!
b01101000 #
#149715
1!
#149720
0!
b01101001 #
#149725
1!
#149730
0!
b01101010 #
#149735
1!
#149740
0!
b01101011 #
#149745
1!
#149750
0!
b01101100 #
#149755
1!
#149760
0!
b01101101 #
#149765
1!
#149770
0!
b01101110 #
#149775
1!
#149780
0!
b01101111 #
#149785
1!
#149790
0!
b01110000 #
#149795
1!
#149800
0!
b01110001 #
#149805
1!
#149810
0!
b01110010 #
#149815
1!
#149820
0!
b01110011 #
#149825
1!
#149830
0!
b01110100 #
#149835
1!
#149840
0!
b01110101 #
#149845
1!
#149850
0!
b01110110 #
#149855
1!
#149860
0!
b01110111 #
#149865
1!
#149870
0!
b01111000 #
#149875
1!
#149880
0!
b01111001 #
#149885
1!
#149890
0!
b01111010 #
#149895
1!
#149900
0!
b01111011 #
#149905
1!
#149910
0!
b01111100 #
#149915
1!
#149920
0!
b01111101 #
#149925
1!
#149930
0!
b01111110 #
#149935
1!
#149940
0!
b01111111 #
#149945
1!
#149950
0!
b10000000 #
#149955
1!
#149960
0!
b10000001 #
#149965
1!
#149970
0!
b10000010 #
#149975
1!
#149980
0!
b10000011 #
#149985
1!
#149990
0!
b10000100 #
#149995
1!
#150000
0!
b10000101 #
#150005
1!
#150010
0!
b10000110 #
#150015
1!
#150020
0!
b10000111 #
#150025
1!
#150030
0!
b10001000 #
#150035
1!
#150040
0!
b10001001 #
#150045
1!
#150050
0!
b10001010 #
#150055
1!
#150060
0!
b10001011 #
#150065
1!
#150070
0!
b10001100 #
#150075
1!
#150080
0!
b10001101 #
#150085
1!
#150090
0!
b10001110 #
#150095
1!
#150100
0!
b10001111 #
#150105
1!
#150110
0!
b10010000 #
#150115
1!
#150120
0!
b10010001 #
#150125
1!
#150130
0!
b10010010 #
#150135
1!
#150140
0!
b10010011 #
#150145
1!
#150150
0!
b10010100 #
#150155
1!
#150160
0!
b10010101 #
#150165
1!
#150170
0!
b10010110 #
#150175
1!
#150180
0!
b10010111 #
#150185
1!
#150190
0!
b10011000 #
#150195
1!
#150200
0!
b10011001 #
#150205
1!
#150210
0!
b10011010 #
#150215
1!
#150220
0!
b10011011 #
#150225
1!
#150230
0!
b10011100 #
#150235
1!
#150240
0!
b10011101 #
#150245
1!
#150250
0!
b10011110 #
#150255
1!
#150260
0!
b10011111 #
#150265
1!
#150270
0!
b10100000 #
#150275
1!
#150280
0!
b10100001 #
#150285
1!
#150290
0!
b10100010 #
#150295
1!
#150300
0!
b10100011 #
#150305
1!
#150310
0!
b10100100 #
#150315
1!
#150320
0!
b10100101 #
#150325
1!
#150330
0!
b10100110 #
#150335
1!
#150340
0!
b10100111 #
#150345
1!
#150350
0!
b10101000 #
#150355
1!
#150360
0!
b10101001 #
#150365
1!
#150370
0!
b10101010 #
#150375
1!
#150380
0!
b10101011 #
#150385
1!
#150390
0!
b10101100 #
#150395
1!
#150400
0!
b10101101 #
#150405
1!
#150410
0!
b10101110 #
#150415
1!
#150420
0!
b10101111 #
#150425
1!
#150430
0!
b10110000 #
#150435
1!
#150440
0!
b10110001 #
#150445
1!
#150450
0!
b10110010 #
#150455
1!
#150460
0!
b10110011 #
#150465
1!
#150470
0!
b10110100 #
#150475
1!
#150480
0!
b10110101 #
#150485
1!
#150490
0!
b10110110 #
#150495
1!
#150500
0!
b10110111 #
#150505
1!
#150510
0!
b10111000 #
#150515
1!
#150520
0!
b10111001 #
#150525
1!
#150530
0!
b10111010 #
#150535
1!
#150540
0!
b10111011 #
#150545
1!
#150550
0!
b10111100 #
#150555
1!
#150560
0!
b10111101 #
#150565
1!
#150570
0!
b10111110 #
#150575
1!
#150580
0!
b10111111 #
#150585
1!
#150590
0!
b11000000 #
#150595
1!
#150600
0!
b11000001 #
#150605
1!
#150610
0!
b11000010 #
#150615
1!
#150620
0!
b11000011 #
#150625
1!
0)
#150630
0!
b11000100 #
#150635
1!
#150640
0!
b11000101 #
#150645
1!
#150650
0!
b11000110 #
#150655
1!
#150660
0!
b11000111 #
#150665
1!
#150670
0!
b11001000 #
#150675
1!
#150680
0!
b11001001 #
#150685
1!
#150690
0!
b11001010 #
#150695
1!
#150700
0!
b11001011 #
#150705
1!
#150710
0!
b11001100 #
#150715
1!
#150720
0!
b11001101 #
#150725
1!
#150730
0!
b11001110 #
#150735
1!
#150740
0!
b11001111 #
#150745
1!
#150750
0!
b11010000 #
#150755
1!
#150760
0!
b11010001 #
#150765
1!
#150770
0!
b11010010 #
#150775
1!
#150780
0!
b11010011 #
#150785
1!
#150790
0!
b11010100 #
#150795
1!
#150800
0!
b11010101 #
#150805
1!
#150810
0!
b11010110 #
#150815
1!
#150820
0!
b11010111 #
#150825
1!
#150830
0!
b11011000 #
#150835
1!
#150840
0!
b11011001 #
#150845
1!
#150850
0!
b11011010 #
#150855
1!
#150860
0!
b11011011 #
#150865
1!
#150870
0!
b11011100 #
#150875
1!
#150880
0!
b11011101 #
#150885
1!
#150890
0!
b11011110 #
#150895
1!
#150900
0!
b11011111 #
#150905
1!
#150910
0!
b11100000 #
#150915
1!
#150920
0!
b11100001 #
#150925
1!
#150930
0!
b11100010 #
#150935
1!
#150940
0!
b11100011 #
#150945
1!
#150950
0!
b11100100 #
#150955
1!
#150960
0!
b11100101 #
#150965
1!
#150970
0!
b11100110 #
#150975
1!
#150980
0!
b11100111 #
#150985
1!
#150990
0!
b11101000 #
#150995
1!
#151000
0!
b11101001 #
#151005
1!
#151010
0!
b11101010 #
#151015
1!
#151020
0!
b11101011 #
#151025
1!
#151030
0!
b11101100 #
#151035
1!
#151040
0!
b11101101 #
#151045
1!
#151050
0!
b11101110 #
#151055
1!
#151060
0!
b11101111 #
#151065
1!
#151070
0!
b11110000 #
#151075
1!
#151080
0!
b11110001 #
#151085
1!
#151090
0!
b11110010 #
#151095
1!
#151100
0!
b11110011 #
#151105
1!
#151110
0!
b11110100 #
#151115
1!
#151120
0!
b11110101 #
#151125
1!
#151130
0!
b11110110 #
#151135
1!
#151140
0!
b11110111 #
#151145
1!
#151150
0!
b11111000 #
#151155
1!
#151160
0!
b11111001 #
#151165
1!
#151170
0!
b11111010 #
#151175
1!
#151180
0!
b11111011 #
#151185
1!
#151190
0!
b11111100 #
#151195
1!
#151200
0!
b11111101 #
#151205
1!
#151210
0!
b11111110 #
#151215
1!
#151220
0!
b11111111 #
#151225
1!
#151230
0!
b00000000 #
#151235
1!
#151240
0!
b00000001 #
#151245
1!
#151250
0!
b00000010 #
0*
#151255
1!
#151260
0!
b00000011 #
#151265
1!
#151270
0!
b00000100 #
#151275
1!
#151280
0!
b00000101 #
#151285
1!
#151290
0!
b00000110 #
#151295
1!
#151300
0!
b00000111 #
#151305
1!
#151310
0!
b00001000 #
#151315
1!
#151320
0!
b00001001 #
#151325
1!
#151330
0!
b00001010 #
#151335
1!
#151340
0!
b00001011 #
#151345
1!
#151350
0!
b00001100 #
#151355
1!
#151360
0!
b00001101 #
#151365
1!
#151370
0!
b00001110 #
#151375
1!
#151380
0!
b00001111 #
#151385
1!
#151390
0!
b00010000 #
#151395
1!
#151400
0!
b00010001 #
#151405
1!
#151410
0!
b00010010 #
#151415
1!
#151420
0!
b00010011 #
#151425
1!
#151430
0!
b00010100 #
#151435
1!
#151440
0!
b00010101 #
#151445
1!
#151450
0!
b00010110 #
#151455
1!
#151460
0!
b00010111 #
#151465
1!
#151470
0!
b00011000 #
#151475
1!
#151480
0!
b00011001 #
#151485
1!
#151490
0!
b00011010 #
#151495
1!
#151500
0!
b00011011 #
#151505
1!
#151510
0!
b00011100 #
#151515
1!
#151520
0!
b00011101 #
#151525
1!
#151530
0!
b00011110 #
#151535
1!
#151540
0!
b00011111 #
#151545
1!
#151550
0!
b00100000 #
#151555
1!
#151560
0!
b00100001 #
#151565
1!
#151570
0!
b00100010 #
#151575
1!
#151580
0!
b00100011 #
#151585
1!
#151590
0!
b00100100 #
#151595
1!
#151600
0!
b00100101 #
#151605
1!
#151610
0!
b00100110 #
#151615
1!
#151620
0!
b00100111 #
#151625
1!
#151630
0!
b00101000 #
#151635
1!
#151640
0!
b00101001 #
#151645
1!
#151650
0!
b00101010 #
#151655
1!
#151660
0!
b00101011 #
#151665
1!
#151670
0!
b00101100 #
#151675
1!
#151680
0!
b00101101 #
#151685
1!
#151690
0!
b00101110 #
#151695
1!
#151700
0!
b00101111 #
#151705
1!
#151710
0!
b00110000 #
#151715
1!
#151720
0!
b00110001 #
#151725
1!
#151730
0!
b00110010 #
#151735
1!
#151740
0!
b00110011 #
#151745
1!
#151750
0!
b00110100 #
#151755
1!
#151760
0!
b00110101 #
#151765
1!
#151770
0!
b00110110 #
#151775
1!
#151780
0!
b00110111 #
#151785
1!
#151790
0!
b00111000 #
#151795
1!
#151800
0!
b00111001 #
#151805
1!
#151810
0!
b00111010 #
#151815
1!
#151820
0!
b00111011 #
#151825
1!
#151830
0!
b00111100 #
#151835
1!
#151840
0!
b00111101 #
#151845
1!
#151850
0!
b00111110 #
#151855
1!
#151860
0!
b00111111 #
#151865
1!
#151870
0!
b01000000 #
#151875
1!
1)
#151880
0!
b01000001 #
#151885
1!
#151890
0!
b01000010 #
#151895
1!
#151900
0!
b01000011 #
#151905
1!
#151910
0!
b01000100 #
#151915
1!
#151920
0!
b01000101 #
#151925
1!
#151930
0!
b01000110 #
#151935
1!
#151940
0!
b01000111 #
#151945
1!
#151950
0!
b01001000 #
#151955
1!
#151960
0!
b01001001 #
#151965
1!
#151970
0!
b01001010 #
#151975
1!
#151980
0!
b01001011 #
#151985
1!
#151990
0!
b01001100 #
#151995
1!
#152000
0!
b01001101 #
#152005
1!
#152010
0!
b01001110 #
#152015
1!
#152020
0!
b01001111 #
#152025
1!
#152030
0!
b01010000 #
#152035
1!
#152040
0!
b01010001 #
#152045
1!
#152050
0!
b01010010 #
#152055
1!
#152060
0!
b01010011 #
#152065
1!
#152070
0!
b01010100 #
#152075
1!
#152080
0!
b01010101 #
#152085
1!
#152090
0!
b01010110 #
#152095
1!
#152100
0!
b01010111 #
#152105
1!
#152110
0!
b01011000 #
#152115
1!
#152120
0!
b01011001 #
#152125
1!
#152130
0!
b01011010 #
#152135
1!
#152140
0!
b01011011 #
#152145
1!
#152150
0!
b01011100 #
#152155
1!
#152160
0!
b01011101 #
#152165
1!
#152170
0!
b01011110 #
#152175
1!
#152180
0!
b01011111 #
#152185
1!
#152190
0!
b01100000 #
#152195
1!
#152200
0!
b01100001 #
#152205
1!
#152210
0!
b01100010 #
#152215
1!
#152220
0!
b01100011 #
#152225
1!
#152230
0!
b01100100 #
#152235
1!
#152240
0!
b01100101 #
#152245
1!
#152250
0!
b01100110 #
#152255
1!
#152260
0!
b01100111 #
#152265
1!
#152270
0!
b01101000 #
#152275
1!
#152280
0!
b01101001 #
#152285
1!
#152290
0!
b01101010 #
#152295
1!
#152300
0!
b01101011 #
#152305
1!
#152310
0!
b01101100 #
#152315
1!
#152320
0!
b01101101 #
#152325
1!
#152330
0!
b01101110 #
#152335
1!
#152340
0!
b01101111 #
#152345
1!
#152350
0!
b01110000 #
#152355
1!
#152360
0!
b01110001 #
#152365
1!
#152370
0!
b01110010 #
#152375
1!
#152380
0!
b01110011 #
#152385
1!
#152390
0!
b01110100 #
#152395
1!
#152400
0!
b01110101 #
#152405
1!
#152410
0!
b01110110 #
#152415
1!
#152420
0!
b01110111 #
#152425
1!
#152430
0!
b01111000 #
#152435
1!
#152440
0!
b01111001 #
#152445
1!
#152450
0!
b01111010 #
#152455
1!
#152460
0!
b01111011 #
#152465
1!
#152470
0!
b01111100 #
#152475
1!
#152480
0!
b01111101 #
#152485
1!
#152490
0!
b01111110 #
#152495
1!
#152500
0!
b01111111 #
#152505
1!
#152510
0!
b10000000 #
#152515
1!
#152520
0!
b10000001 #
#152525
1!
#152530
0!
b10000010 #
#152535
1!
#152540
0!
b10000011 #
#152545
1!
#152550
0!
b10000100 #
#152555
1!
#152560
0!
b10000101 #
#152565
1!
#152570
0!
b10000110 #
#152575
1!
#152580
0!
b10000111 #
#152585
1!
#152590
0!
b10001000 #
#152595
1!
#152600
0!
b10001001 #
#152605
1!
#152610
0!
b10001010 #
#152615
1!
#152620
0!
b10001011 #
#152625
1!
#152630
0!
b10001100 #
#152635
1!
#152640
0!
b10001101 #
#152645
1!
#152650
0!
b10001110 #
#152655
1!
#152660
0!
b10001111 #
#152665
1!
#152670
0!
b10010000 #
#152675
1!
#152680
0!
b10010001 #
#152685
1!
#152690
0!
b10010010 #
#152695
1!
#152700
0!
b10010011 #
#152705
1!
#152710
0!
b10010100 #
#152715
1!
#152720
0!
b10010101 #
#152725
1!
#152730
0!
b10010110 #
#152735
1!
#152740
0!
b10010111 #
#152745
1!
#152750
0!
b10011000 #
#152755
1!
#152760
0!
b10011001 #
#152765
1!
#152770
0!
b10011010 #
#152775
1!
#152780
0!
b10011011 #
#152785
1!
#152790
0!
b10011100 #
#152795
1!
#152800
0!
b10011101 #
#152805
1!
#152810
0!
b10011110 #
#152815
1!
#152820
0!
b10011111 #
#152825
1!
#152830
0!
b10100000 #
#152835
1!
#152840
0!
b10100001 #
#152845
1!
#152850
0!
b10100010 #
#152855
1!
#152860
0!
b10100011 #
#152865
1!
#152870
0!
b10100100 #
#152875
1!
#152880
0!
b10100101 #
#152885
1!
#152890
0!
b10100110 #
#152895
1!
#152900
0!
b10100111 #
#152905
1!
#152910
0!
b10101000 #
#152915
1!
#152920
0!
b10101001 #
#152925
1!
#152930
0!
b10101010 #
#152935
1!
#152940
0!
b10101011 #
#152945
1!
#152950
0!
b10101100 #
#152955
1!
#152960
0!
b10101101 #
#152965
1!
#152970
0!
b10101110 #
#152975
1!
#152980
0!
b10101111 #
#152985
1!
#152990
0!
b10110000 #
#152995
1!
#153000
0!
b10110001 #
#153005
1!
#153010
0!
b10110010 #
#153015
1!
#153020
0!
b10110011 #
#153025
1!
#153030
0!
b10110100 #
#153035
1!
#153040
0!
b10110101 #
#153045
1!
#153050
0!
b10110110 #
#153055
1!
#153060
0!
b10110111 #
#153065
1!
#153070
0!
b10111000 #
#153075
1!
#153080
0!
b10111001 #
#153085
1!
#153090
0!
b10111010 #
#153095
1!
#153100
0!
b10111011 #
#153105
1!
#153110
0!
b10111100 #
#153115
1!
#153120
0!
b10111101 #
#153125
1!
0)
#153130
0!
b10111110 #
#153135
1!
#153140
0!
b10111111 #
#153145
1!
#153150
0!
b11000000 #
#153155
1!
#153160
0!
b11000001 #
#153165
1!
#153170
0!
b11000010 #
#153175
1!
#153180
0!
b11000011 #
#153185
1!
#153190
0!
b11000100 #
#153195
1!
#153200
0!
b11000101 #
#153205
1!
#153210
0!
b11000110 #
#153215
1!
#153220
0!
b11000111 #
#153225
1!
#153230
0!
b11001000 #
#153235
1!
#153240
0!
b11001001 #
#153245
1!
#153250
0!
b11001010 #
#153255
1!
#153260
0!
b11001011 #
#153265
1!
#153270
0!
b11001100 #
#153275
1!
#153280
0!
b11001101 #
#153285
1!
#153290
0!
b11001110 #
#153295
1!
#153300
0!
b11001111 #
#153305
1!
#153310
0!
b11010000 #
#153315
1!
#153320
0!
b11010001 #
#153325
1!
#153330
0!
b11010010 #
#153335
1!
#153340
0!
b11010011 #
#153345
1!
#153350
0!
b11010100 #
#153355
1!
#153360
0!
b11010101 #
#153365
1!
#153370
0!
b11010110 #
#153375
1!
#153380
0!
b11010111 #
#153385
1!
#153390
0!
b11011000 #
#153395
1!
#153400
0!
b11011001 #
#153405
1!
#153410
0!
b11011010 #
#153415
1!
#153420
0!
b11011011 #
#153425
1!
#153430
0!
b11011100 #
#153435
1!
#153440
0!
b11011101 #
#153445
1!
#153450
0!
b11011110 #
#153455
1!
#153460
0!
b11011111 #
#153465
1!
#153470
0!
b11100000 #
#153475
1!
#153480
0!
b11100001 #
#153485
1!
#153490
0!
b11100010 #
#153495
1!
#153500
0!
b11100011 #
#153505
1!
#153510
0!
b11100100 #
#153515
1!
#153520
0!
b11100101 #
#153525
1!
#153530
0!
b11100110 #
#153535
1!
#153540
0!
b11100111 #
#153545
1!
#153550
0!
b11101000 #
#153555
1!
#153560
0!
b11101001 #
#153565
1!
#153570
0!
b11101010 #
#153575
1!
#153580
0!
b11101011 #
#153585
1!
#153590
0!
b11101100 #
#153595
1!
#153600
0!
b11101101 #
#153605
1!
#153610
0!
b11101110 #
#153615
1!
#153620
0!
b11101111 #
#153625
1!
#153630
0!
b11110000 #
#153635
1!
#153640
0!
b11110001 #
#153645
1!
#153650
0!
b11110010 #
#153655
1!
#153660
0!
b11110011 #
#153665
1!
#153670
0!
b11110100 #
#153675
1!
#153680
0!
b11110101 #
#153685
1!
#153690
0!
b11110110 #
#153695
1!
#153700
0!
b11110111 #
#153705
1!
#153710
0!
b11111000 #
#153715
1!
#153720
0!
b11111001 #
#153725
1!
#153730
0!
b11111010 #
#153735
1!
#153740
0!
b11111011 #
#153745
1!
#153750
0!
b11111100 #
0*
#153755
1!
#153760
0!
b11111101 #
#153765
1!
#153770
0!
b11111110 #
#153775
1!
#153780
0!
b11111111 #
#153785
1!
#153790
0!
b00000000 #
#153795
1!
#153800
0!
b00000001 #
#153805
1!
#153810
0!
b00000010 #
#153815
1!
#153820
0!
b00000011 #
#153825
1!
#153830
0!
b00000100 #
#153835
1!
#153840
0!
b00000101 #
#153845
1!
#153850
0!
b00000110 #
#153855
1!
#153860
0!
b00000111 #
#153865
1!
#153870
0!
b00001000 #
#153875
1!
#153880
0!
b00001001 #
#153885
1!
#153890
0!
b00001010 #
#153895
1!
#153900
0!
b00001011 #
#153905
1!
#153910
0!
b00001100 #
#153915
1!
#153920
0!
b00001101 #
#153925
1!
#153930
0!
b00001110 #
#153935
1!
#153940
0!
b00001111 #
#153945
1!
#153950
0!
b00010000 #
#153955
1!
#153960
0!
b00010001 #
#153965
1!
#153970
0!
b00010010 #
#153975
1!
#153980
0!
b00010011 #
#153985
1!
#153990
0!
b00010100 #
#153995
1!
#154000
0!
b00010101 #
#154005
1!
#154010
0!
b00010110 #
#154015
1!
#154020
0!
b00010111 #
#154025
1!
#154030
0!
b00011000 #
#154035
1!
#154040
0!
b00011001 #
#154045
1!
#154050
0!
b00011010 #
#154055
1!
#154060
0!
b00011011 #
#154065
1!
#154070
0!
b00011100 #
#154075
1!
#154080
0!
b00011101 #
#154085
1!
#154090
0!
b00011110 #
#154095
1!
#154100
0!
b00011111 #
#154105
1!
#154110
0!
b00100000 #
#154115
1!
#154120
0!
b00100001 #
#154125
1!
#154130
0!
b00100010 #
#154135
1!
#154140
0!
b00100011 #
#154145
1!
#154150
0!
b00100100 #
#154155
1!
#154160
0!
b00100101 #
#154165
1!
#154170
0!
b00100110 #
#154175
1!
#154180
0!
b00100111 #
#154185
1!
#154190
0!
b00101000 #
#154195
1!
#154200
0!
b00101001 #
#154205
1!
#154210
0!
b00101010 #
#154215
1!
#154220
0!
b00101011 #
#154225
1!
#154230
0!
b00101100 #
#154235
1!
#154240
0!
b00101101 #
#154245
1!
#154250
0!
b00101110 #
#154255
1!
#154260
0!
b00101111 #
#154265
1!
#154270
0!
b00110000 #
#154275
1!
#154280
0!
b00110001 #
#154285
1!
#154290
0!
b00110010 #
#154295
1!
#154300
0!
b00110011 #
#154305
1!
#154310
0!
b00110100 #
#154315
1!
#154320
0!
b00110101 #
#154325
1!
#154330
0!
b00110110 #
#154335
1!
#154340
0!
b00110111 #
#154345
1!
#154350
0!
b00111000 #
#154355
1!
#154360
0!
b00111001 #
#154365
1!
#154370
0!
b00111010 #
#154375
1!
1)
#154380
0!
b00111011 #
#154385
1!
#154390
0!
b00111100 #
#154395
1!
#154400
0!
b00111101 #
#154405
1!
#154410
0!
b00111110 #
#154415
1!
#154420
0!
b00111111 #
#154425
1!
#154430
0!
b01000000 #
#154435
1!
#154440
0!
b01000001 #
#154445
1!
#154450
0!
b01000010 #
#154455
1!
#154460
0!
b01000011 #
#154465
1!
#154470
0!
b01000100 #
#154475
1!
#154480
0!
b01000101 #
#154485
1!
#154490
0!
b01000110 #
#154495
1!
#154500
0!
b01000111 #
#154505
1!
#154510
0!
b01001000 #
#154515
1!
#154520
0!
b01001001 #
#154525
1!
#154530
0!
b01001010 #
#154535
1!
#154540
0!
b01001011 #
#154545
1!
#154550
0!
b01001100 #
#154555
1!
#154560
0!
b01001101 #
#154565
1!
#154570
0!
b01001110 #
#154575
1!
#154580
0!
b01001111 #
#154585
1!
#154590
0!
b01010000 #
#154595
1!
#154600
0!
b01010001 #
#154605
1!
#154610
0!
b01010010 #
#154615
1!
#154620
0!
b01010011 #
#154625
1!
#154630
0!
b01010100 #
#154635
1!
#154640
0!
b01010101 #
#154645
1!
#154650
0!
b01010110 #
#154655
1!
#154660
0!
b01010111 #
#154665
1!
#154670
0!
b01011000 #
#154675
1!
#154680
0!
b01011001 #
#154685
1!
#154690
0!
b01011010 #
#154695
1!
#154700
0!
b01011011 #
#154705
1!
#154710
0!
b01011100 #
#154715
1!
#154720
0!
b01011101 #
#154725
1!
#154730
0!
b01011110 #
#154735
1!
#154740
0!
b01011111 #
#154745
1!
#154750
0!
b01100000 #
#154755
1!
#154760
0!
b01100001 #
#154765
1!
#154770
0!
b01100010 #
#154775
1!
#154780
0!
b01100011 #
#154785
1!
#154790
0!
b01100100 #
#154795
1!
#154800
0!
b01100101 #
#154805
1!
#154810
0!
b01100110 #
#154815
1!
#154820
0!
b01100111 #
#154825
1!
#154830
0!
b01101000 #
#154835
1!
#154840
0!
b01101001 #
#154845
1!
#154850
0!
b01101010 #
#154855
1!
#154860
0!
b01101011 #
#154865
1!
#154870
0!
b01101100 #
#154875
1!
#154880
0!
b01101101 #
#154885
1!
#154890
0!
b01101110 #
#154895
1!
#154900
0!
b01101111 #
#154905
1!
#154910
0!
b01110000 #
#154915
1!
#154920
0!
b01110001 #
#154925
1!
#154930
0!
b01110010 #
#154935
1!
#154940
0!
b01110011 #
#154945
1!
#154950
0!
b01110100 #
#154955
1!
#154960
0!
b01110101 #
#154965
1!
#154970
0!
b01110110 #
#154975
1!
#154980
0!
b01110111 #
#154985
1!
#154990
0!
b01111000 #
#154995
1!
#155000
0!
b01111001 #
#155005
1!
#155010
0!
b01111010 #
#155015
1!
#155020
0!
b01111011 #
#155025
1!
#155030
0!
b01111100 #
#155035
1!
#155040
0!
b01111101 #
#155045
1!
#155050
0!
b01111110 #
#155055
1!
#155060
0!
b01111111 #
#155065
1!
#155070
0!
b10000000 #
#155075
1!
#155080
0!
b10000001 #
#155085
1!
#155090
0!
b10000010 #
#155095
1!
#155100
0!
b10000011 #
#155105
1!
#155110
0!
b10000100 #
#155115
1!
#155120
0!
b10000101 #
#155125
1!
#155130
0!
b10000110 #
#155135
1!
#155140
0!
b10000111 #
#155145
1!
#155150
0!
b10001000 #
#155155
1!
#155160
0!
b10001001 #
#155165
1!
#155170
0!
b10001010 #
#155175
1!
#155180
0!
b10001011 #
#155185
1!
#155190
0!
b10001100 #
#155195
1!
#155200
0!
b10001101 #
#155205
1!
#155210
0!
b10001110 #
#155215
1!
#155220
0!
b10001111 #
#155225
1!
#155230
0!
b10010000 #
#155235
1!
#155240
0!
b10010001 #
#155245
1!
#155250
0!
b10010010 #
#155255
1!
#155260
0!
b10010011 #
#155265
1!
#155270
0!
b10010100 #
#155275
1!
#155280
0!
b10010101 #
#155285
1!
#155290
0!
b10010110 #
#155295
1!
#155300
0!
b10010111 #
#155305
1!
#155310
0!
b10011000 #
#155315
1!
#155320
0!
b10011001 #
#155325
1!
#155330
0!
b10011010 #
#155335
1!
#155340
0!
b10011011 #
#155345
1!
#155350
0!
b10011100 #
#155355
1!
#155360
0!
b10011101 #
#155365
1!
#155370
0!
b10011110 #
#155375
1!
#155380
0!
b10011111 #
#155385
1!
#155390
0!
b10100000 #
#155395
1!
#155400
0!
b10100001 #
#155405
1!
#155410
0!
b10100010 #
#155415
1!
#155420
0!
b10100011 #
#155425
1!
#155430
0!
b10100100 #
#155435
1!
#155440
0!
b10100101 #
#155445
1!
#155450
0!
b10100110 #
#155455
1!
#155460
0!
b10100111 #
#155465
1!
#155470
0!
b10101000 #
#155475
1!
#155480
0!
b10101001 #
#155485
1!
#155490
0!
b10101010 #
#155495
1!
#155500
0!
b10101011 #
#155505
1!
#155510
0!
b10101100 #
#155515
1!
#155520
0!
b10101101 #
#155525
1!
#155530
0!
b10101110 #
#155535
1!
#155540
0!
b10101111 #
#155545
1!
#155550
0!
b10110000 #
#155555
1!
#155560
0!
b10110001 #
#155565
1!
#155570
0!
b10110010 #
#155575
1!
#155580
0!
b10110011 #
#155585
1!
#155590
0!
b10110100 #
#155595
1!
#155600
0!
b10110101 #
#155605
1!
#155610
0!
b10110110 #
#155615
1!
#155620
0!
b10110111 #
#155625
1!
0)
#155630
0!
b10111000 #
#155635
1!
#155640
0!
b10111001 #
#155645
1!
#155650
0!
b10111010 #
#155655
1!
#155660
0!
b10111011 #
#155665
1!
#155670
0!
b10111100 #
#155675
1!
#155680
0!
b10111101 #
#155685
1!
#155690
0!
b10111110 #
#155695
1!
#155700
0!
b10111111 #
#155705
1!
#155710
0!
b11000000 #
#155715
1!
#155720
0!
b11000001 #
#155725
1!
#155730
0!
b11000010 #
#155735
1!
#155740
0!
b11000011 #
#155745
1!
#155750
0!
b11000100 #
#155755
1!
#155760
0!
b11000101 #
#155765
1!
#155770
0!
b11000110 #
#155775
1!
#155780
0!
b11000111 #
#155785
1!
#155790
0!
b11001000 #
#155795
1!
#155800
0!
b11001001 #
#155805
1!
#155810
0!
b11001010 #
#155815
1!
#155820
0!
b11001011 #
#155825
1!
#155830
0!
b11001100 #
#155835
1!
#155840
0!
b11001101 #
#155845
1!
#155850
0!
b11001110 #
#155855
1!
#155860
0!
b11001111 #
#155865
1!
#155870
0!
b11010000 #
#155875
1!
#155880
0!
b11010001 #
#155885
1!
#155890
0!
b11010010 #
#155895
1!
#155900
0!
b11010011 #
#155905
1!
#155910
0!
b11010100 #
#155915
1!
#155920
0!
b11010101 #
#155925
1!
#155930
0!
b11010110 #
#155935
1!
#155940
0!
b11010111 #
#155945
1!
#155950
0!
b11011000 #
#155955
1!
#155960
0!
b11011001 #
#155965
1!
#155970
0!
b11011010 #
#155975
1!
#155980
0!
b11011011 #
#155985
1!
#155990
0!
b11011100 #
#155995
1!
#156000
0!
b11011101 #
#156005
1!
#156010
0!
b11011110 #
#156015
1!
#156020
0!
b11011111 #
#156025
1!
#156030
0!
b11100000 #
#156035
1!
#156040
0!
b11100001 #
#156045
1!
#156050
0!
b11100010 #
#156055
1!
#156060
0!
b11100011 #
#156065
1!
#156070
0!
b11100100 #
#156075
1!
#156080
0!
b11100101 #
#156085
1!
#156090
0!
b11100110 #
#156095
1!
#156100
0!
b11100111 #
#156105
1!
#156110
0!
b11101000 #
#156115
1!
#156120
0!
b11101001 #
#156125
1!
#156130
0!
b11101010 #
#156135
1!
#156140
0!
b11101011 #
#156145
1!
#156150
0!
b11101100 #
#156155
1!
#156160
0!
b11101101 #
#156165
1!
#156170
0!
b11101110 #
#156175
1!
#156180
0!
b11101111 #
#156185
1!
#156190
0!
b11110000 #
#156195
1!
#156200
0!
b11110001 #
#156205
1!
#156210
0!
b11110010 #
#156215
1!
#156220
0!
b11110011 #
#156225
1!
#156230
0!
b11110100 #
#156235
1!
#156240
0!
b11110101 #
#156245
1!
#156250
0!
b11110110 #
0*
#156255
1!
#156260
0!
b11110111 #
#156265
1!
#156270
0!
b11111000 #
#156275
1!
#156280
0!
b11111001 #
#156285
1!
#156290
0!
b11111010 #
#156295
1!
#156300
0!
b11111011 #
#156305
1!
#156310
0!
b11111100 #
#156315
1!
#156320
0!
b11111101 #
#156325
1!
#156330
0!
b11111110 #
#156335
1!
#156340
0!
b11111111 #
#156345
1!
#156350
0!
b00000000 #
#156355
1!
#156360
0!
b00000001 #
#156365
1!
#156370
0!
b00000010 #
#156375
1!
#156380
0!
b00000011 #
#156385
1!
#156390
0!
b00000100 #
#156395
1!
#156400
0!
b00000101 #
#156405
1!
#156410
0!
b00000110 #
#156415
1!
#156420
0!
b00000111 #
#156425
1!
#156430
0!
b00001000 #
#156435
1!
#156440
0!
b00001001 #
#156445
1!
#156450
0!
b00001010 #
#156455
1!
#156460
0!
b00001011 #
#156465
1!
#156470
0!
b00001100 #
#156475
1!
#156480
0!
b00001101 #
#156485
1!
#156490
0!
b00001110 #
#156495
1!
#156500
0!
b00001111 #
#156505
1!
#156510
0!
b00010000 #
#156515
1!
#156520
0!
b00010001 #
#156525
1!
#156530
0!
b00010010 #
#156535
1!
#156540
0!
b00010011 #
#156545
1!
#156550
0!
b00010100 #
#156555
1!
#156560
0!
b00010101 #
#156565
1!
#156570
0!
b00010110 #
#156575
1!
#156580
0!
b00010111 #
#156585
1!
#156590
0!
b00011000 #
#156595
1!
#156600
0!
b00011001 #
#156605
1!
#156610
0!
b00011010 #
#156615
1!
#156620
0!
b00011011 #
#156625
1!
#156630
0!
b00011100 #
#156635
1!
#156640
0!
b00011101 #
#156645
1!
#156650
0!
b00011110 #
#156655
1!
#156660
0!
b00011111 #
#156665
1!
#156670
0!
b00100000 #
#156675
1!
#156680
0!
b00100001 #
#156685
1!
#156690
0!
b00100010 #
#156695
1!
#156700
0!
b00100011 #
#156705
1!
#156710
0!
b00100100 #
#156715
1!
#156720
0!
b00100101 #
#156725
1!
#156730
0!
b00100110 #
#156735
1!
#156740
0!
b00100111 #
#156745
1!
#156750
0!
b00101000 #
#156755
1!
#156760
0!
b00101001 #
#156765
1!
#156770
0!
b00101010 #
#156775
1!
#156780
0!
b00101011 #
#156785
1!
#156790
0!
b00101100 #
#156795
1!
#156800
0!
b00101101 #
#156805
1!
#156810
0!
b00101110 #
#156815
1!
#156820
0!
b00101111 #
#156825
1!
#156830
0!
b00110000 #
#156835
1!
#156840
0!
b00110001 #
#156845
1!
#156850
0!
b00110010 #
#156855
1!
#156860
0!
b00110011 #
#156865
1!
#156870
0!
b00110100 #
#156875
1!
1)
#156880
0!
b00110101 #
#156885
1!
#156890
0!
b00110110 #
#156895
1!
#156900
0!
b00110111 #
#156905
1!
#156910
0!
b00111000 #
#156915
1!
#156920
0!
b00111001 #
#156925
1!
#156930
0!
b00111010 #
#156935
1!
#156940
0!
b00111011 #
#156945
1!
#156950
0!
b00111100 #
#156955
1!
#156960
0!
b00111101 #
#156965
1!
#156970
0!
b00111110 #
#156975
1!
#156980
0!
b00111111 #
#156985
1!
#156990
0!
b01000000 #
#156995
1!
#157000
0!
b01000001 #
#157005
1!
#157010
0!
b01000010 #
#157015
1!
#157020
0!
b01000011 #
#157025
1!
#157030
0!
b01000100 #
#157035
1!
#157040
0!
b01000101 #
#157045
1!
#157050
0!
b01000110 #
#157055
1!
#157060
0!
b01000111 #
#157065
1!
#157070
0!
b01001000 #
#157075
1!
#157080
0!
b01001001 #
#157085
1!
#157090
0!
b01001010 #
#157095
1!
#157100
0!
b01001011 #
#157105
1!
#157110
0!
b01001100 #
#157115
1!
#157120
0!
b01001101 #
#157125
1!
#157130
0!
b01001110 #
#157135
1!
#157140
0!
b01001111 #
#157145
1!
#157150
0!
b01010000 #
#157155
1!
#157160
0!
b01010001 #
#157165
1!
#157170
0!
b01010010 #
#157175
1!
#157180
0!
b01010011 #
#157185
1!
#157190
0!
b01010100 #
#157195
1!
#157200
0!
b01010101 #
#157205
1!
#157210
0!
b01010110 #
#157215
1!
#157220
0!
b01010111 #
#157225
1!
#157230
0!
b01011000 #
#157235
1!
#157240
0!
b01011001 #
#157245
1!
#157250
0!
b01011010 #
#157255
1!
#157260
0!
b01011011 #
#157265
1!
#157270
0!
b01011100 #
#157275
1!
#157280
0!
b01011101 #
#157285
1!
#157290
0!
b01011110 #
#157295
1!
#157300
0!
b01011111 #
#157305
1!
#157310
0!
b01100000 #
#157315
1!
#157320
0!
b01100001 #
#157325
1!
#157330
0!
b01100010 #
#157335
1!
#157340
0!
b01100011 #
#157345
1!
#157350
0!
b01100100 #
#157355
1!
#157360
0!
b01100101 #
#157365
1!
#157370
0!
b01100110 #
#157375
1!
#157380
0!
b01100111 #
#157385
1!
#157390
0!
b01101000 #
#157395
1!
#157400
0!
b01101001 #
#157405
1!
#157410
0!
b01101010 #
#157415
1!
#157420
0!
b01101011 #
#157425
1!
#157430
0!
b01101100 #
#157435
1!
#157440
0!
b01101101 #
#157445
1!
#157450
0!
b01101110 #
#157455
1!
#157460
0!
b01101111 #
#157465
1!
#157470
0!
b01110000 #
#157475
1!
#157480
0!
b01110001 #
#157485
1!
#157490
0!
b01110010 #
#157495
1!
#157500
0!
b01110011 #
#157505
1!
#157510
0!
b01110100 #
#157515
1!
#157520
0!
b01110101 #
#157525
1!
#157530
0!
b01110110 #
#157535
1!
#157540
0!
b01110111 #
#157545
1!
#157550
0!
b01111000 #
#157555
1!
#157560
0!
b01111001 #
#157565
1!
#157570
0!
b01111010 #
#157575
1!
#157580
0!
b01111011 #
#157585
1!
#157590
0!
b01111100 #
#157595
1!
#157600
0!
b01111101 #
#157605
1!
#157610
0!
b01111110 #
#157615
1!
#157620
0!
b01111111 #
#157625
1!
#157630
0!
b10000000 #
#157635
1!
#157640
0!
b10000001 #
#157645
1!
#157650
0!
b10000010 #
#157655
1!
#157660
0!
b10000011 #
#157665
1!
#157670
0!
b10000100 #
#157675
1!
#157680
0!
b10000101 #
#157685
1!
#157690
0!
b10000110 #
#157695
1!
#157700
0!
b10000111 #
#157705
1!
#157710
0!
b10001000 #
#157715
1!
#157720
0!
b10001001 #
#157725
1!
#157730
0!
b10001010 #
#157735
1!
#157740
0!
b10001011 #
#157745
1!
#157750
0!
b10001100 #
#157755
1!
#157760
0!
b10001101 #
#157765
1!
#157770
0!
b10001110 #
#157775
1!
#157780
0!
b10001111 #
#157785
1!
#157790
0!
b10010000 #
#157795
1!
#157800
0!
b10010001 #
#157805
1!
#157810
0!
b10010010 #
#157815
1!
#157820
0!
b10010011 #
#157825
1!
#157830
0!
b10010100 #
#157835
1!
#157840
0!
b10010101 #
#157845
1!
#157850
0!
b10010110 #
#157855
1!
#157860
0!
b10010111 #
#157865
1!
#157870
0!
b10011000 #
#157875
1!
#157880
0!
b10011001 #
#157885
1!
#157890
0!
b10011010 #
#157895
1!
#157900
0!
b10011011 #
#157905
1!
#157910
0!
b10011100 #
#157915
1!
#157920
0!
b10011101 #
#157925
1!
#157930
0!
b10011110 #
#157935
1!
#157940
0!
b10011111 #
#157945
1!
#157950
0!
b10100000 #
#157955
1!
#157960
0!
b10100001 #
#157965
1!
#157970
0!
b10100010 #
#157975
1!
#157980
0!
b10100011 #
#157985
1!
#157990
0!
b10100100 #
#157995
1!
#158000
0!
b10100101 #
#158005
1!
#158010
0!
b10100110 #
#158015
1!
#158020
0!
b10100111 #
#158025
1!
#158030
0!
b10101000 #
#158035
1!
#158040
0!
b10101001 #
#158045
1!
#158050
0!
b10101010 #
#158055
1!
#158060
0!
b10101011 #
#158065
1!
#158070
0!
b10101100 #
#158075
1!
#158080
0!
b10101101 #
#158085
1!
#158090
0!
b10101110 #
#158095
1!
#158100
0!
b10101111 #
#158105
1!
#158110
0!
b10110000 #
#158115
1!
#158120
0!
b10110001 #
#158125
1!
0)
#158130
0!
b10110010 #
#158135
1!
#158140
0!
b10110011 #
#158145
1!
#158150
0!
b10110100 #
#158155
1!
#158160
0!
b10110101 #
#158165
1!
#158170
0!
b10110110 #
#158175
1!
#158180
0!
b10110111 #
#158185
1!
#158190
0!
b10111000 #
#158195
1!
#158200
0!
b10111001 #
#158205
1!
#158210
0!
b10111010 #
#158215
1!
#158220
0!
b10111011 #
#158225
1!
#158230
0!
b10111100 #
#158235
1!
#158240
0!
b10111101 #
#158245
1!
#158250
0!
b10111110 #
#158255
1!
#158260
0!
b10111111 #
#158265
1!
#158270
0!
b11000000 #
#158275
1!
#158280
0!
b11000001 #
#158285
1!
#158290
0!
b11000010 #
#158295
1!
#158300
0!
b11000011 #
#158305
1!
#158310
0!
b11000100 #
#158315
1!
#158320
0!
b11000101 #
#158325
1!
#158330
0!
b11000110 #
#158335
1!
#158340
0!
b11000111 #
#158345
1!
#158350
0!
b11001000 #
#158355
1!
#158360
0!
b11001001 #
#158365
1!
#158370
0!
b11001010 #
#158375
1!
#158380
0!
b11001011 #
#158385
1!
#158390
0!
b11001100 #
#158395
1!
#158400
0!
b11001101 #
#158405
1!
#158410
0!
b11001110 #
#158415
1!
#158420
0!
b11001111 #
#158425
1!
#158430
0!
b11010000 #
#158435
1!
#158440
0!
b11010001 #
#158445
1!
#158450
0!
b11010010 #
#158455
1!
#158460
0!
b11010011 #
#158465
1!
#158470
0!
b11010100 #
#158475
1!
#158480
0!
b11010101 #
#158485
1!
#158490
0!
b11010110 #
#158495
1!
#158500
0!
b11010111 #
#158505
1!
#158510
0!
b11011000 #
#158515
1!
#158520
0!
b11011001 #
#158525
1!
#158530
0!
b11011010 #
#158535
1!
#158540
0!
b11011011 #
#158545
1!
#158550
0!
b11011100 #
#158555
1!
#158560
0!
b11011101 #
#158565
1!
#158570
0!
b11011110 #
#158575
1!
#158580
0!
b11011111 #
#158585
1!
#158590
0!
b11100000 #
#158595
1!
#158600
0!
b11100001 #
#158605
1!
#158610
0!
b11100010 #
#158615
1!
#158620
0!
b11100011 #
#158625
1!
#158630
0!
b11100100 #
#158635
1!
#158640
0!
b11100101 #
#158645
1!
#158650
0!
b11100110 #
#158655
1!
#158660
0!
b11100111 #
#158665
1!
#158670
0!
b11101000 #
#158675
1!
#158680
0!
b11101001 #
#158685
1!
#158690
0!
b11101010 #
#158695
1!
#158700
0!
b11101011 #
#158705
1!
#158710
0!
b11101100 #
#158715
1!
#158720
0!
b11101101 #
#158725
1!
#158730
0!
b11101110 #
#158735
1!
#158740
0!
b11101111 #
#158745
1!
#158750
0!
b11110000 #
0*
#158755
1!
#158760
0!
b11110001 #
#158765
1!
#158770
0!
b11110010 #
#158775
1!
#158780
0!
b11110011 #
#158785
1!
#158790
0!
b11110100 #
#158795
1!
#158800
0!
b11110101 #
#158805
1!
#158810
0!
b11110110 #
#158815
1!
#158820
0!
b11110111 #
#158825
1!
#158830
0!
b11111000 #
#158835
1!
#158840
0!
b11111001 #
#158845
1!
#158850
0!
b11111010 #
#158855
1!
#158860
0!
b11111011 #
#158865
1!
#158870
0!
b11111100 #
#158875
1!
#158880
0!
b11111101 #
#158885
1!
#158890
0!
b11111110 #
#158895
1!
#158900
0!
b11111111 #
#158905
1!
#158910
0!
b00000000 #
#158915
1!
#158920
0!
b00000001 #
#158925
1!
#158930
0!
b00000010 #
#158935
1!
#158940
0!
b00000011 #
#158945
1!
#158950
0!
b00000100 #
#158955
1!
#158960
0!
b00000101 #
#158965
1!
#158970
0!
b00000110 #
#158975
1!
#158980
0!
b00000111 #
#158985
1!
#158990
0!
b00001000 #
#158995
1!
#159000
0!
b00001001 #
#159005
1!
#159010
0!
b00001010 #
#159015
1!
#159020
0!
b00001011 #
#159025
1!
#159030
0!
b00001100 #
#159035
1!
#159040
0!
b00001101 #
#159045
1!
#159050
0!
b00001110 #
#159055
1!
#159060
0!
b00001111 #
#159065
1!
#159070
0!
b00010000 #
#159075
1!
#159080
0!
b00010001 #
#159085
1!
#159090
0!
b00010010 #
#159095
1!
#159100
0!
b00010011 #
#159105
1!
#159110
0!
b00010100 #
#159115
1!
#159120
0!
b00010101 #
#159125
1!
#159130
0!
b00010110 #
#159135
1!
#159140
0!
b00010111 #
#159145
1!
#159150
0!
b00011000 #
#159155
1!
#159160
0!
b00011001 #
#159165
1!
#159170
0!
b00011010 #
#159175
1!
#159180
0!
b00011011 #
#159185
1!
#159190
0!
b00011100 #
#159195
1!
#159200
0!
b00011101 #
#159205
1!
#159210
0!
b00011110 #
#159215
1!
#159220
0!
b00011111 #
#159225
1!
#159230
0!
b00100000 #
#159235
1!
#159240
0!
b00100001 #
#159245
1!
#159250
0!
b00100010 #
#159255
1!
#159260
0!
b00100011 #
#159265
1!
#159270
0!
b00100100 #
#159275
1!
#159280
0!
b00100101 #
#159285
1!
#159290
0!
b00100110 #
#159295
1!
#159300
0!
b00100111 #
#159305
1!
#159310
0!
b00101000 #
#159315
1!
#159320
0!
b00101001 #
#159325
1!
#159330
0!
b00101010 #
#159335
1!
#159340
0!
b00101011 #
#159345
1!
#159350
0!
b00101100 #
#159355
1!
#159360
0!
b00101101 #
#159365
1!
#159370
0!
b00101110 #
#159375
1!
1)
#159380
0!
b00101111 #
#159385
1!
#159390
0!
b00110000 #
#159395
1!
#159400
0!
b00110001 #
#159405
1!
#159410
0!
b00110010 #
#159415
1!
#159420
0!
b00110011 #
#159425
1!
#159430
0!
b00110100 #
#159435
1!
#159440
0!
b00110101 #
#159445
1!
#159450
0!
b00110110 #
#159455
1!
#159460
0!
b00110111 #
#159465
1!
#159470
0!
b00111000 #
#159475
1!
#159480
0!
b00111001 #
#159485
1!
#159490
0!
b00111010 #
#159495
1!
#159500
0!
b00111011 #
#159505
1!
#159510
0!
b00111100 #
#159515
1!
#159520
0!
b00111101 #
#159525
1!
#159530
0!
b00111110 #
#159535
1!
#159540
0!
b00111111 #
#159545
1!
#159550
0!
b01000000 #
#159555
1!
#159560
0!
b01000001 #
#159565
1!
#159570
0!
b01000010 #
#159575
1!
#159580
0!
b01000011 #
#159585
1!
#159590
0!
b01000100 #
#159595
1!
#159600
0!
b01000101 #
#159605
1!
#159610
0!
b01000110 #
#159615
1!
#159620
0!
b01000111 #
#159625
1!
#159630
0!
b01001000 #
#159635
1!
#159640
0!
b01001001 #
#159645
1!
#159650
0!
b01001010 #
#159655
1!
#159660
0!
b01001011 #
#159665
1!
#159670
0!
b01001100 #
#159675
1!
#159680
0!
b01001101 #
#159685
1!
#159690
0!
b01001110 #
#159695
1!
#159700
0!
b01001111 #
#159705
1!
#159710
0!
b01010000 #
#159715
1!
#159720
0!
b01010001 #
#159725
1!
#159730
0!
b01010010 #
#159735
1!
#159740
0!
b01010011 #
#159745
1!
#159750
0!
b01010100 #
#159755
1!
#159760
0!
b01010101 #
#159765
1!
#159770
0!
b01010110 #
#159775
1!
#159780
0!
b01010111 #
#159785
1!
#159790
0!
b01011000 #
#159795
1!
#159800
0!
b01011001 #
#159805
1!
#159810
0!
b01011010 #
#159815
1!
#159820
0!
b01011011 #
#159825
1!
#159830
0!
b01011100 #
#159835
1!
#159840
0!
b01011101 #
#159845
1!
#159850
0!
b01011110 #
#159855
1!
#159860
0!
b01011111 #
#159865
1!
#159870
0!
b01100000 #
#159875
1!
#159880
0!
b01100001 #
#159885
1!
#159890
0!
b01100010 #
#159895
1!
#159900
0!
b01100011 #
#159905
1!
#159910
0!
b01100100 #
#159915
1!
#159920
0!
b01100101 #
#159925
1!
#159930
0!
b01100110 #
#159935
1!
#159940
0!
b01100111 #
#159945
1!
#159950
0!
b01101000 #
#159955
1!
#159960
0!
b01101001 #
#159965
1!
#159970
0!
b01101010 #
#159975
1!
#159980
0!
b01101011 #
#159985
1!
#159990
0!
b01101100 #
#159995
1!
#160000
0!
b01101101 #
#160005
1!
#160010
0!
b01101110 #
#160015
1!
#160020
0!
b01101111 #
#160025
1!
#160030
0!
b01110000 #
#160035
1!
#160040
0!
b01110001 #
#160045
1!
#160050
0!
b01110010 #
#160055
1!
#160060
0!
b01110011 #
#160065
1!
#160070
0!
b01110100 #
#160075
1!
#160080
0!
b01110101 #
#160085
1!
#160090
0!
b01110110 #
#160095
1!
#160100
0!
b01110111 #
#160105
1!
#160110
0!
b01111000 #
#160115
1!
#160120
0!
b01111001 #
#160125
1!
#160130
0!
b01111010 #
#160135
1!
#160140
0!
b01111011 #
#160145
1!
#160150
0!
b01111100 #
#160155
1!
#160160
0!
b01111101 #
#160165
1!
#160170
0!
b01111110 #
#160175
1!
#160180
0!
b01111111 #
#160185
1!
#160190
0!
b10000000 #
#160195
1!
#160200
0!
b10000001 #
#160205
1!
#160210
0!
b10000010 #
#160215
1!
#160220
0!
b10000011 #
#160225
1!
#160230
0!
b10000100 #
#160235
1!
#160240
0!
b10000101 #
#160245
1!
#160250
0!
b10000110 #
#160255
1!
#160260
0!
b10000111 #
#160265
1!
#160270
0!
b10001000 #
#160275
1!
#160280
0!
b10001001 #
#160285
1!
#160290
0!
b10001010 #
#160295
1!
#160300
0!
b10001011 #
#160305
1!
#160310
0!
b10001100 #
#160315
1!
#160320
0!
b10001101 #
#160325
1!
#160330
0!
b10001110 #
#160335
1!
#160340
0!
b10001111 #
#160345
1!
#160350
0!
b10010000 #
#160355
1!
#160360
0!
b10010001 #
#160365
1!
#160370
0!
b10010010 #
#160375
1!
#160380
0!
b10010011 #
#160385
1!
#160390
0!
b10010100 #
#160395
1!
#160400
0!
b10010101 #
#160405
1!
#160410
0!
b10010110 #
#160415
1!
#160420
0!
b10010111 #
#160425
1!
#160430
0!
b10011000 #
#160435
1!
#160440
0!
b10011001 #
#160445
1!
#160450
0!
b10011010 #
#160455
1!
#160460
0!
b10011011 #
#160465
1!
#160470
0!
b10011100 #
#160475
1!
#160480
0!
b10011101 #
#160485
1!
#160490
0!
b10011110 #
#160495
1!
#160500
0!
b10011111 #
#160505
1!
#160510
0!
b10100000 #
#160515
1!
#160520
0!
b10100001 #
#160525
1!
#160530
0!
b10100010 #
#160535
1!
#160540
0!
b10100011 #
#160545
1!
#160550
0!
b10100100 #
#160555
1!
#160560
0!
b10100101 #
#160565
1!
#160570
0!
b10100110 #
#160575
1!
#160580
0!
b10100111 #
#160585
1!
#160590
0!
b10101000 #
#160595
1!
#160600
0!
b10101001 #
#160605
1!
#160610
0!
b10101010 #
#160615
1!
#160620
0!
b10101011 #
#160625
1!
0)
#160630
0!
b10101100 #
#160635
1!
#160640
0!
b10101101 #
#160645
1!
#160650
0!
b10101110 #
#160655
1!
#160660
0!
b10101111 #
#160665
1!
#160670
0!
b10110000 #
#160675
1!
#160680
0!
b10110001 #
#160685
1!
#160690
0!
b10110010 #
#160695
1!
#160700
0!
b10110011 #
#160705
1!
#160710
0!
b10110100 #
#160715
1!
#160720
0!
b10110101 #
#160725
1!
#160730
0!
b10110110 #
#160735
1!
#160740
0!
b10110111 #
#160745
1!
#160750
0!
b10111000 #
#160755
1!
#160760
0!
b10111001 #
#160765
1!
#160770
0!
b10111010 #
#160775
1!
#160780
0!
b10111011 #
#160785
1!
#160790
0!
b10111100 #
#160795
1!
#160800
0!
b10111101 #
#160805
1!
#160810
0!
b10111110 #
#160815
1!
#160820
0!
b10111111 #
#160825
1!
#160830
0!
b11000000 #
#160835
1!
#160840
0!
b11000001 #
#160845
1!
#160850
0!
b11000010 #
#160855
1!
#160860
0!
b11000011 #
#160865
1!
#160870
0!
b11000100 #
#160875
1!
#160880
0!
b11000101 #
#160885
1!
#160890
0!
b11000110 #
#160895
1!
#160900
0!
b11000111 #
#160905
1!
#160910
0!
b11001000 #
#160915
1!
#160920
0!
b11001001 #
#160925
1!
#160930
0!
b11001010 #
#160935
1!
#160940
0!
b11001011 #
#160945
1!
#160950
0!
b11001100 #
#160955
1!
#160960
0!
b11001101 #
#160965
1!
#160970
0!
b11001110 #
#160975
1!
#160980
0!
b11001111 #
#160985
1!
#160990
0!
b11010000 #
#160995
1!
#161000
0!
b11010001 #
#161005
1!
#161010
0!
b11010010 #
#161015
1!
#161020
0!
b11010011 #
#161025
1!
#161030
0!
b11010100 #
#161035
1!
#161040
0!
b11010101 #
#161045
1!
#161050
0!
b11010110 #
#161055
1!
#161060
0!
b11010111 #
#161065
1!
#161070
0!
b11011000 #
#161075
1!
#161080
0!
b11011001 #
#161085
1!
#161090
0!
b11011010 #
#161095
1!
#161100
0!
b11011011 #
#161105
1!
#161110
0!
b11011100 #
#161115
1!
#161120
0!
b11011101 #
#161125
1!
#161130
0!
b11011110 #
#161135
1!
#161140
0!
b11011111 #
#161145
1!
#161150
0!
b11100000 #
#161155
1!
#161160
0!
b11100001 #
#161165
1!
#161170
0!
b11100010 #
#161175
1!
#161180
0!
b11100011 #
#161185
1!
#161190
0!
b11100100 #
#161195
1!
#161200
0!
b11100101 #
#161205
1!
#161210
0!
b11100110 #
#161215
1!
#161220
0!
b11100111 #
#161225
1!
#161230
0!
b11101000 #
#161235
1!
#161240
0!
b11101001 #
#161245
1!
#161250
0!
b11101010 #
0*
#161255
1!
#161260
0!
b11101011 #
#161265
1!
#161270
0!
b11101100 #
#161275
1!
#161280
0!
b11101101 #
#161285
1!
#161290
0!
b11101110 #
#161295
1!
#161300
0!
b11101111 #
#161305
1!
#161310
0!
b11110000 #
#161315
1!
#161320
0!
b11110001 #
#161325
1!
#161330
0!
b11110010 #
#161335
1!
#161340
0!
b11110011 #
#161345
1!
#161350
0!
b11110100 #
#161355
1!
#161360
0!
b11110101 #
#161365
1!
#161370
0!
b11110110 #
#161375
1!
#161380
0!
b11110111 #
#161385
1!
#161390
0!
b11111000 #
#161395
1!
#161400
0!
b11111001 #
#161405
1!
#161410
0!
b11111010 #
#161415
1!
#161420
0!
b11111011 #
#161425
1!
#161430
0!
b11111100 #
#161435
1!
#161440
0!
b11111101 #
#161445
1!
#161450
0!
b11111110 #
#161455
1!
#161460
0!
b11111111 #
#161465
1!
#161470
0!
b00000000 #
#161475
1!
#161480
0!
b00000001 #
#161485
1!
#161490
0!
b00000010 #
#161495
1!
#161500
0!
b00000011 #
#161505
1!
#161510
0!
b00000100 #
#161515
1!
#161520
0!
b00000101 #
#161525
1!
#161530
0!
b00000110 #
#161535
1!
#161540
0!
b00000111 #
#161545
1!
#161550
0!
b00001000 #
#161555
1!
#161560
0!
b00001001 #
#161565
1!
#161570
0!
b00001010 #
#161575
1!
#161580
0!
b00001011 #
#161585
1!
#161590
0!
b00001100 #
#161595
1!
#161600
0!
b00001101 #
#161605
1!
#161610
0!
b00001110 #
#161615
1!
#161620
0!
b00001111 #
#161625
1!
#161630
0!
b00010000 #
#161635
1!
#161640
0!
b00010001 #
#161645
1!
#161650
0!
b00010010 #
#161655
1!
#161660
0!
b00010011 #
#161665
1!
#161670
0!
b00010100 #
#161675
1!
#161680
0!
b00010101 #
#161685
1!
#161690
0!
b00010110 #
#161695
1!
#161700
0!
b00010111 #
#161705
1!
#161710
0!
b00011000 #
#161715
1!
#161720
0!
b00011001 #
#161725
1!
#161730
0!
b00011010 #
#161735
1!
#161740
0!
b00011011 #
#161745
1!
#161750
0!
b00011100 #
#161755
1!
#161760
0!
b00011101 #
#161765
1!
#161770
0!
b00011110 #
#161775
1!
#161780
0!
b00011111 #
#161785
1!
#161790
0!
b00100000 #
#161795
1!
#161800
0!
b00100001 #
#161805
1!
#161810
0!
b00100010 #
#161815
1!
#161820
0!
b00100011 #
#161825
1!
#161830
0!
b00100100 #
#161835
1!
#161840
0!
b00100101 #
#161845
1!
#161850
0!
b00100110 #
#161855
1!
#161860
0!
b00100111 #
#161865
1!
#161870
0!
b00101000 #
#161875
1!
1)
#161880
0!
b00101001 #
#161885
1!
#161890
0!
b00101010 #
#161895
1!
#161900
0!
b00101011 #
#161905
1!
#161910
0!
b00101100 #
#161915
1!
#161920
0!
b00101101 #
#161925
1!
#161930
0!
b00101110 #
#161935
1!
#161940
0!
b00101111 #
#161945
1!
#161950
0!
b00110000 #
#161955
1!
#161960
0!
b00110001 #
#161965
1!
#161970
0!
b00110010 #
#161975
1!
#161980
0!
b00110011 #
#161985
1!
#161990
0!
b00110100 #
#161995
1!
#162000
0!
b00110101 #
#162005
1!
#162010
0!
b00110110 #
#162015
1!
#162020
0!
b00110111 #
#162025
1!
#162030
0!
b00111000 #
#162035
1!
#162040
0!
b00111001 #
#162045
1!
#162050
0!
b00111010 #
#162055
1!
#162060
0!
b00111011 #
#162065
1!
#162070
0!
b00111100 #
#162075
1!
#162080
0!
b00111101 #
#162085
1!
#162090
0!
b00111110 #
#162095
1!
#162100
0!
b00111111 #
#162105
1!
#162110
0!
b01000000 #
#162115
1!
#162120
0!
b01000001 #
#162125
1!
#162130
0!
b01000010 #
#162135
1!
#162140
0!
b01000011 #
#162145
1!
#162150
0!
b01000100 #
#162155
1!
#162160
0!
b01000101 #
#162165
1!
#162170
0!
b01000110 #
#162175
1!
#162180
0!
b01000111 #
#162185
1!
#162190
0!
b01001000 #
#162195
1!
#162200
0!
b01001001 #
#162205
1!
#162210
0!
b01001010 #
#162215
1!
#162220
0!
b01001011 #
#162225
1!
#162230
0!
b01001100 #
#162235
1!
#162240
0!
b01001101 #
#162245
1!
#162250
0!
b01001110 #
#162255
1!
#162260
0!
b01001111 #
#162265
1!
#162270
0!
b01010000 #
#162275
1!
#162280
0!
b01010001 #
#162285
1!
#162290
0!
b01010010 #
#162295
1!
#162300
0!
b01010011 #
#162305
1!
#162310
0!
b01010100 #
#162315
1!
#162320
0!
b01010101 #
#162325
1!
#162330
0!
b01010110 #
#162335
1!
#162340
0!
b01010111 #
#162345
1!
#162350
0!
b01011000 #
#162355
1!
#162360
0!
b01011001 #
#162365
1!
#162370
0!
b01011010 #
#162375
1!
#162380
0!
b01011011 #
#162385
1!
#162390
0!
b01011100 #
#162395
1!
#162400
0!
b01011101 #
#162405
1!
#162410
0!
b01011110 #
#162415
1!
#162420
0!
b01011111 #
#162425
1!
#162430
0!
b01100000 #
#162435
1!
#162440
0!
b01100001 #
#162445
1!
#162450
0!
b01100010 #
#162455
1!
#162460
0!
b01100011 #
#162465
1!
#162470
0!
b01100100 #
#162475
1!
#162480
0!
b01100101 #
#162485
1!
#162490
0!
b01100110 #
#162495
1!
#162500
0!
b01100111 #
#162505
1!
#162510
0!
b01101000 #
#162515
1!
#162520
0!
b01101001 #
#162525
1!
#162530
0!
b01101010 #
#162535
1!
#162540
0!
b01101011 #
#162545
1!
#162550
0!
b01101100 #
#162555
1!
#162560
0!
b01101101 #
#162565
1!
#162570
0!
b01101110 #
#162575
1!
#162580
0!
b01101111 #
#162585
1!
#162590
0!
b01110000 #
#162595
1!
#162600
0!
b01110001 #
#162605
1!
#162610
0!
b01110010 #
#162615
1!
#162620
0!
b01110011 #
#162625
1!
#162630
0!
b01110100 #
#162635
1!
#162640
0!
b01110101 #
#162645
1!
#162650
0!
b01110110 #
#162655
1!
#162660
0!
b01110111 #
#162665
1!
#162670
0!
b01111000 #
#162675
1!
#162680
0!
b01111001 #
#162685
1!
#162690
0!
b01111010 #
#162695
1!
#162700
0!
b01111011 #
#162705
1!
#162710
0!
b01111100 #
#162715
1!
#162720
0!
b01111101 #
#162725
1!
#162730
0!
b01111110 #
#162735
1!
#162740
0!
b01111111 #
#162745
1!
#162750
0!
b10000000 #
#162755
1!
#162760
0!
b10000001 #
#162765
1!
#162770
0!
b10000010 #
#162775
1!
#162780
0!
b10000011 #
#162785
1!
#162790
0!
b10000100 #
#162795
1!
#162800
0!
b10000101 #
#162805
1!
#162810
0!
b10000110 #
#162815
1!
#162820
0!
b10000111 #
#162825
1!
#162830
0!
b10001000 #
#162835
1!
#162840
0!
b10001001 #
#162845
1!
#162850
0!
b10001010 #
#162855
1!
#162860
0!
b10001011 #
#162865
1!
#162870
0!
b10001100 #
#162875
1!
#162880
0!
b10001101 #
#162885
1!
#162890
0!
b10001110 #
#162895
1!
#162900
0!
b10001111 #
#162905
1!
#162910
0!
b10010000 #
#162915
1!
#162920
0!
b10010001 #
#162925
1!
#162930
0!
b10010010 #
#162935
1!
#162940
0!
b10010011 #
#162945
1!
#162950
0!
b10010100 #
#162955
1!
#162960
0!
b10010101 #
#162965
1!
#162970
0!
b10010110 #
#162975
1!
#162980
0!
b10010111 #
#162985
1!
#162990
0!
b10011000 #
#162995
1!
#163000
0!
b10011001 #
#163005
1!
#163010
0!
b10011010 #
#163015
1!
#163020
0!
b10011011 #
#163025
1!
#163030
0!
b10011100 #
#163035
1!
#163040
0!
b10011101 #
#163045
1!
#163050
0!
b10011110 #
#163055
1!
#163060
0!
b10011111 #
#163065
1!
#163070
0!
b10100000 #
#163075
1!
#163080
0!
b10100001 #
#163085
1!
#163090
0!
b10100010 #
#163095
1!
#163100
0!
b10100011 #
#163105
1!
#163110
0!
b10100100 #
#163115
1!
#163120
0!
b10100101 #
#163125
1!
0)
#163130
0!
b10100110 #
#163135
1!
#163140
0!
b10100111 #
#163145
1!
#163150
0!
b10101000 #
#163155
1!
#163160
0!
b10101001 #
#163165
1!
#163170
0!
b10101010 #
#163175
1!
#163180
0!
b10101011 #
#163185
1!
#163190
0!
b10101100 #
#163195
1!
#163200
0!
b10101101 #
#163205
1!
#163210
0!
b10101110 #
#163215
1!
#163220
0!
b10101111 #
#163225
1!
#163230
0!
b10110000 #
#163235
1!
#163240
0!
b10110001 #
#163245
1!
#163250
0!
b10110010 #
#163255
1!
#163260
0!
b10110011 #
#163265
1!
#163270
0!
b10110100 #
#163275
1!
#163280
0!
b10110101 #
#163285
1!
#163290
0!
b10110110 #
#163295
1!
#163300
0!
b10110111 #
#163305
1!
#163310
0!
b10111000 #
#163315
1!
#163320
0!
b10111001 #
#163325
1!
#163330
0!
b10111010 #
#163335
1!
#163340
0!
b10111011 #
#163345
1!
#163350
0!
b10111100 #
#163355
1!
#163360
0!
b10111101 #
#163365
1!
#163370
0!
b10111110 #
#163375
1!
#163380
0!
b10111111 #
#163385
1!
#163390
0!
b11000000 #
#163395
1!
#163400
0!
b11000001 #
#163405
1!
#163410
0!
b11000010 #
#163415
1!
#163420
0!
b11000011 #
#163425
1!
#163430
0!
b11000100 #
#163435
1!
#163440
0!
b11000101 #
#163445
1!
#163450
0!
b11000110 #
#163455
1!
#163460
0!
b11000111 #
#163465
1!
#163470
0!
b11001000 #
#163475
1!
#163480
0!
b11001001 #
#163485
1!
#163490
0!
b11001010 #
#163495
1!
#163500
0!
b11001011 #
#163505
1!
#163510
0!
b11001100 #
#163515
1!
#163520
0!
b11001101 #
#163525
1!
#163530
0!
b11001110 #
#163535
1!
#163540
0!
b11001111 #
#163545
1!
#163550
0!
b11010000 #
#163555
1!
#163560
0!
b11010001 #
#163565
1!
#163570
0!
b11010010 #
#163575
1!
#163580
0!
b11010011 #
#163585
1!
#163590
0!
b11010100 #
#163595
1!
#163600
0!
b11010101 #
#163605
1!
#163610
0!
b11010110 #
#163615
1!
#163620
0!
b11010111 #
#163625
1!
#163630
0!
b11011000 #
#163635
1!
#163640
0!
b11011001 #
#163645
1!
#163650
0!
b11011010 #
#163655
1!
#163660
0!
b11011011 #
#163665
1!
#163670
0!
b11011100 #
#163675
1!
#163680
0!
b11011101 #
#163685
1!
#163690
0!
b11011110 #
#163695
1!
#163700
0!
b11011111 #
#163705
1!
#163710
0!
b11100000 #
#163715
1!
#163720
0!
b11100001 #
#163725
1!
#163730
0!
b11100010 #
#163735
1!
#163740
0!
b11100011 #
#163745
1!
#163750
0!
b11100100 #
0*
#163755
1!
#163760
0!
b11100101 #
#163765
1!
#163770
0!
b11100110 #
#163775
1!
#163780
0!
b11100111 #
#163785
1!
#163790
0!
b11101000 #
#163795
1!
#163800
0!
b11101001 #
#163805
1!
#163810
0!
b11101010 #
#163815
1!
#163820
0!
b11101011 #
#163825
1!
#163830
0!
b11101100 #
#163835
1!
#163840
0!
b11101101 #
#163845
1!
#163850
0!
b11101110 #
#163855
1!
#163860
0!
b11101111 #
#163865
1!
#163870
0!
b11110000 #
#163875
1!
#163880
0!
b11110001 #
#163885
1!
#163890
0!
b11110010 #
#163895
1!
#163900
0!
b11110011 #
#163905
1!
#163910
0!
b11110100 #
#163915
1!
#163920
0!
b11110101 #
#163925
1!
#163930
0!
b11110110 #
#163935
1!
#163940
0!
b11110111 #
#163945
1!
#163950
0!
b11111000 #
#163955
1!
#163960
0!
b11111001 #
#163965
1!
#163970
0!
b11111010 #
#163975
1!
#163980
0!
b11111011 #
#163985
1!
#163990
0!
b11111100 #
#163995
1!
#164000
0!
b11111101 #
#164005
1!
#164010
0!
b11111110 #
#164015
1!
#164020
0!
b11111111 #
#164025
1!
#164030
0!
b00000000 #
#164035
1!
#164040
0!
b00000001 #
#164045
1!
#164050
0!
b00000010 #
#164055
1!
#164060
0!
b00000011 #
#164065
1!
#164070
0!
b00000100 #
#164075
1!
#164080
0!
b00000101 #
#164085
1!
#164090
0!
b00000110 #
#164095
1!
#164100
0!
b00000111 #
#164105
1!
#164110
0!
b00001000 #
#164115
1!
#164120
0!
b00001001 #
#164125
1!
#164130
0!
b00001010 #
#164135
1!
#164140
0!
b00001011 #
#164145
1!
#164150
0!
b00001100 #
#164155
1!
#164160
0!
b00001101 #
#164165
1!
#164170
0!
b00001110 #
#164175
1!
#164180
0!
b00001111 #
#164185
1!
#164190
0!
b00010000 #
#164195
1!
#164200
0!
b00010001 #
#164205
1!
#164210
0!
b00010010 #
#164215
1!
#164220
0!
b00010011 #
#164225
1!
#164230
0!
b00010100 #
#164235
1!
#164240
0!
b00010101 #
#164245
1!
#164250
0!
b00010110 #
#164255
1!
#164260
0!
b00010111 #
#164265
1!
#164270
0!
b00011000 #
#164275
1!
#164280
0!
b00011001 #
#164285
1!
#164290
0!
b00011010 #
#164295
1!
#164300
0!
b00011011 #
#164305
1!
#164310
0!
b00011100 #
#164315
1!
#164320
0!
b00011101 #
#164325
1!
#164330
0!
b00011110 #
#164335
1!
#164340
0!
b00011111 #
#164345
1!
#164350
0!
b00100000 #
#164355
1!
#164360
0!
b00100001 #
#164365
1!
#164370
0!
b00100010 #
#164375
1!
1)
#164380
0!
b00100011 #
#164385
1!
#164390
0!
b00100100 #
#164395
1!
#164400
0!
b00100101 #
#164405
1!
#164410
0!
b00100110 #
#164415
1!
#164420
0!
b00100111 #
#164425
1!
#164430
0!
b00101000 #
#164435
1!
#164440
0!
b00101001 #
#164445
1!
#164450
0!
b00101010 #
#164455
1!
#164460
0!
b00101011 #
#164465
1!
#164470
0!
b00101100 #
#164475
1!
#164480
0!
b00101101 #
#164485
1!
#164490
0!
b00101110 #
#164495
1!
#164500
0!
b00101111 #
#164505
1!
#164510
0!
b00110000 #
#164515
1!
#164520
0!
b00110001 #
#164525
1!
#164530
0!
b00110010 #
#164535
1!
#164540
0!
b00110011 #
#164545
1!
#164550
0!
b00110100 #
#164555
1!
#164560
0!
b00110101 #
#164565
1!
#164570
0!
b00110110 #
#164575
1!
#164580
0!
b00110111 #
#164585
1!
#164590
0!
b00111000 #
#164595
1!
#164600
0!
b00111001 #
#164605
1!
#164610
0!
b00111010 #
#164615
1!
#164620
0!
b00111011 #
#164625
1!
#164630
0!
b00111100 #
#164635
1!
#164640
0!
b00111101 #
#164645
1!
#164650
0!
b00111110 #
#164655
1!
#164660
0!
b00111111 #
#164665
1!
#164670
0!
b01000000 #
#164675
1!
#164680
0!
b01000001 #
#164685
1!
#164690
0!
b01000010 #
#164695
1!
#164700
0!
b01000011 #
#164705
1!
#164710
0!
b01000100 #
#164715
1!
#164720
0!
b01000101 #
#164725
1!
#164730
0!
b01000110 #
#164735
1!
#164740
0!
b01000111 #
#164745
1!
#164750
0!
b01001000 #
#164755
1!
#164760
0!
b01001001 #
#164765
1!
#164770
0!
b01001010 #
#164775
1!
#164780
0!
b01001011 #
#164785
1!
#164790
0!
b01001100 #
#164795
1!
#164800
0!
b01001101 #
#164805
1!
#164810
0!
b01001110 #
#164815
1!
#164820
0!
b01001111 #
#164825
1!
#164830
0!
b01010000 #
#164835
1!
#164840
0!
b01010001 #
#164845
1!
#164850
0!
b01010010 #
#164855
1!
#164860
0!
b01010011 #
#164865
1!
#164870
0!
b01010100 #
#164875
1!
#164880
0!
b01010101 #
#164885
1!
#164890
0!
b01010110 #
#164895
1!
#164900
0!
b01010111 #
#164905
1!
#164910
0!
b01011000 #
#164915
1!
#164920
0!
b01011001 #
#164925
1!
#164930
0!
b01011010 #
#164935
1!
#164940
0!
b01011011 #
#164945
1!
#164950
0!
b01011100 #
#164955
1!
#164960
0!
b01011101 #
#164965
1!
#164970
0!
b01011110 #
#164975
1!
#164980
0!
b01011111 #
#164985
1!
#164990
0!
b01100000 #
#164995
1!
#165000
0!
b01100001 #
#165005
1!
#165010
0!
b01100010 #
#165015
1!
#165020
0!
b01100011 #
#165025
1!
#165030
0!
b01100100 #
#165035
1!
#165040
0!
b01100101 #
#165045
1!
#165050
0!
b01100110 #
#165055
1!
#165060
0!
b01100111 #
#165065
1!
#165070
0!
b01101000 #
#165075
1!
#165080
0!
b01101001 #
#165085
1!
#165090
0!
b01101010 #
#165095
1!
#165100
0!
b01101011 #
#165105
1!
#165110
0!
b01101100 #
#165115
1!
#165120
0!
b01101101 #
#165125
1!
#165130
0!
b01101110 #
#165135
1!
#165140
0!
b01101111 #
#165145
1!
#165150
0!
b01110000 #
#165155
1!
#165160
0!
b01110001 #
#165165
1!
#165170
0!
b01110010 #
#165175
1!
#165180
0!
b01110011 #
#165185
1!
#165190
0!
b01110100 #
#165195
1!
#165200
0!
b01110101 #
#165205
1!
#165210
0!
b01110110 #
#165215
1!
#165220
0!
b01110111 #
#165225
1!
#165230
0!
b01111000 #
#165235
1!
#165240
0!
b01111001 #
#165245
1!
#165250
0!
b01111010 #
#165255
1!
#165260
0!
b01111011 #
#165265
1!
#165270
0!
b01111100 #
#165275
1!
#165280
0!
b01111101 #
#165285
1!
#165290
0!
b01111110 #
#165295
1!
#165300
0!
b01111111 #
#165305
1!
#165310
0!
b10000000 #
#165315
1!
#165320
0!
b10000001 #
#165325
1!
#165330
0!
b10000010 #
#165335
1!
#165340
0!
b10000011 #
#165345
1!
#165350
0!
b10000100 #
#165355
1!
#165360
0!
b10000101 #
#165365
1!
#165370
0!
b10000110 #
#165375
1!
#165380
0!
b10000111 #
#165385
1!
#165390
0!
b10001000 #
#165395
1!
#165400
0!
b10001001 #
#165405
1!
#165410
0!
b10001010 #
#165415
1!
#165420
0!
b10001011 #
#165425
1!
#165430
0!
b10001100 #
#165435
1!
#165440
0!
b10001101 #
#165445
1!
#165450
0!
b10001110 #
#165455
1!
#165460
0!
b10001111 #
#165465
1!
#165470
0!
b10010000 #
#165475
1!
#165480
0!
b10010001 #
#165485
1!
#165490
0!
b10010010 #
#165495
1!
#165500
0!
b10010011 #
#165505
1!
#165510
0!
b10010100 #
#165515
1!
#165520
0!
b10010101 #
#165525
1!
#165530
0!
b10010110 #
#165535
1!
#165540
0!
b10010111 #
#165545
1!
#165550
0!
b10011000 #
#165555
1!
#165560
0!
b10011001 #
#165565
1!
#165570
0!
b10011010 #
#165575
1!
#165580
0!
b10011011 #
#165585
1!
#165590
0!
b10011100 #
#165595
1!
#165600
0!
b10011101 #
#165605
1!
#165610
0!
b10011110 #
#165615
1!
#165620
0!
b10011111 #
#165625
1!
0)
#165630
0!
b10100000 #
#165635
1!
#165640
0!
b10100001 #
#165645
1!
#165650
0!
b10100010 #
#165655
1!
#165660
0!
b10100011 #
#165665
1!
#165670
0!
b10100100 #
#165675
1!
#165680
0!
b10100101 #
#165685
1!
#165690
0!
b10100110 #
#165695
1!
#165700
0!
b10100111 #
#165705
1!
#165710
0!
b10101000 #
#165715
1!
#165720
0!
b10101001 #
#165725
1!
#165730
0!
b10101010 #
#165735
1!
#165740
0!
b10101011 #
#165745
1!
#165750
0!
b10101100 #
#165755
1!
#165760
0!
b10101101 #
#165765
1!
#165770
0!
b10101110 #
#165775
1!
#165780
0!
b10101111 #
#165785
1!
#165790
0!
b10110000 #
#165795
1!
#165800
0!
b10110001 #
#165805
1!
#165810
0!
b10110010 #
#165815
1!
#165820
0!
b10110011 #
#165825
1!
#165830
0!
b10110100 #
#165835
1!
#165840
0!
b10110101 #
#165845
1!
#165850
0!
b10110110 #
#165855
1!
#165860
0!
b10110111 #
#165865
1!
#165870
0!
b10111000 #
#165875
1!
#165880
0!
b10111001 #
#165885
1!
#165890
0!
b10111010 #
#165895
1!
#165900
0!
b10111011 #
#165905
1!
#165910
0!
b10111100 #
#165915
1!
#165920
0!
b10111101 #
#165925
1!
#165930
0!
b10111110 #
#165935
1!
#165940
0!
b10111111 #
#165945
1!
#165950
0!
b11000000 #
#165955
1!
#165960
0!
b11000001 #
#165965
1!
#165970
0!
b11000010 #
#165975
1!
#165980
0!
b11000011 #
#165985
1!
#165990
0!
b11000100 #
#165995
1!
#166000
0!
b11000101 #
#166005
1!
#166010
0!
b11000110 #
#166015
1!
#166020
0!
b11000111 #
#166025
1!
#166030
0!
b11001000 #
#166035
1!
#166040
0!
b11001001 #
#166045
1!
#166050
0!
b11001010 #
#166055
1!
#166060
0!
b11001011 #
#166065
1!
#166070
0!
b11001100 #
#166075
1!
#166080
0!
b11001101 #
#166085
1!
#166090
0!
b11001110 #
#166095
1!
#166100
0!
b11001111 #
#166105
1!
#166110
0!
b11010000 #
#166115
1!
#166120
0!
b11010001 #
#166125
1!
#166130
0!
b11010010 #
#166135
1!
#166140
0!
b11010011 #
#166145
1!
#166150
0!
b11010100 #
#166155
1!
#166160
0!
b11010101 #
#166165
1!
#166170
0!
b11010110 #
#166175
1!
#166180
0!
b11010111 #
#166185
1!
#166190
0!
b11011000 #
#166195
1!
#166200
0!
b11011001 #
#166205
1!
#166210
0!
b11011010 #
#166215
1!
#166220
0!
b11011011 #
#166225
1!
#166230
0!
b11011100 #
#166235
1!
#166240
0!
b11011101 #
#166245
1!
#166250
0!
b11011110 #
0*
#166255
1!
#166260
0!
b11011111 #
#166265
1!
#166270
0!
b11100000 #
#166275
1!
#166280
0!
b11100001 #
#166285
1!
#166290
0!
b11100010 #
#166295
1!
#166300
0!
b11100011 #
#166305
1!
#166310
0!
b11100100 #
#166315
1!
#166320
0!
b11100101 #
#166325
1!
#166330
0!
b11100110 #
#166335
1!
#166340
0!
b11100111 #
#166345
1!
#166350
0!
b11101000 #
#166355
1!
#166360
0!
b11101001 #
#166365
1!
#166370
0!
b11101010 #
#166375
1!
#166380
0!
b11101011 #
#166385
1!
#166390
0!
b11101100 #
#166395
1!
#166400
0!
b11101101 #
#166405
1!
#166410
0!
b11101110 #
#166415
1!
#166420
0!
b11101111 #
#166425
1!
#166430
0!
b11110000 #
#166435
1!
#166440
0!
b11110001 #
#166445
1!
#166450
0!
b11110010 #
#166455
1!
#166460
0!
b11110011 #
#166465
1!
#166470
0!
b11110100 #
#166475
1!
#166480
0!
b11110101 #
#166485
1!
#166490
0!
b11110110 #
#166495
1!
#166500
0!
b11110111 #
#166505
1!
#166510
0!
b11111000 #
#166515
1!
#166520
0!
b11111001 #
#166525
1!
#166530
0!
b11111010 #
#166535
1!
#166540
0!
b11111011 #
#166545
1!
#166550
0!
b11111100 #
#166555
1!
#166560
0!
b11111101 #
#166565
1!
#166570
0!
b11111110 #
#166575
1!
#166580
0!
b11111111 #
#166585
1!
#166590
0!
b00000000 #
#166595
1!
#166600
0!
b00000001 #
#166605
1!
#166610
0!
b00000010 #
#166615
1!
#166620
0!
b00000011 #
#166625
1!
#166630
0!
b00000100 #
#166635
1!
#166640
0!
b00000101 #
#166645
1!
#166650
0!
b00000110 #
#166655
1!
#166660
0!
b00000111 #
#166665
1!
#166670
0!
b00001000 #
#166675
1!
#166680
0!
b00001001 #
#166685
1!
#166690
0!
b00001010 #
#166695
1!
#166700
0!
b00001011 #
#166705
1!
#166710
0!
b00001100 #
#166715
1!
#166720
0!
b00001101 #
#166725
1!
#166730
0!
b00001110 #
#166735
1!
#166740
0!
b00001111 #
#166745
1!
#166750
0!
b00010000 #
#166755
1!
#166760
0!
b00010001 #
#166765
1!
#166770
0!
b00010010 #
#166775
1!
#166780
0!
b00010011 #
#166785
1!
#166790
0!
b00010100 #
#166795
1!
#166800
0!
b00010101 #
#166805
1!
#166810
0!
b00010110 #
#166815
1!
#166820
0!
b00010111 #
#166825
1!
#166830
0!
b00011000 #
#166835
1!
#166840
0!
b00011001 #
#166845
1!
#166850
0!
b00011010 #
#166855
1!
#166860
0!
b00011011 #
#166865
1!
#166870
0!
b00011100 #
#166875
1!
1)
#166880
0!
b00011101 #
#166885
1!
#166890
0!
b00011110 #
#166895
1!
#166900
0!
b00011111 #
#166905
1!
#166910
0!
b00100000 #
#166915
1!
#166920
0!
b00100001 #
#166925
1!
#166930
0!
b00100010 #
#166935
1!
#166940
0!
b00100011 #
#166945
1!
#166950
0!
b00100100 #
#166955
1!
#166960
0!
b00100101 #
#166965
1!
#166970
0!
b00100110 #
#166975
1!
#166980
0!
b00100111 #
#166985
1!
#166990
0!
b00101000 #
#166995
1!
#167000
0!
b00101001 #
#167005
1!
#167010
0!
b00101010 #
#167015
1!
#167020
0!
b00101011 #
#167025
1!
#167030
0!
b00101100 #
#167035
1!
#167040
0!
b00101101 #
#167045
1!
#167050
0!
b00101110 #
#167055
1!
#167060
0!
b00101111 #
#167065
1!
#167070
0!
b00110000 #
#167075
1!
#167080
0!
b00110001 #
#167085
1!
#167090
0!
b00110010 #
#167095
1!
#167100
0!
b00110011 #
#167105
1!
#167110
0!
b00110100 #
#167115
1!
#167120
0!
b00110101 #
#167125
1!
#167130
0!
b00110110 #
#167135
1!
#167140
0!
b00110111 #
#167145
1!
#167150
0!
b00111000 #
#167155
1!
#167160
0!
b00111001 #
#167165
1!
#167170
0!
b00111010 #
#167175
1!
#167180
0!
b00111011 #
#167185
1!
#167190
0!
b00111100 #
#167195
1!
#167200
0!
b00111101 #
#167205
1!
#167210
0!
b00111110 #
#167215
1!
#167220
0!
b00111111 #
#167225
1!
#167230
0!
b01000000 #
#167235
1!
#167240
0!
b01000001 #
#167245
1!
#167250
0!
b01000010 #
#167255
1!
#167260
0!
b01000011 #
#167265
1!
#167270
0!
b01000100 #
#167275
1!
#167280
0!
b01000101 #
#167285
1!
#167290
0!
b01000110 #
#167295
1!
#167300
0!
b01000111 #
#167305
1!
#167310
0!
b01001000 #
#167315
1!
#167320
0!
b01001001 #
#167325
1!
#167330
0!
b01001010 #
#167335
1!
#167340
0!
b01001011 #
#167345
1!
#167350
0!
b01001100 #
#167355
1!
#167360
0!
b01001101 #
#167365
1!
#167370
0!
b01001110 #
#167375
1!
#167380
0!
b01001111 #
#167385
1!
#167390
0!
b01010000 #
#167395
1!
#167400
0!
b01010001 #
#167405
1!
#167410
0!
b01010010 #
#167415
1!
#167420
0!
b01010011 #
#167425
1!
#167430
0!
b01010100 #
#167435
1!
#167440
0!
b01010101 #
#167445
1!
#167450
0!
b01010110 #
#167455
1!
#167460
0!
b01010111 #
#167465
1!
#167470
0!
b01011000 #
#167475
1!
#167480
0!
b01011001 #
#167485
1!
#167490
0!
b01011010 #
#167495
1!
#167500
0!
b01011011 #
#167505
1!
#167510
0!
b01011100 #
#167515
1!
#167520
0!
b01011101 #
#167525
1!
#167530
0!
b01011110 #
#167535
1!
#167540
0!
b01011111 #
#167545
1!
#167550
0!
b01100000 #
#167555
1!
#167560
0!
b01100001 #
#167565
1!
#167570
0!
b01100010 #
#167575
1!
#167580
0!
b01100011 #
#167585
1!
#167590
0!
b01100100 #
#167595
1!
#167600
0!
b01100101 #
#167605
1!
#167610
0!
b01100110 #
#167615
1!
#167620
0!
b01100111 #
#167625
1!
#167630
0!
b01101000 #
#167635
1!
#167640
0!
b01101001 #
#167645
1!
#167650
0!
b01101010 #
#167655
1!
#167660
0!
b01101011 #
#167665
1!
#167670
0!
b01101100 #
#167675
1!
#167680
0!
b01101101 #
#167685
1!
#167690
0!
b01101110 #
#167695
1!
#167700
0!
b01101111 #
#167705
1!
#167710
0!
b01110000 #
#167715
1!
#167720
0!
b01110001 #
#167725
1!
#167730
0!
b01110010 #
#167735
1!
#167740
0!
b01110011 #
#167745
1!
#167750
0!
b01110100 #
#167755
1!
#167760
0!
b01110101 #
#167765
1!
#167770
0!
b01110110 #
#167775
1!
#167780
0!
b01110111 #
#167785
1!
#167790
0!
b01111000 #
#167795
1!
#167800
0!
b01111001 #
#167805
1!
#167810
0!
b01111010 #
#167815
1!
#167820
0!
b01111011 #
#167825
1!
#167830
0!
b01111100 #
#167835
1!
#167840
0!
b01111101 #
#167845
1!
#167850
0!
b01111110 #
#167855
1!
#167860
0!
b01111111 #
#167865
1!
#167870
0!
b10000000 #
#167875
1!
#167880
0!
b10000001 #
#167885
1!
#167890
0!
b10000010 #
#167895
1!
#167900
0!
b10000011 #
#167905
1!
#167910
0!
b10000100 #
#167915
1!
#167920
0!
b10000101 #
#167925
1!
#167930
0!
b10000110 #
#167935
1!
#167940
0!
b10000111 #
#167945
1!
#167950
0!
b10001000 #
#167955
1!
#167960
0!
b10001001 #
#167965
1!
#167970
0!
b10001010 #
#167975
1!
#167980
0!
b10001011 #
#167985
1!
#167990
0!
b10001100 #
#167995
1!
#168000
0!
b10001101 #
#168005
1!
#168010
0!
b10001110 #
#168015
1!
#168020
0!
b10001111 #
#168025
1!
#168030
0!
b10010000 #
#168035
1!
#168040
0!
b10010001 #
#168045
1!
#168050
0!
b10010010 #
#168055
1!
#168060
0!
b10010011 #
#168065
1!
#168070
0!
b10010100 #
#168075
1!
#168080
0!
b10010101 #
#168085
1!
#168090
0!
b10010110 #
#168095
1!
#168100
0!
b10010111 #
#168105
1!
#168110
0!
b10011000 #
#168115
1!
#168120
0!
b10011001 #
#168125
1!
0)
#168130
0!
b10011010 #
#168135
1!
#168140
0!
b10011011 #
#168145
1!
#168150
0!
b10011100 #
#168155
1!
#168160
0!
b10011101 #
#168165
1!
#168170
0!
b10011110 #
#168175
1!
#168180
0!
b10011111 #
#168185
1!
#168190
0!
b10100000 #
#168195
1!
#168200
0!
b10100001 #
#168205
1!
#168210
0!
b10100010 #
#168215
1!
#168220
0!
b10100011 #
#168225
1!
#168230
0!
b10100100 #
#168235
1!
#168240
0!
b10100101 #
#168245
1!
#168250
0!
b10100110 #
#168255
1!
#168260
0!
b10100111 #
#168265
1!
#168270
0!
b10101000 #
#168275
1!
#168280
0!
b10101001 #
#168285
1!
#168290
0!
b10101010 #
#168295
1!
#168300
0!
b10101011 #
#168305
1!
#168310
0!
b10101100 #
#168315
1!
#168320
0!
b10101101 #
#168325
1!
#168330
0!
b10101110 #
#168335
1!
#168340
0!
b10101111 #
#168345
1!
#168350
0!
b10110000 #
#168355
1!
#168360
0!
b10110001 #
#168365
1!
#168370
0!
b10110010 #
#168375
1!
#168380
0!
b10110011 #
#168385
1!
#168390
0!
b10110100 #
#168395
1!
#168400
0!
b10110101 #
#168405
1!
#168410
0!
b10110110 #
#168415
1!
#168420
0!
b10110111 #
#168425
1!
#168430
0!
b10111000 #
#168435
1!
#168440
0!
b10111001 #
#168445
1!
#168450
0!
b10111010 #
#168455
1!
#168460
0!
b10111011 #
#168465
1!
#168470
0!
b10111100 #
#168475
1!
#168480
0!
b10111101 #
#168485
1!
#168490
0!
b10111110 #
#168495
1!
#168500
0!
b10111111 #
#168505
1!
#168510
0!
b11000000 #
#168515
1!
#168520
0!
b11000001 #
#168525
1!
#168530
0!
b11000010 #
#168535
1!
#168540
0!
b11000011 #
#168545
1!
#168550
0!
b11000100 #
#168555
1!
#168560
0!
b11000101 #
#168565
1!
#168570
0!
b11000110 #
#168575
1!
#168580
0!
b11000111 #
#168585
1!
#168590
0!
b11001000 #
#168595
1!
#168600
0!
b11001001 #
#168605
1!
#168610
0!
b11001010 #
#168615
1!
#168620
0!
b11001011 #
#168625
1!
#168630
0!
b11001100 #
#168635
1!
#168640
0!
b11001101 #
#168645
1!
#168650
0!
b11001110 #
#168655
1!
#168660
0!
b11001111 #
#168665
1!
#168670
0!
b11010000 #
#168675
1!
#168680
0!
b11010001 #
#168685
1!
#168690
0!
b11010010 #
#168695
1!
#168700
0!
b11010011 #
#168705
1!
#168710
0!
b11010100 #
#168715
1!
#168720
0!
b11010101 #
#168725
1!
#168730
0!
b11010110 #
#168735
1!
#168740
0!
b11010111 #
#168745
1!
#168750
0!
b11011000 #
0*
#168755
1!
#168760
0!
b11011001 #
#168765
1!
#168770
0!
b11011010 #
#168775
1!
#168780
0!
b11011011 #
#168785
1!
#168790
0!
b11011100 #
#168795
1!
#168800
0!
b11011101 #
#168805
1!
#168810
0!
b11011110 #
#168815
1!
#168820
0!
b11011111 #
#168825
1!
#168830
0!
b11100000 #
#168835
1!
#168840
0!
b11100001 #
#168845
1!
#168850
0!
b11100010 #
#168855
1!
#168860
0!
b11100011 #
#168865
1!
#168870
0!
b11100100 #
#168875
1!
#168880
0!
b11100101 #
#168885
1!
#168890
0!
b11100110 #
#168895
1!
#168900
0!
b11100111 #
#168905
1!
#168910
0!
b11101000 #
#168915
1!
#168920
0!
b11101001 #
#168925
1!
#168930
0!
b11101010 #
#168935
1!
#168940
0!
b11101011 #
#168945
1!
#168950
0!
b11101100 #
#168955
1!
#168960
0!
b11101101 #
#168965
1!
#168970
0!
b11101110 #
#168975
1!
#168980
0!
b11101111 #
#168985
1!
#168990
0!
b11110000 #
#168995
1!
#169000
0!
b11110001 #
#169005
1!
#169010
0!
b11110010 #
#169015
1!
#169020
0!
b11110011 #
#169025
1!
#169030
0!
b11110100 #
#169035
1!
#169040
0!
b11110101 #
#169045
1!
#169050
0!
b11110110 #
#169055
1!
#169060
0!
b11110111 #
#169065
1!
#169070
0!
b11111000 #
#169075
1!
#169080
0!
b11111001 #
#169085
1!
#169090
0!
b11111010 #
#169095
1!
#169100
0!
b11111011 #
#169105
1!
#169110
0!
b11111100 #
#169115
1!
#169120
0!
b11111101 #
#169125
1!
#169130
0!
b11111110 #
#169135
1!
#169140
0!
b11111111 #
#169145
1!
#169150
0!
b00000000 #
#169155
1!
#169160
0!
b00000001 #
#169165
1!
#169170
0!
b00000010 #
#169175
1!
#169180
0!
b00000011 #
#169185
1!
#169190
0!
b00000100 #
#169195
1!
#169200
0!
b00000101 #
#169205
1!
#169210
0!
b00000110 #
#169215
1!
#169220
0!
b00000111 #
#169225
1!
#169230
0!
b00001000 #
#169235
1!
#169240
0!
b00001001 #
#169245
1!
#169250
0!
b00001010 #
#169255
1!
#169260
0!
b00001011 #
#169265
1!
#169270
0!
b00001100 #
#169275
1!
#169280
0!
b00001101 #
#169285
1!
#169290
0!
b00001110 #
#169295
1!
#169300
0!
b00001111 #
#169305
1!
#169310
0!
b00010000 #
#169315
1!
#169320
0!
b00010001 #
#169325
1!
#169330
0!
b00010010 #
#169335
1!
#169340
0!
b00010011 #
#169345
1!
#169350
0!
b00010100 #
#169355
1!
#169360
0!
b00010101 #
#169365
1!
#169370
0!
b00010110 #
#169375
1!
1)
#169380
0!
b00010111 #
#169385
1!
#169390
0!
b00011000 #
#169395
1!
#169400
0!
b00011001 #
#169405
1!
#169410
0!
b00011010 #
#169415
1!
#169420
0!
b00011011 #
#169425
1!
#169430
0!
b00011100 #
#169435
1!
#169440
0!
b00011101 #
#169445
1!
#169450
0!
b00011110 #
#169455
1!
#169460
0!
b00011111 #
#169465
1!
#169470
0!
b00100000 #
#169475
1!
#169480
0!
b00100001 #
#169485
1!
#169490
0!
b00100010 #
#169495
1!
#169500
0!
b00100011 #
#169505
1!
#169510
0!
b00100100 #
#169515
1!
#169520
0!
b00100101 #
#169525
1!
#169530
0!
b00100110 #
#169535
1!
#169540
0!
b00100111 #
#169545
1!
#169550
0!
b00101000 #
#169555
1!
#169560
0!
b00101001 #
#169565
1!
#169570
0!
b00101010 #
#169575
1!
#169580
0!
b00101011 #
#169585
1!
#169590
0!
b00101100 #
#169595
1!
#169600
0!
b00101101 #
#169605
1!
#169610
0!
b00101110 #
#169615
1!
#169620
0!
b00101111 #
#169625
1!
#169630
0!
b00110000 #
#169635
1!
#169640
0!
b00110001 #
#169645
1!
#169650
0!
b00110010 #
#169655
1!
#169660
0!
b00110011 #
#169665
1!
#169670
0!
b00110100 #
#169675
1!
#169680
0!
b00110101 #
#169685
1!
#169690
0!
b00110110 #
#169695
1!
#169700
0!
b00110111 #
#169705
1!
#169710
0!
b00111000 #
#169715
1!
#169720
0!
b00111001 #
#169725
1!
#169730
0!
b00111010 #
#169735
1!
#169740
0!
b00111011 #
#169745
1!
#169750
0!
b00111100 #
#169755
1!
#169760
0!
b00111101 #
#169765
1!
#169770
0!
b00111110 #
#169775
1!
#169780
0!
b00111111 #
#169785
1!
#169790
0!
b01000000 #
#169795
1!
#169800
0!
b01000001 #
#169805
1!
#169810
0!
b01000010 #
#169815
1!
#169820
0!
b01000011 #
#169825
1!
#169830
0!
b01000100 #
#169835
1!
#169840
0!
b01000101 #
#169845
1!
#169850
0!
b01000110 #
#169855
1!
#169860
0!
b01000111 #
#169865
1!
#169870
0!
b01001000 #
#169875
1!
#169880
0!
b01001001 #
#169885
1!
#169890
0!
b01001010 #
#169895
1!
#169900
0!
b01001011 #
#169905
1!
#169910
0!
b01001100 #
#169915
1!
#169920
0!
b01001101 #
#169925
1!
#169930
0!
b01001110 #
#169935
1!
#169940
0!
b01001111 #
#169945
1!
#169950
0!
b01010000 #
#169955
1!
#169960
0!
b01010001 #
#169965
1!
#169970
0!
b01010010 #
#169975
1!
#169980
0!
b01010011 #
#169985
1!
#169990
0!
b01010100 #
#169995
1!
#170000
0!
b01010101 #
#170005
1!
#170010
0!
b01010110 #
#170015
1!
#170020
0!
b01010111 #
#170025
1!
#170030
0!
b01011000 #
#170035
1!
#170040
0!
b01011001 #
#170045
1!
#170050
0!
b01011010 #
#170055
1!
#170060
0!
b01011011 #
#170065
1!
#170070
0!
b01011100 #
#170075
1!
#170080
0!
b01011101 #
#170085
1!
#170090
0!
b01011110 #
#170095
1!
#170100
0!
b01011111 #
#170105
1!
#170110
0!
b01100000 #
#170115
1!
#170120
0!
b01100001 #
#170125
1!
#170130
0!
b01100010 #
#170135
1!
#170140
0!
b01100011 #
#170145
1!
#170150
0!
b01100100 #
#170155
1!
#170160
0!
b01100101 #
#170165
1!
#170170
0!
b01100110 #
#170175
1!
#170180
0!
b01100111 #
#170185
1!
#170190
0!
b01101000 #
#170195
1!
#170200
0!
b01101001 #
#170205
1!
#170210
0!
b01101010 #
#170215
1!
#170220
0!
b01101011 #
#170225
1!
#170230
0!
b01101100 #
#170235
1!
#170240
0!
b01101101 #
#170245
1!
#170250
0!
b01101110 #
#170255
1!
#170260
0!
b01101111 #
#170265
1!
#170270
0!
b01110000 #
#170275
1!
#170280
0!
b01110001 #
#170285
1!
#170290
0!
b01110010 #
#170295
1!
#170300
0!
b01110011 #
#170305
1!
#170310
0!
b01110100 #
#170315
1!
#170320
0!
b01110101 #
#170325
1!
#170330
0!
b01110110 #
#170335
1!
#170340
0!
b01110111 #
#170345
1!
#170350
0!
b01111000 #
#170355
1!
#170360
0!
b01111001 #
#170365
1!
#170370
0!
b01111010 #
#170375
1!
#170380
0!
b01111011 #
#170385
1!
#170390
0!
b01111100 #
#170395
1!
#170400
0!
b01111101 #
#170405
1!
#170410
0!
b01111110 #
#170415
1!
#170420
0!
b01111111 #
#170425
1!
#170430
0!
b10000000 #
#170435
1!
#170440
0!
b10000001 #
#170445
1!
#170450
0!
b10000010 #
#170455
1!
#170460
0!
b10000011 #
#170465
1!
#170470
0!
b10000100 #
#170475
1!
#170480
0!
b10000101 #
#170485
1!
#170490
0!
b10000110 #
#170495
1!
#170500
0!
b10000111 #
#170505
1!
#170510
0!
b10001000 #
#170515
1!
#170520
0!
b10001001 #
#170525
1!
#170530
0!
b10001010 #
#170535
1!
#170540
0!
b10001011 #
#170545
1!
#170550
0!
b10001100 #
#170555
1!
#170560
0!
b10001101 #
#170565
1!
#170570
0!
b10001110 #
#170575
1!
#170580
0!
b10001111 #
#170585
1!
#170590
0!
b10010000 #
#170595
1!
#170600
0!
b10010001 #
#170605
1!
#170610
0!
b10010010 #
#170615
1!
#170620
0!
b10010011 #
#170625
1!
0)
#170630
0!
b10010100 #
#170635
1!
#170640
0!
b10010101 #
#170645
1!
#170650
0!
b10010110 #
#170655
1!
#170660
0!
b10010111 #
#170665
1!
#170670
0!
b10011000 #
#170675
1!
#170680
0!
b10011001 #
#170685
1!
#170690
0!
b10011010 #
#170695
1!
#170700
0!
b10011011 #
#170705
1!
#170710
0!
b10011100 #
#170715
1!
#170720
0!
b10011101 #
#170725
1!
#170730
0!
b10011110 #
#170735
1!
#170740
0!
b10011111 #
#170745
1!
#170750
0!
b10100000 #
#170755
1!
#170760
0!
b10100001 #
#170765
1!
#170770
0!
b10100010 #
#170775
1!
#170780
0!
b10100011 #
#170785
1!
#170790
0!
b10100100 #
#170795
1!
#170800
0!
b10100101 #
#170805
1!
#170810
0!
b10100110 #
#170815
1!
#170820
0!
b10100111 #
#170825
1!
#170830
0!
b10101000 #
#170835
1!
#170840
0!
b10101001 #
#170845
1!
#170850
0!
b10101010 #
#170855
1!
#170860
0!
b10101011 #
#170865
1!
#170870
0!
b10101100 #
#170875
1!
#170880
0!
b10101101 #
#170885
1!
#170890
0!
b10101110 #
#170895
1!
#170900
0!
b10101111 #
#170905
1!
#170910
0!
b10110000 #
#170915
1!
#170920
0!
b10110001 #
#170925
1!
#170930
0!
b10110010 #
#170935
1!
#170940
0!
b10110011 #
#170945
1!
#170950
0!
b10110100 #
#170955
1!
#170960
0!
b10110101 #
#170965
1!
#170970
0!
b10110110 #
#170975
1!
#170980
0!
b10110111 #
#170985
1!
#170990
0!
b10111000 #
#170995
1!
#171000
0!
b10111001 #
#171005
1!
#171010
0!
b10111010 #
#171015
1!
#171020
0!
b10111011 #
#171025
1!
#171030
0!
b10111100 #
#171035
1!
#171040
0!
b10111101 #
#171045
1!
#171050
0!
b10111110 #
#171055
1!
#171060
0!
b10111111 #
#171065
1!
#171070
0!
b11000000 #
#171075
1!
#171080
0!
b11000001 #
#171085
1!
#171090
0!
b11000010 #
#171095
1!
#171100
0!
b11000011 #
#171105
1!
#171110
0!
b11000100 #
#171115
1!
#171120
0!
b11000101 #
#171125
1!
#171130
0!
b11000110 #
#171135
1!
#171140
0!
b11000111 #
#171145
1!
#171150
0!
b11001000 #
#171155
1!
#171160
0!
b11001001 #
#171165
1!
#171170
0!
b11001010 #
#171175
1!
#171180
0!
b11001011 #
#171185
1!
#171190
0!
b11001100 #
#171195
1!
#171200
0!
b11001101 #
#171205
1!
#171210
0!
b11001110 #
#171215
1!
#171220
0!
b11001111 #
#171225
1!
#171230
0!
b11010000 #
#171235
1!
#171240
0!
b11010001 #
#171245
1!
#171250
0!
b11010010 #
0*
#171255
1!
#171260
0!
b11010011 #
#171265
1!
#171270
0!
b11010100 #
#171275
1!
#171280
0!
b11010101 #
#171285
1!
#171290
0!
b11010110 #
#171295
1!
#171300
0!
b11010111 #
#171305
1!
#171310
0!
b11011000 #
#171315
1!
#171320
0!
b11011001 #
#171325
1!
#171330
0!
b11011010 #
#171335
1!
#171340
0!
b11011011 #
#171345
1!
#171350
0!
b11011100 #
#171355
1!
#171360
0!
b11011101 #
#171365
1!
#171370
0!
b11011110 #
#171375
1!
#171380
0!
b11011111 #
#171385
1!
#171390
0!
b11100000 #
#171395
1!
#171400
0!
b11100001 #
#171405
1!
#171410
0!
b11100010 #
#171415
1!
#171420
0!
b11100011 #
#171425
1!
#171430
0!
b11100100 #
#171435
1!
#171440
0!
b11100101 #
#171445
1!
#171450
0!
b11100110 #
#171455
1!
#171460
0!
b11100111 #
#171465
1!
#171470
0!
b11101000 #
#171475
1!
#171480
0!
b11101001 #
#171485
1!
#171490
0!
b11101010 #
#171495
1!
#171500
0!
b11101011 #
#171505
1!
#171510
0!
b11101100 #
#171515
1!
#171520
0!
b11101101 #
#171525
1!
#171530
0!
b11101110 #
#171535
1!
#171540
0!
b11101111 #
#171545
1!
#171550
0!
b11110000 #
#171555
1!
#171560
0!
b11110001 #
#171565
1!
#171570
0!
b11110010 #
#171575
1!
#171580
0!
b11110011 #
#171585
1!
#171590
0!
b11110100 #
#171595
1!
#171600
0!
b11110101 #
#171605
1!
#171610
0!
b11110110 #
#171615
1!
#171620
0!
b11110111 #
#171625
1!
#171630
0!
b11111000 #
#171635
1!
#171640
0!
b11111001 #
#171645
1!
#171650
0!
b11111010 #
#171655
1!
#171660
0!
b11111011 #
#171665
1!
#171670
0!
b11111100 #
#171675
1!
#171680
0!
b11111101 #
#171685
1!
#171690
0!
b11111110 #
#171695
1!
#171700
0!
b11111111 #
#171705
1!
#171710
0!
b00000000 #
#171715
1!
#171720
0!
b00000001 #
#171725
1!
#171730
0!
b00000010 #
#171735
1!
#171740
0!
b00000011 #
#171745
1!
#171750
0!
b00000100 #
#171755
1!
#171760
0!
b00000101 #
#171765
1!
#171770
0!
b00000110 #
#171775
1!
#171780
0!
b00000111 #
#171785
1!
#171790
0!
b00001000 #
#171795
1!
#171800
0!
b00001001 #
#171805
1!
#171810
0!
b00001010 #
#171815
1!
#171820
0!
b00001011 #
#171825
1!
#171830
0!
b00001100 #
#171835
1!
#171840
0!
b00001101 #
#171845
1!
#171850
0!
b00001110 #
#171855
1!
#171860
0!
b00001111 #
#171865
1!
#171870
0!
b00010000 #
#171875
1!
1)
#171880
0!
b00010001 #
#171885
1!
#171890
0!
b00010010 #
#171895
1!
#171900
0!
b00010011 #
#171905
1!
#171910
0!
b00010100 #
#171915
1!
#171920
0!
b00010101 #
#171925
1!
#171930
0!
b00010110 #
#171935
1!
#171940
0!
b00010111 #
#171945
1!
#171950
0!
b00011000 #
#171955
1!
#171960
0!
b00011001 #
#171965
1!
#171970
0!
b00011010 #
#171975
1!
#171980
0!
b00011011 #
#171985
1!
#171990
0!
b00011100 #
#171995
1!
#172000
0!
b00011101 #
#172005
1!
#172010
0!
b00011110 #
#172015
1!
#172020
0!
b00011111 #
#172025
1!
#172030
0!
b00100000 #
#172035
1!
#172040
0!
b00100001 #
#172045
1!
#172050
0!
b00100010 #
#172055
1!
#172060
0!
b00100011 #
#172065
1!
#172070
0!
b00100100 #
#172075
1!
#172080
0!
b00100101 #
#172085
1!
#172090
0!
b00100110 #
#172095
1!
#172100
0!
b00100111 #
#172105
1!
#172110
0!
b00101000 #
#172115
1!
#172120
0!
b00101001 #
#172125
1!
#172130
0!
b00101010 #
#172135
1!
#172140
0!
b00101011 #
#172145
1!
#172150
0!
b00101100 #
#172155
1!
#172160
0!
b00101101 #
#172165
1!
#172170
0!
b00101110 #
#172175
1!
#172180
0!
b00101111 #
#172185
1!
#172190
0!
b00110000 #
#172195
1!
#172200
0!
b00110001 #
#172205
1!
#172210
0!
b00110010 #
#172215
1!
#172220
0!
b00110011 #
#172225
1!
#172230
0!
b00110100 #
#172235
1!
#172240
0!
b00110101 #
#172245
1!
#172250
0!
b00110110 #
#172255
1!
#172260
0!
b00110111 #
#172265
1!
#172270
0!
b00111000 #
#172275
1!
#172280
0!
b00111001 #
#172285
1!
#172290
0!
b00111010 #
#172295
1!
#172300
0!
b00111011 #
#172305
1!
#172310
0!
b00111100 #
#172315
1!
#172320
0!
b00111101 #
#172325
1!
#172330
0!
b00111110 #
#172335
1!
#172340
0!
b00111111 #
#172345
1!
#172350
0!
b01000000 #
#172355
1!
#172360
0!
b01000001 #
#172365
1!
#172370
0!
b01000010 #
#172375
1!
#172380
0!
b01000011 #
#172385
1!
#172390
0!
b01000100 #
#172395
1!
#172400
0!
b01000101 #
#172405
1!
#172410
0!
b01000110 #
#172415
1!
#172420
0!
b01000111 #
#172425
1!
#172430
0!
b01001000 #
#172435
1!
#172440
0!
b01001001 #
#172445
1!
#172450
0!
b01001010 #
#172455
1!
#172460
0!
b01001011 #
#172465
1!
#172470
0!
b01001100 #
#172475
1!
#172480
0!
b01001101 #
#172485
1!
#172490
0!
b01001110 #
#172495
1!
#172500
0!
b01001111 #
#172505
1!
#172510
0!
b01010000 #
#172515
1!
#172520
0!
b01010001 #
#172525
1!
#172530
0!
b01010010 #
#172535
1!
#172540
0!
b01010011 #
#172545
1!
#172550
0!
b01010100 #
#172555
1!
#172560
0!
b01010101 #
#172565
1!
#172570
0!
b01010110 #
#172575
1!
#172580
0!
b01010111 #
#172585
1!
#172590
0!
b01011000 #
#172595
1!
#172600
0!
b01011001 #
#172605
1!
#172610
0!
b01011010 #
#172615
1!
#172620
0!
b01011011 #
#172625
1!
#172630
0!
b01011100 #
#172635
1!
#172640
0!
b01011101 #
#172645
1!
#172650
0!
b01011110 #
#172655
1!
#172660
0!
b01011111 #
#172665
1!
#172670
0!
b01100000 #
#172675
1!
#172680
0!
b01100001 #
#172685
1!
#172690
0!
b01100010 #
#172695
1!
#172700
0!
b01100011 #
#172705
1!
#172710
0!
b01100100 #
#172715
1!
#172720
0!
b01100101 #
#172725
1!
#172730
0!
b01100110 #
#172735
1!
#172740
0!
b01100111 #
#172745
1!
#172750
0!
b01101000 #
#172755
1!
#172760
0!
b01101001 #
#172765
1!
#172770
0!
b01101010 #
#172775
1!
#172780
0!
b01101011 #
#172785
1!
#172790
0!
b01101100 #
#172795
1!
#172800
0!
b01101101 #
#172805
1!
#172810
0!
b01101110 #
#172815
1!
#172820
0!
b01101111 #
#172825
1!
#172830
0!
b01110000 #
#172835
1!
#172840
0!
b01110001 #
#172845
1!
#172850
0!
b01110010 #
#172855
1!
#172860
0!
b01110011 #
#172865
1!
#172870
0!
b01110100 #
#172875
1!
#172880
0!
b01110101 #
#172885
1!
#172890
0!
b01110110 #
#172895
1!
#172900
0!
b01110111 #
#172905
1!
#172910
0!
b01111000 #
#172915
1!
#172920
0!
b01111001 #
#172925
1!
#172930
0!
b01111010 #
#172935
1!
#172940
0!
b01111011 #
#172945
1!
#172950
0!
b01111100 #
#172955
1!
#172960
0!
b01111101 #
#172965
1!
#172970
0!
b01111110 #
#172975
1!
#172980
0!
b01111111 #
#172985
1!
#172990
0!
b10000000 #
#172995
1!
#173000
0!
b10000001 #
#173005
1!
#173010
0!
b10000010 #
#173015
1!
#173020
0!
b10000011 #
#173025
1!
#173030
0!
b10000100 #
#173035
1!
#173040
0!
b10000101 #
#173045
1!
#173050
0!
b10000110 #
#173055
1!
#173060
0!
b10000111 #
#173065
1!
#173070
0!
b10001000 #
#173075
1!
#173080
0!
b10001001 #
#173085
1!
#173090
0!
b10001010 #
#173095
1!
#173100
0!
b10001011 #
#173105
1!
#173110
0!
b10001100 #
#173115
1!
#173120
0!
b10001101 #
#173125
1!
0)
#173130
0!
b10001110 #
#173135
1!
#173140
0!
b10001111 #
#173145
1!
#173150
0!
b10010000 #
#173155
1!
#173160
0!
b10010001 #
#173165
1!
#173170
0!
b10010010 #
#173175
1!
#173180
0!
b10010011 #
#173185
1!
#173190
0!
b10010100 #
#173195
1!
#173200
0!
b10010101 #
#173205
1!
#173210
0!
b10010110 #
#173215
1!
#173220
0!
b10010111 #
#173225
1!
#173230
0!
b10011000 #
#173235
1!
#173240
0!
b10011001 #
#173245
1!
#173250
0!
b10011010 #
#173255
1!
#173260
0!
b10011011 #
#173265
1!
#173270
0!
b10011100 #
#173275
1!
#173280
0!
b10011101 #
#173285
1!
#173290
0!
b10011110 #
#173295
1!
#173300
0!
b10011111 #
#173305
1!
#173310
0!
b10100000 #
#173315
1!
#173320
0!
b10100001 #
#173325
1!
#173330
0!
b10100010 #
#173335
1!
#173340
0!
b10100011 #
#173345
1!
#173350
0!
b10100100 #
#173355
1!
#173360
0!
b10100101 #
#173365
1!
#173370
0!
b10100110 #
#173375
1!
#173380
0!
b10100111 #
#173385
1!
#173390
0!
b10101000 #
#173395
1!
#173400
0!
b10101001 #
#173405
1!
#173410
0!
b10101010 #
#173415
1!
#173420
0!
b10101011 #
#173425
1!
#173430
0!
b10101100 #
#173435
1!
#173440
0!
b10101101 #
#173445
1!
#173450
0!
b10101110 #
#173455
1!
#173460
0!
b10101111 #
#173465
1!
#173470
0!
b10110000 #
#173475
1!
#173480
0!
b10110001 #
#173485
1!
#173490
0!
b10110010 #
#173495
1!
#173500
0!
b10110011 #
#173505
1!
#173510
0!
b10110100 #
#173515
1!
#173520
0!
b10110101 #
#173525
1!
#173530
0!
b10110110 #
#173535
1!
#173540
0!
b10110111 #
#173545
1!
#173550
0!
b10111000 #
#173555
1!
#173560
0!
b10111001 #
#173565
1!
#173570
0!
b10111010 #
#173575
1!
#173580
0!
b10111011 #
#173585
1!
#173590
0!
b10111100 #
#173595
1!
#173600
0!
b10111101 #
#173605
1!
#173610
0!
b10111110 #
#173615
1!
#173620
0!
b10111111 #
#173625
1!
#173630
0!
b11000000 #
#173635
1!
#173640
0!
b11000001 #
#173645
1!
#173650
0!
b11000010 #
#173655
1!
#173660
0!
b11000011 #
#173665
1!
#173670
0!
b11000100 #
#173675
1!
#173680
0!
b11000101 #
#173685
1!
#173690
0!
b11000110 #
#173695
1!
#173700
0!
b11000111 #
#173705
1!
#173710
0!
b11001000 #
#173715
1!
#173720
0!
b11001001 #
#173725
1!
#173730
0!
b11001010 #
#173735
1!
#173740
0!
b11001011 #
#173745
1!
#173750
0!
b11001100 #
0*
#173755
1!
#173760
0!
b11001101 #
#173765
1!
#173770
0!
b11001110 #
#173775
1!
#173780
0!
b11001111 #
#173785
1!
#173790
0!
b11010000 #
#173795
1!
#173800
0!
b11010001 #
#173805
1!
#173810
0!
b11010010 #
#173815
1!
#173820
0!
b11010011 #
#173825
1!
#173830
0!
b11010100 #
#173835
1!
#173840
0!
b11010101 #
#173845
1!
#173850
0!
b11010110 #
#173855
1!
#173860
0!
b11010111 #
#173865
1!
#173870
0!
b11011000 #
#173875
1!
#173880
0!
b11011001 #
#173885
1!
#173890
0!
b11011010 #
#173895
1!
#173900
0!
b11011011 #
#173905
1!
#173910
0!
b11011100 #
#173915
1!
#173920
0!
b11011101 #
#173925
1!
#173930
0!
b11011110 #
#173935
1!
#173940
0!
b11011111 #
#173945
1!
#173950
0!
b11100000 #
#173955
1!
#173960
0!
b11100001 #
#173965
1!
#173970
0!
b11100010 #
#173975
1!
#173980
0!
b11100011 #
#173985
1!
#173990
0!
b11100100 #
#173995
1!
#174000
0!
b11100101 #
#174005
1!
#174010
0!
b11100110 #
#174015
1!
#174020
0!
b11100111 #
#174025
1!
#174030
0!
b11101000 #
#174035
1!
#174040
0!
b11101001 #
#174045
1!
#174050
0!
b11101010 #
#174055
1!
#174060
0!
b11101011 #
#174065
1!
#174070
0!
b11101100 #
#174075
1!
#174080
0!
b11101101 #
#174085
1!
#174090
0!
b11101110 #
#174095
1!
#174100
0!
b11101111 #
#174105
1!
#174110
0!
b11110000 #
#174115
1!
#174120
0!
b11110001 #
#174125
1!
#174130
0!
b11110010 #
#174135
1!
#174140
0!
b11110011 #
#174145
1!
#174150
0!
b11110100 #
#174155
1!
#174160
0!
b11110101 #
#174165
1!
#174170
0!
b11110110 #
#174175
1!
#174180
0!
b11110111 #
#174185
1!
#174190
0!
b11111000 #
#174195
1!
#174200
0!
b11111001 #
#174205
1!
#174210
0!
b11111010 #
#174215
1!
#174220
0!
b11111011 #
#174225
1!
#174230
0!
b11111100 #
#174235
1!
#174240
0!
b11111101 #
#174245
1!
#174250
0!
b11111110 #
#174255
1!
#174260
0!
b11111111 #
#174265
1!
#174270
0!
b00000000 #
#174275
1!
#174280
0!
b00000001 #
#174285
1!
#174290
0!
b00000010 #
#174295
1!
#174300
0!
b00000011 #
#174305
1!
#174310
0!
b00000100 #
#174315
1!
#174320
0!
b00000101 #
#174325
1!
#174330
0!
b00000110 #
#174335
1!
#174340
0!
b00000111 #
#174345
1!
#174350
0!
b00001000 #
#174355
1!
#174360
0!
b00001001 #
#174365
1!
#174370
0!
b00001010 #
#174375
1!
1)
#174380
0!
b00001011 #
#174385
1!
#174390
0!
b00001100 #
#174395
1!
#174400
0!
b00001101 #
#174405
1!
#174410
0!
b00001110 #
#174415
1!
#174420
0!
b00001111 #
#174425
1!
#174430
0!
b00010000 #
#174435
1!
#174440
0!
b00010001 #
#174445
1!
#174450
0!
b00010010 #
#174455
1!
#174460
0!
b00010011 #
#174465
1!
#174470
0!
b00010100 #
#174475
1!
#174480
0!
b00010101 #
#174485
1!
#174490
0!
b00010110 #
#174495
1!
#174500
0!
b00010111 #
#174505
1!
#174510
0!
b00011000 #
#174515
1!
#174520
0!
b00011001 #
#174525
1!
#174530
0!
b00011010 #
#174535
1!
#174540
0!
b00011011 #
#174545
1!
#174550
0!
b00011100 #
#174555
1!
#174560
0!
b00011101 #
#174565
1!
#174570
0!
b00011110 #
#174575
1!
#174580
0!
b00011111 #
#174585
1!
#174590
0!
b00100000 #
#174595
1!
#174600
0!
b00100001 #
#174605
1!
#174610
0!
b00100010 #
#174615
1!
#174620
0!
b00100011 #
#174625
1!
#174630
0!
b00100100 #
#174635
1!
#174640
0!
b00100101 #
#174645
1!
#174650
0!
b00100110 #
#174655
1!
#174660
0!
b00100111 #
#174665
1!
#174670
0!
b00101000 #
#174675
1!
#174680
0!
b00101001 #
#174685
1!
#174690
0!
b00101010 #
#174695
1!
#174700
0!
b00101011 #
#174705
1!
#174710
0!
b00101100 #
#174715
1!
#174720
0!
b00101101 #
#174725
1!
#174730
0!
b00101110 #
#174735
1!
#174740
0!
b00101111 #
#174745
1!
#174750
0!
b00110000 #
#174755
1!
#174760
0!
b00110001 #
#174765
1!
#174770
0!
b00110010 #
#174775
1!
#174780
0!
b00110011 #
#174785
1!
#174790
0!
b00110100 #
#174795
1!
#174800
0!
b00110101 #
#174805
1!
#174810
0!
b00110110 #
#174815
1!
#174820
0!
b00110111 #
#174825
1!
#174830
0!
b00111000 #
#174835
1!
#174840
0!
b00111001 #
#174845
1!
#174850
0!
b00111010 #
#174855
1!
#174860
0!
b00111011 #
#174865
1!
#174870
0!
b00111100 #
#174875
1!
#174880
0!
b00111101 #
#174885
1!
#174890
0!
b00111110 #
#174895
1!
#174900
0!
b00111111 #
#174905
1!
#174910
0!
b01000000 #
#174915
1!
#174920
0!
b01000001 #
#174925
1!
#174930
0!
b01000010 #
#174935
1!
#174940
0!
b01000011 #
#174945
1!
#174950
0!
b01000100 #
#174955
1!
#174960
0!
b01000101 #
#174965
1!
#174970
0!
b01000110 #
#174975
1!
#174980
0!
b01000111 #
#174985
1!
#174990
0!
b01001000 #
#174995
1!
#175000
0!
b01001001 #
#175005
1!
#175010
0!
b01001010 #
#175015
1!
#175020
0!
b01001011 #
#175025
1!
#175030
0!
b01001100 #
#175035
1!
#175040
0!
b01001101 #
#175045
1!
#175050
0!
b01001110 #
#175055
1!
#175060
0!
b01001111 #
#175065
1!
#175070
0!
b01010000 #
#175075
1!
#175080
0!
b01010001 #
#175085
1!
#175090
0!
b01010010 #
#175095
1!
#175100
0!
b01010011 #
#175105
1!
#175110
0!
b01010100 #
#175115
1!
#175120
0!
b01010101 #
#175125
1!
#175130
0!
b01010110 #
#175135
1!
#175140
0!
b01010111 #
#175145
1!
#175150
0!
b01011000 #
#175155
1!
#175160
0!
b01011001 #
#175165
1!
#175170
0!
b01011010 #
#175175
1!
#175180
0!
b01011011 #
#175185
1!
#175190
0!
b01011100 #
#175195
1!
#175200
0!
b01011101 #
#175205
1!
#175210
0!
b01011110 #
#175215
1!
#175220
0!
b01011111 #
#175225
1!
#175230
0!
b01100000 #
#175235
1!
#175240
0!
b01100001 #
#175245
1!
#175250
0!
b01100010 #
#175255
1!
#175260
0!
b01100011 #
#175265
1!
#175270
0!
b01100100 #
#175275
1!
#175280
0!
b01100101 #
#175285
1!
#175290
0!
b01100110 #
#175295
1!
#175300
0!
b01100111 #
#175305
1!
#175310
0!
b01101000 #
#175315
1!
#175320
0!
b01101001 #
#175325
1!
#175330
0!
b01101010 #
#175335
1!
#175340
0!
b01101011 #
#175345
1!
#175350
0!
b01101100 #
#175355
1!
#175360
0!
b01101101 #
#175365
1!
#175370
0!
b01101110 #
#175375
1!
#175380
0!
b01101111 #
#175385
1!
#175390
0!
b01110000 #
#175395
1!
#175400
0!
b01110001 #
#175405
1!
#175410
0!
b01110010 #
#175415
1!
#175420
0!
b01110011 #
#175425
1!
#175430
0!
b01110100 #
#175435
1!
#175440
0!
b01110101 #
#175445
1!
#175450
0!
b01110110 #
#175455
1!
#175460
0!
b01110111 #
#175465
1!
#175470
0!
b01111000 #
#175475
1!
#175480
0!
b01111001 #
#175485
1!
#175490
0!
b01111010 #
#175495
1!
#175500
0!
b01111011 #
#175505
1!
#175510
0!
b01111100 #
#175515
1!
#175520
0!
b01111101 #
#175525
1!
#175530
0!
b01111110 #
#175535
1!
#175540
0!
b01111111 #
#175545
1!
#175550
0!
b10000000 #
#175555
1!
#175560
0!
b10000001 #
#175565
1!
#175570
0!
b10000010 #
#175575
1!
#175580
0!
b10000011 #
#175585
1!
#175590
0!
b10000100 #
#175595
1!
#175600
0!
b10000101 #
#175605
1!
#175610
0!
b10000110 #
#175615
1!
#175620
0!
b10000111 #
#175625
1!
0)
#175630
0!
b10001000 #
#175635
1!
#175640
0!
b10001001 #
#175645
1!
#175650
0!
b10001010 #
#175655
1!
#175660
0!
b10001011 #
#175665
1!
#175670
0!
b10001100 #
#175675
1!
#175680
0!
b10001101 #
#175685
1!
#175690
0!
b10001110 #
#175695
1!
#175700
0!
b10001111 #
#175705
1!
#175710
0!
b10010000 #
#175715
1!
#175720
0!
b10010001 #
#175725
1!
#175730
0!
b10010010 #
#175735
1!
#175740
0!
b10010011 #
#175745
1!
#175750
0!
b10010100 #
#175755
1!
#175760
0!
b10010101 #
#175765
1!
#175770
0!
b10010110 #
#175775
1!
#175780
0!
b10010111 #
#175785
1!
#175790
0!
b10011000 #
#175795
1!
#175800
0!
b10011001 #
#175805
1!
#175810
0!
b10011010 #
#175815
1!
#175820
0!
b10011011 #
#175825
1!
#175830
0!
b10011100 #
#175835
1!
#175840
0!
b10011101 #
#175845
1!
#175850
0!
b10011110 #
#175855
1!
#175860
0!
b10011111 #
#175865
1!
#175870
0!
b10100000 #
#175875
1!
#175880
0!
b10100001 #
#175885
1!
#175890
0!
b10100010 #
#175895
1!
#175900
0!
b10100011 #
#175905
1!
#175910
0!
b10100100 #
#175915
1!
#175920
0!
b10100101 #
#175925
1!
#175930
0!
b10100110 #
#175935
1!
#175940
0!
b10100111 #
#175945
1!
#175950
0!
b10101000 #
#175955
1!
#175960
0!
b10101001 #
#175965
1!
#175970
0!
b10101010 #
#175975
1!
#175980
0!
b10101011 #
#175985
1!
#175990
0!
b10101100 #
#175995
1!
#176000
0!
b10101101 #
#176005
1!
#176010
0!
b10101110 #
#176015
1!
#176020
0!
b10101111 #
#176025
1!
#176030
0!
b10110000 #
#176035
1!
#176040
0!
b10110001 #
#176045
1!
#176050
0!
b10110010 #
#176055
1!
#176060
0!
b10110011 #
#176065
1!
#176070
0!
b10110100 #
#176075
1!
#176080
0!
b10110101 #
#176085
1!
#176090
0!
b10110110 #
#176095
1!
#176100
0!
b10110111 #
#176105
1!
#176110
0!
b10111000 #
#176115
1!
#176120
0!
b10111001 #
#176125
1!
#176130
0!
b10111010 #
#176135
1!
#176140
0!
b10111011 #
#176145
1!
#176150
0!
b10111100 #
#176155
1!
#176160
0!
b10111101 #
#176165
1!
#176170
0!
b10111110 #
#176175
1!
#176180
0!
b10111111 #
#176185
1!
#176190
0!
b11000000 #
#176195
1!
#176200
0!
b11000001 #
#176205
1!
#176210
0!
b11000010 #
#176215
1!
#176220
0!
b11000011 #
#176225
1!
#176230
0!
b11000100 #
#176235
1!
#176240
0!
b11000101 #
#176245
1!
#176250
0!
b11000110 #
0*
#176255
1!
#176260
0!
b11000111 #
#176265
1!
#176270
0!
b11001000 #
#176275
1!
#176280
0!
b11001001 #
#176285
1!
#176290
0!
b11001010 #
#176295
1!
#176300
0!
b11001011 #
#176305
1!
#176310
0!
b11001100 #
#176315
1!
#176320
0!
b11001101 #
#176325
1!
#176330
0!
b11001110 #
#176335
1!
#176340
0!
b11001111 #
#176345
1!
#176350
0!
b11010000 #
#176355
1!
#176360
0!
b11010001 #
#176365
1!
#176370
0!
b11010010 #
#176375
1!
#176380
0!
b11010011 #
#176385
1!
#176390
0!
b11010100 #
#176395
1!
#176400
0!
b11010101 #
#176405
1!
#176410
0!
b11010110 #
#176415
1!
#176420
0!
b11010111 #
#176425
1!
#176430
0!
b11011000 #
#176435
1!
#176440
0!
b11011001 #
#176445
1!
#176450
0!
b11011010 #
#176455
1!
#176460
0!
b11011011 #
#176465
1!
#176470
0!
b11011100 #
#176475
1!
#176480
0!
b11011101 #
#176485
1!
#176490
0!
b11011110 #
#176495
1!
#176500
0!
b11011111 #
#176505
1!
#176510
0!
b11100000 #
#176515
1!
#176520
0!
b11100001 #
#176525
1!
#176530
0!
b11100010 #
#176535
1!
#176540
0!
b11100011 #
#176545
1!
#176550
0!
b11100100 #
#176555
1!
#176560
0!
b11100101 #
#176565
1!
#176570
0!
b11100110 #
#176575
1!
#176580
0!
b11100111 #
#176585
1!
#176590
0!
b11101000 #
#176595
1!
#176600
0!
b11101001 #
#176605
1!
#176610
0!
b11101010 #
#176615
1!
#176620
0!
b11101011 #
#176625
1!
#176630
0!
b11101100 #
#176635
1!
#176640
0!
b11101101 #
#176645
1!
#176650
0!
b11101110 #
#176655
1!
#176660
0!
b11101111 #
#176665
1!
#176670
0!
b11110000 #
#176675
1!
#176680
0!
b11110001 #
#176685
1!
#176690
0!
b11110010 #
#176695
1!
#176700
0!
b11110011 #
#176705
1!
#176710
0!
b11110100 #
#176715
1!
#176720
0!
b11110101 #
#176725
1!
#176730
0!
b11110110 #
#176735
1!
#176740
0!
b11110111 #
#176745
1!
#176750
0!
b11111000 #
#176755
1!
#176760
0!
b11111001 #
#176765
1!
#176770
0!
b11111010 #
#176775
1!
#176780
0!
b11111011 #
#176785
1!
#176790
0!
b11111100 #
#176795
1!
#176800
0!
b11111101 #
#176805
1!
#176810
0!
b11111110 #
#176815
1!
#176820
0!
b11111111 #
#176825
1!
#176830
0!
b00000000 #
#176835
1!
#176840
0!
b00000001 #
#176845
1!
#176850
0!
b00000010 #
#176855
1!
#176860
0!
b00000011 #
#176865
1!
#176870
0!
b00000100 #
#176875
1!
1)
#176880
0!
b00000101 #
#176885
1!
#176890
0!
b00000110 #
#176895
1!
#176900
0!
b00000111 #
#176905
1!
#176910
0!
b00001000 #
#176915
1!
#176920
0!
b00001001 #
#176925
1!
#176930
0!
b00001010 #
#176935
1!
#176940
0!
b00001011 #
#176945
1!
#176950
0!
b00001100 #
#176955
1!
#176960
0!
b00001101 #
#176965
1!
#176970
0!
b00001110 #
#176975
1!
#176980
0!
b00001111 #
#176985
1!
#176990
0!
b00010000 #
#176995
1!
#177000
0!
b00010001 #
#177005
1!
#177010
0!
b00010010 #
#177015
1!
#177020
0!
b00010011 #
#177025
1!
#177030
0!
b00010100 #
#177035
1!
#177040
0!
b00010101 #
#177045
1!
#177050
0!
b00010110 #
#177055
1!
#177060
0!
b00010111 #
#177065
1!
#177070
0!
b00011000 #
#177075
1!
#177080
0!
b00011001 #
#177085
1!
#177090
0!
b00011010 #
#177095
1!
#177100
0!
b00011011 #
#177105
1!
#177110
0!
b00011100 #
#177115
1!
#177120
0!
b00011101 #
#177125
1!
#177130
0!
b00011110 #
#177135
1!
#177140
0!
b00011111 #
#177145
1!
#177150
0!
b00100000 #
#177155
1!
#177160
0!
b00100001 #
#177165
1!
#177170
0!
b00100010 #
#177175
1!
#177180
0!
b00100011 #
#177185
1!
#177190
0!
b00100100 #
#177195
1!
#177200
0!
b00100101 #
#177205
1!
#177210
0!
b00100110 #
#177215
1!
#177220
0!
b00100111 #
#177225
1!
#177230
0!
b00101000 #
#177235
1!
#177240
0!
b00101001 #
#177245
1!
#177250
0!
b00101010 #
#177255
1!
#177260
0!
b00101011 #
#177265
1!
#177270
0!
b00101100 #
#177275
1!
#177280
0!
b00101101 #
#177285
1!
#177290
0!
b00101110 #
#177295
1!
#177300
0!
b00101111 #
#177305
1!
#177310
0!
b00110000 #
#177315
1!
#177320
0!
b00110001 #
#177325
1!
#177330
0!
b00110010 #
#177335
1!
#177340
0!
b00110011 #
#177345
1!
#177350
0!
b00110100 #
#177355
1!
#177360
0!
b00110101 #
#177365
1!
#177370
0!
b00110110 #
#177375
1!
#177380
0!
b00110111 #
#177385
1!
#177390
0!
b00111000 #
#177395
1!
#177400
0!
b00111001 #
#177405
1!
#177410
0!
b00111010 #
#177415
1!
#177420
0!
b00111011 #
#177425
1!
#177430
0!
b00111100 #
#177435
1!
#177440
0!
b00111101 #
#177445
1!
#177450
0!
b00111110 #
#177455
1!
#177460
0!
b00111111 #
#177465
1!
#177470
0!
b01000000 #
#177475
1!
#177480
0!
b01000001 #
#177485
1!
#177490
0!
b01000010 #
#177495
1!
#177500
0!
b01000011 #
#177505
1!
#177510
0!
b01000100 #
#177515
1!
#177520
0!
b01000101 #
#177525
1!
#177530
0!
b01000110 #
#177535
1!
#177540
0!
b01000111 #
#177545
1!
#177550
0!
b01001000 #
#177555
1!
#177560
0!
b01001001 #
#177565
1!
#177570
0!
b01001010 #
#177575
1!
#177580
0!
b01001011 #
#177585
1!
#177590
0!
b01001100 #
#177595
1!
#177600
0!
b01001101 #
#177605
1!
#177610
0!
b01001110 #
#177615
1!
#177620
0!
b01001111 #
#177625
1!
#177630
0!
b01010000 #
#177635
1!
#177640
0!
b01010001 #
#177645
1!
#177650
0!
b01010010 #
#177655
1!
#177660
0!
b01010011 #
#177665
1!
#177670
0!
b01010100 #
#177675
1!
#177680
0!
b01010101 #
#177685
1!
#177690
0!
b01010110 #
#177695
1!
#177700
0!
b01010111 #
#177705
1!
#177710
0!
b01011000 #
#177715
1!
#177720
0!
b01011001 #
#177725
1!
#177730
0!
b01011010 #
#177735
1!
#177740
0!
b01011011 #
#177745
1!
#177750
0!
b01011100 #
#177755
1!
#177760
0!
b01011101 #
#177765
1!
#177770
0!
b01011110 #
#177775
1!
#177780
0!
b01011111 #
#177785
1!
#177790
0!
b01100000 #
#177795
1!
#177800
0!
b01100001 #
#177805
1!
#177810
0!
b01100010 #
#177815
1!
#177820
0!
b01100011 #
#177825
1!
#177830
0!
b01100100 #
#177835
1!
#177840
0!
b01100101 #
#177845
1!
#177850
0!
b01100110 #
#177855
1!
#177860
0!
b01100111 #
#177865
1!
#177870
0!
b01101000 #
#177875
1!
#177880
0!
b01101001 #
#177885
1!
#177890
0!
b01101010 #
#177895
1!
#177900
0!
b01101011 #
#177905
1!
#177910
0!
b01101100 #
#177915
1!
#177920
0!
b01101101 #
#177925
1!
#177930
0!
b01101110 #
#177935
1!
#177940
0!
b01101111 #
#177945
1!
#177950
0!
b01110000 #
#177955
1!
#177960
0!
b01110001 #
#177965
1!
#177970
0!
b01110010 #
#177975
1!
#177980
0!
b01110011 #
#177985
1!
#177990
0!
b01110100 #
#177995
1!
#178000
0!
b01110101 #
#178005
1!
#178010
0!
b01110110 #
#178015
1!
#178020
0!
b01110111 #
#178025
1!
#178030
0!
b01111000 #
#178035
1!
#178040
0!
b01111001 #
#178045
1!
#178050
0!
b01111010 #
#178055
1!
#178060
0!
b01111011 #
#178065
1!
#178070
0!
b01111100 #
#178075
1!
#178080
0!
b01111101 #
#178085
1!
#178090
0!
b01111110 #
#178095
1!
#178100
0!
b01111111 #
#178105
1!
#178110
0!
b10000000 #
#178115
1!
#178120
0!
b10000001 #
#178125
1!
0)
#178130
0!
b10000010 #
#178135
1!
#178140
0!
b10000011 #
#178145
1!
#178150
0!
b10000100 #
#178155
1!
#178160
0!
b10000101 #
#178165
1!
#178170
0!
b10000110 #
#178175
1!
#178180
0!
b10000111 #
#178185
1!
#178190
0!
b10001000 #
#178195
1!
#178200
0!
b10001001 #
#178205
1!
#178210
0!
b10001010 #
#178215
1!
#178220
0!
b10001011 #
#178225
1!
#178230
0!
b10001100 #
#178235
1!
#178240
0!
b10001101 #
#178245
1!
#178250
0!
b10001110 #
#178255
1!
#178260
0!
b10001111 #
#178265
1!
#178270
0!
b10010000 #
#178275
1!
#178280
0!
b10010001 #
#178285
1!
#178290
0!
b10010010 #
#178295
1!
#178300
0!
b10010011 #
#178305
1!
#178310
0!
b10010100 #
#178315
1!
#178320
0!
b10010101 #
#178325
1!
#178330
0!
b10010110 #
#178335
1!
#178340
0!
b10010111 #
#178345
1!
#178350
0!
b10011000 #
#178355
1!
#178360
0!
b10011001 #
#178365
1!
#178370
0!
b10011010 #
#178375
1!
#178380
0!
b10011011 #
#178385
1!
#178390
0!
b10011100 #
#178395
1!
#178400
0!
b10011101 #
#178405
1!
#178410
0!
b10011110 #
#178415
1!
#178420
0!
b10011111 #
#178425
1!
#178430
0!
b10100000 #
#178435
1!
#178440
0!
b10100001 #
#178445
1!
#178450
0!
b10100010 #
#178455
1!
#178460
0!
b10100011 #
#178465
1!
#178470
0!
b10100100 #
#178475
1!
#178480
0!
b10100101 #
#178485
1!
#178490
0!
b10100110 #
#178495
1!
#178500
0!
b10100111 #
#178505
1!
#178510
0!
b10101000 #
#178515
1!
#178520
0!
b10101001 #
#178525
1!
#178530
0!
b10101010 #
#178535
1!
#178540
0!
b10101011 #
#178545
1!
#178550
0!
b10101100 #
#178555
1!
#178560
0!
b10101101 #
#178565
1!
#178570
0!
b10101110 #
#178575
1!
#178580
0!
b10101111 #
#178585
1!
#178590
0!
b10110000 #
#178595
1!
#178600
0!
b10110001 #
#178605
1!
#178610
0!
b10110010 #
#178615
1!
#178620
0!
b10110011 #
#178625
1!
#178630
0!
b10110100 #
#178635
1!
#178640
0!
b10110101 #
#178645
1!
#178650
0!
b10110110 #
#178655
1!
#178660
0!
b10110111 #
#178665
1!
#178670
0!
b10111000 #
#178675
1!
#178680
0!
b10111001 #
#178685
1!
#178690
0!
b10111010 #
#178695
1!
#178700
0!
b10111011 #
#178705
1!
#178710
0!
b10111100 #
#178715
1!
#178720
0!
b10111101 #
#178725
1!
#178730
0!
b10111110 #
#178735
1!
#178740
0!
b10111111 #
#178745
1!
#178750
0!
b11000000 #
0*
#178755
1!
#178760
0!
b11000001 #
#178765
1!
#178770
0!
b11000010 #
#178775
1!
#178780
0!
b11000011 #
#178785
1!
#178790
0!
b11000100 #
#178795
1!
#178800
0!
b11000101 #
#178805
1!
#178810
0!
b11000110 #
#178815
1!
#178820
0!
b11000111 #
#178825
1!
#178830
0!
b11001000 #
#178835
1!
#178840
0!
b11001001 #
#178845
1!
#178850
0!
b11001010 #
#178855
1!
#178860
0!
b11001011 #
#178865
1!
#178870
0!
b11001100 #
#178875
1!
#178880
0!
b11001101 #
#178885
1!
#178890
0!
b11001110 #
#178895
1!
#178900
0!
b11001111 #
#178905
1!
#178910
0!
b11010000 #
#178915
1!
#178920
0!
b11010001 #
#178925
1!
#178930
0!
b11010010 #
#178935
1!
#178940
0!
b11010011 #
#178945
1!
#178950
0!
b11010100 #
#178955
1!
#178960
0!
b11010101 #
#178965
1!
#178970
0!
b11010110 #
#178975
1!
#178980
0!
b11010111 #
#178985
1!
#178990
0!
b11011000 #
#178995
1!
#179000
0!
b11011001 #
#179005
1!
#179010
0!
b11011010 #
#179015
1!
#179020
0!
b11011011 #
#179025
1!
#179030
0!
b11011100 #
#179035
1!
#179040
0!
b11011101 #
#179045
1!
#179050
0!
b11011110 #
#179055
1!
#179060
0!
b11011111 #
#179065
1!
#179070
0!
b11100000 #
#179075
1!
#179080
0!
b11100001 #
#179085
1!
#179090
0!
b11100010 #
#179095
1!
#179100
0!
b11100011 #
#179105
1!
#179110
0!
b11100100 #
#179115
1!
#179120
0!
b11100101 #
#179125
1!
#179130
0!
b11100110 #
#179135
1!
#179140
0!
b11100111 #
#179145
1!
#179150
0!
b11101000 #
#179155
1!
#179160
0!
b11101001 #
#179165
1!
#179170
0!
b11101010 #
#179175
1!
#179180
0!
b11101011 #
#179185
1!
#179190
0!
b11101100 #
#179195
1!
#179200
0!
b11101101 #
#179205
1!
#179210
0!
b11101110 #
#179215
1!
#179220
0!
b11101111 #
#179225
1!
#179230
0!
b11110000 #
#179235
1!
#179240
0!
b11110001 #
#179245
1!
#179250
0!
b11110010 #
#179255
1!
#179260
0!
b11110011 #
#179265
1!
#179270
0!
b11110100 #
#179275
1!
#179280
0!
b11110101 #
#179285
1!
#179290
0!
b11110110 #
#179295
1!
#179300
0!
b11110111 #
#179305
1!
#179310
0!
b11111000 #
#179315
1!
#179320
0!
b11111001 #
#179325
1!
#179330
0!
b11111010 #
#179335
1!
#179340
0!
b11111011 #
#179345
1!
#179350
0!
b11111100 #
#179355
1!
#179360
0!
b11111101 #
#179365
1!
#179370
0!
b11111110 #
#179375
1!
1)
#179380
0!
b11111111 #
#179385
1!
#179390
0!
b00000000 #
#179395
1!
#179400
0!
b00000001 #
#179405
1!
#179410
0!
b00000010 #
#179415
1!
#179420
0!
b00000011 #
#179425
1!
#179430
0!
b00000100 #
#179435
1!
#179440
0!
b00000101 #
#179445
1!
#179450
0!
b00000110 #
#179455
1!
#179460
0!
b00000111 #
#179465
1!
#179470
0!
b00001000 #
#179475
1!
#179480
0!
b00001001 #
#179485
1!
#179490
0!
b00001010 #
#179495
1!
#179500
0!
b00001011 #
#179505
1!
#179510
0!
b00001100 #
#179515
1!
#179520
0!
b00001101 #
#179525
1!
#179530
0!
b00001110 #
#179535
1!
#179540
0!
b00001111 #
#179545
1!
#179550
0!
b00010000 #
#179555
1!
#179560
0!
b00010001 #
#179565
1!
#179570
0!
b00010010 #
#179575
1!
#179580
0!
b00010011 #
#179585
1!
#179590
0!
b00010100 #
#179595
1!
#179600
0!
b00010101 #
#179605
1!
#179610
0!
b00010110 #
#179615
1!
#179620
0!
b00010111 #
#179625
1!
#179630
0!
b00011000 #
#179635
1!
#179640
0!
b00011001 #
#179645
1!
#179650
0!
b00011010 #
#179655
1!
#179660
0!
b00011011 #
#179665
1!
#179670
0!
b00011100 #
#179675
1!
#179680
0!
b00011101 #
#179685
1!
#179690
0!
b00011110 #
#179695
1!
#179700
0!
b00011111 #
#179705
1!
#179710
0!
b00100000 #
#179715
1!
#179720
0!
b00100001 #
#179725
1!
#179730
0!
b00100010 #
#179735
1!
#179740
0!
b00100011 #
#179745
1!
#179750
0!
b00100100 #
#179755
1!
#179760
0!
b00100101 #
#179765
1!
#179770
0!
b00100110 #
#179775
1!
#179780
0!
b00100111 #
#179785
1!
#179790
0!
b00101000 #
#179795
1!
#179800
0!
b00101001 #
#179805
1!
#179810
0!
b00101010 #
#179815
1!
#179820
0!
b00101011 #
#179825
1!
#179830
0!
b00101100 #
#179835
1!
#179840
0!
b00101101 #
#179845
1!
#179850
0!
b00101110 #
#179855
1!
#179860
0!
b00101111 #
#179865
1!
#179870
0!
b00110000 #
#179875
1!
#179880
0!
b00110001 #
#179885
1!
#179890
0!
b00110010 #
#179895
1!
#179900
0!
b00110011 #
#179905
1!
#179910
0!
b00110100 #
#179915
1!
#179920
0!
b00110101 #
#179925
1!
#179930
0!
b00110110 #
#179935
1!
#179940
0!
b00110111 #
#179945
1!
#179950
0!
b00111000 #
#179955
1!
#179960
0!
b00111001 #
#179965
1!
#179970
0!
b00111010 #
#179975
1!
#179980
0!
b00111011 #
#179985
1!
#179990
0!
b00111100 #
#179995
1!
#180000
0!
b00111101 #
#180005
1!
#180010
0!
b00111110 #
#180015
1!
#180020
0!
b00111111 #
#180025
1!
#180030
0!
b01000000 #
#180035
1!
#180040
0!
b01000001 #
#180045
1!
#180050
0!
b01000010 #
#180055
1!
#180060
0!
b01000011 #
#180065
1!
#180070
0!
b01000100 #
#180075
1!
#180080
0!
b01000101 #
#180085
1!
#180090
0!
b01000110 #
#180095
1!
#180100
0!
b01000111 #
#180105
1!
#180110
0!
b01001000 #
#180115
1!
#180120
0!
b01001001 #
#180125
1!
#180130
0!
b01001010 #
#180135
1!
#180140
0!
b01001011 #
#180145
1!
#180150
0!
b01001100 #
#180155
1!
#180160
0!
b01001101 #
#180165
1!
#180170
0!
b01001110 #
#180175
1!
#180180
0!
b01001111 #
#180185
1!
#180190
0!
b01010000 #
#180195
1!
#180200
0!
b01010001 #
#180205
1!
#180210
0!
b01010010 #
#180215
1!
#180220
0!
b01010011 #
#180225
1!
#180230
0!
b01010100 #
#180235
1!
#180240
0!
b01010101 #
#180245
1!
#180250
0!
b01010110 #
#180255
1!
#180260
0!
b01010111 #
#180265
1!
#180270
0!
b01011000 #
#180275
1!
#180280
0!
b01011001 #
#180285
1!
#180290
0!
b01011010 #
#180295
1!
#180300
0!
b01011011 #
#180305
1!
#180310
0!
b01011100 #
#180315
1!
#180320
0!
b01011101 #
#180325
1!
#180330
0!
b01011110 #
#180335
1!
#180340
0!
b01011111 #
#180345
1!
#180350
0!
b01100000 #
#180355
1!
#180360
0!
b01100001 #
#180365
1!
#180370
0!
b01100010 #
#180375
1!
#180380
0!
b01100011 #
#180385
1!
#180390
0!
b01100100 #
#180395
1!
#180400
0!
b01100101 #
#180405
1!
#180410
0!
b01100110 #
#180415
1!
#180420
0!
b01100111 #
#180425
1!
#180430
0!
b01101000 #
#180435
1!
#180440
0!
b01101001 #
#180445
1!
#180450
0!
b01101010 #
#180455
1!
#180460
0!
b01101011 #
#180465
1!
#180470
0!
b01101100 #
#180475
1!
#180480
0!
b01101101 #
#180485
1!
#180490
0!
b01101110 #
#180495
1!
#180500
0!
b01101111 #
#180505
1!
#180510
0!
b01110000 #
#180515
1!
#180520
0!
b01110001 #
#180525
1!
#180530
0!
b01110010 #
#180535
1!
#180540
0!
b01110011 #
#180545
1!
#180550
0!
b01110100 #
#180555
1!
#180560
0!
b01110101 #
#180565
1!
#180570
0!
b01110110 #
#180575
1!
#180580
0!
b01110111 #
#180585
1!
#180590
0!
b01111000 #
#180595
1!
#180600
0!
b01111001 #
#180605
1!
#180610
0!
b01111010 #
#180615
1!
#180620
0!
b01111011 #
#180625
1!
0)
#180630
0!
b01111100 #
#180635
1!
#180640
0!
b01111101 #
#180645
1!
#180650
0!
b01111110 #
#180655
1!
#180660
0!
b01111111 #
#180665
1!
#180670
0!
b10000000 #
#180675
1!
#180680
0!
b10000001 #
#180685
1!
#180690
0!
b10000010 #
#180695
1!
#180700
0!
b10000011 #
#180705
1!
#180710
0!
b10000100 #
#180715
1!
#180720
0!
b10000101 #
#180725
1!
#180730
0!
b10000110 #
#180735
1!
#180740
0!
b10000111 #
#180745
1!
#180750
0!
b10001000 #
#180755
1!
#180760
0!
b10001001 #
#180765
1!
#180770
0!
b10001010 #
#180775
1!
#180780
0!
b10001011 #
#180785
1!
#180790
0!
b10001100 #
#180795
1!
#180800
0!
b10001101 #
#180805
1!
#180810
0!
b10001110 #
#180815
1!
#180820
0!
b10001111 #
#180825
1!
#180830
0!
b10010000 #
#180835
1!
#180840
0!
b10010001 #
#180845
1!
#180850
0!
b10010010 #
#180855
1!
#180860
0!
b10010011 #
#180865
1!
#180870
0!
b10010100 #
#180875
1!
#180880
0!
b10010101 #
#180885
1!
#180890
0!
b10010110 #
#180895
1!
#180900
0!
b10010111 #
#180905
1!
#180910
0!
b10011000 #
#180915
1!
#180920
0!
b10011001 #
#180925
1!
#180930
0!
b10011010 #
#180935
1!
#180940
0!
b10011011 #
#180945
1!
#180950
0!
b10011100 #
#180955
1!
#180960
0!
b10011101 #
#180965
1!
#180970
0!
b10011110 #
#180975
1!
#180980
0!
b10011111 #
#180985
1!
#180990
0!
b10100000 #
#180995
1!
#181000
0!
b10100001 #
#181005
1!
#181010
0!
b10100010 #
#181015
1!
#181020
0!
b10100011 #
#181025
1!
#181030
0!
b10100100 #
#181035
1!
#181040
0!
b10100101 #
#181045
1!
#181050
0!
b10100110 #
#181055
1!
#181060
0!
b10100111 #
#181065
1!
#181070
0!
b10101000 #
#181075
1!
#181080
0!
b10101001 #
#181085
1!
#181090
0!
b10101010 #
#181095
1!
#181100
0!
b10101011 #
#181105
1!
#181110
0!
b10101100 #
#181115
1!
#181120
0!
b10101101 #
#181125
1!
#181130
0!
b10101110 #
#181135
1!
#181140
0!
b10101111 #
#181145
1!
#181150
0!
b10110000 #
#181155
1!
#181160
0!
b10110001 #
#181165
1!
#181170
0!
b10110010 #
#181175
1!
#181180
0!
b10110011 #
#181185
1!
#181190
0!
b10110100 #
#181195
1!
#181200
0!
b10110101 #
#181205
1!
#181210
0!
b10110110 #
#181215
1!
#181220
0!
b10110111 #
#181225
1!
#181230
0!
b10111000 #
#181235
1!
#181240
0!
b10111001 #
#181245
1!
#181250
0!
b10111010 #
1*
#181255
1!
#181260
0!
b10111011 #
#181265
1!
#181270
0!
b10111100 #
#181275
1!
#181280
0!
b10111101 #
#181285
1!
#181290
0!
b10111110 #
#181295
1!
#181300
0!
b10111111 #
#181305
1!
#181310
0!
b11000000 #
#181315
1!
#181320
0!
b11000001 #
#181325
1!
#181330
0!
b11000010 #
#181335
1!
#181340
0!
b11000011 #
#181345
1!
#181350
0!
b11000100 #
#181355
1!
#181360
0!
b11000101 #
#181365
1!
#181370
0!
b11000110 #
#181375
1!
#181380
0!
b11000111 #
#181385
1!
#181390
0!
b11001000 #
#181395
1!
#181400
0!
b11001001 #
#181405
1!
#181410
0!
b11001010 #
#181415
1!
#181420
0!
b11001011 #
#181425
1!
#181430
0!
b11001100 #
#181435
1!
#181440
0!
b11001101 #
#181445
1!
#181450
0!
b11001110 #
#181455
1!
#181460
0!
b11001111 #
#181465
1!
#181470
0!
b11010000 #
#181475
1!
#181480
0!
b11010001 #
#181485
1!
#181490
0!
b11010010 #
#181495
1!
#181500
0!
b11010011 #
#181505
1!
#181510
0!
b11010100 #
#181515
1!
#181520
0!
b11010101 #
#181525
1!
#181530
0!
b11010110 #
#181535
1!
#181540
0!
b11010111 #
#181545
1!
#181550
0!
b11011000 #
#181555
1!
#181560
0!
b11011001 #
#181565
1!
#181570
0!
b11011010 #
#181575
1!
#181580
0!
b11011011 #
#181585
1!
#181590
0!
b11011100 #
#181595
1!
#181600
0!
b11011101 #
#181605
1!
#181610
0!
b11011110 #
#181615
1!
#181620
0!
b11011111 #
#181625
1!
#181630
0!
b11100000 #
#181635
1!
#181640
0!
b11100001 #
#181645
1!
#181650
0!
b11100010 #
#181655
1!
#181660
0!
b11100011 #
#181665
1!
#181670
0!
b11100100 #
#181675
1!
#181680
0!
b11100101 #
#181685
1!
#181690
0!
b11100110 #
#181695
1!
#181700
0!
b11100111 #
#181705
1!
#181710
0!
b11101000 #
#181715
1!
#181720
0!
b11101001 #
#181725
1!
#181730
0!
b11101010 #
#181735
1!
#181740
0!
b11101011 #
#181745
1!
#181750
0!
b11101100 #
#181755
1!
#181760
0!
b11101101 #
#181765
1!
#181770
0!
b11101110 #
#181775
1!
#181780
0!
b11101111 #
#181785
1!
#181790
0!
b11110000 #
#181795
1!
#181800
0!
b11110001 #
#181805
1!
#181810
0!
b11110010 #
#181815
1!
#181820
0!
b11110011 #
#181825
1!
#181830
0!
b11110100 #
#181835
1!
#181840
0!
b11110101 #
#181845
1!
#181850
0!
b11110110 #
#181855
1!
#181860
0!
b11110111 #
#181865
1!
#181870
0!
b11111000 #
#181875
1!
1)
#181880
0!
b11111001 #
#181885
1!
#181890
0!
b11111010 #
#181895
1!
#181900
0!
b11111011 #
#181905
1!
#181910
0!
b11111100 #
#181915
1!
#181920
0!
b11111101 #
#181925
1!
#181930
0!
b11111110 #
#181935
1!
#181940
0!
b11111111 #
#181945
1!
#181950
0!
b00000000 #
#181955
1!
#181960
0!
b00000001 #
#181965
1!
#181970
0!
b00000010 #
#181975
1!
#181980
0!
b00000011 #
#181985
1!
#181990
0!
b00000100 #
#181995
1!
#182000
0!
b00000101 #
#182005
1!
#182010
0!
b00000110 #
#182015
1!
#182020
0!
b00000111 #
#182025
1!
#182030
0!
b00001000 #
#182035
1!
#182040
0!
b00001001 #
#182045
1!
#182050
0!
b00001010 #
#182055
1!
#182060
0!
b00001011 #
#182065
1!
#182070
0!
b00001100 #
#182075
1!
#182080
0!
b00001101 #
#182085
1!
#182090
0!
b00001110 #
#182095
1!
#182100
0!
b00001111 #
#182105
1!
#182110
0!
b00010000 #
#182115
1!
#182120
0!
b00010001 #
#182125
1!
#182130
0!
b00010010 #
#182135
1!
#182140
0!
b00010011 #
#182145
1!
#182150
0!
b00010100 #
#182155
1!
#182160
0!
b00010101 #
#182165
1!
#182170
0!
b00010110 #
#182175
1!
#182180
0!
b00010111 #
#182185
1!
#182190
0!
b00011000 #
#182195
1!
#182200
0!
b00011001 #
#182205
1!
#182210
0!
b00011010 #
#182215
1!
#182220
0!
b00011011 #
#182225
1!
#182230
0!
b00011100 #
#182235
1!
#182240
0!
b00011101 #
#182245
1!
#182250
0!
b00011110 #
#182255
1!
#182260
0!
b00011111 #
#182265
1!
#182270
0!
b00100000 #
#182275
1!
#182280
0!
b00100001 #
#182285
1!
#182290
0!
b00100010 #
#182295
1!
#182300
0!
b00100011 #
#182305
1!
#182310
0!
b00100100 #
#182315
1!
#182320
0!
b00100101 #
#182325
1!
#182330
0!
b00100110 #
#182335
1!
#182340
0!
b00100111 #
#182345
1!
#182350
0!
b00101000 #
#182355
1!
#182360
0!
b00101001 #
#182365
1!
#182370
0!
b00101010 #
#182375
1!
#182380
0!
b00101011 #
#182385
1!
#182390
0!
b00101100 #
#182395
1!
#182400
0!
b00101101 #
#182405
1!
#182410
0!
b00101110 #
#182415
1!
#182420
0!
b00101111 #
#182425
1!
#182430
0!
b00110000 #
#182435
1!
#182440
0!
b00110001 #
#182445
1!
#182450
0!
b00110010 #
#182455
1!
#182460
0!
b00110011 #
#182465
1!
#182470
0!
b00110100 #
#182475
1!
#182480
0!
b00110101 #
#182485
1!
#182490
0!
b00110110 #
#182495
1!
#182500
0!
b00110111 #
#182505
1!
#182510
0!
b00111000 #
#182515
1!
#182520
0!
b00111001 #
#182525
1!
#182530
0!
b00111010 #
#182535
1!
#182540
0!
b00111011 #
#182545
1!
#182550
0!
b00111100 #
#182555
1!
#182560
0!
b00111101 #
#182565
1!
#182570
0!
b00111110 #
#182575
1!
#182580
0!
b00111111 #
#182585
1!
#182590
0!
b01000000 #
#182595
1!
#182600
0!
b01000001 #
#182605
1!
#182610
0!
b01000010 #
#182615
1!
#182620
0!
b01000011 #
#182625
1!
#182630
0!
b01000100 #
#182635
1!
#182640
0!
b01000101 #
#182645
1!
#182650
0!
b01000110 #
#182655
1!
#182660
0!
b01000111 #
#182665
1!
#182670
0!
b01001000 #
#182675
1!
#182680
0!
b01001001 #
#182685
1!
#182690
0!
b01001010 #
#182695
1!
#182700
0!
b01001011 #
#182705
1!
#182710
0!
b01001100 #
#182715
1!
#182720
0!
b01001101 #
#182725
1!
#182730
0!
b01001110 #
#182735
1!
#182740
0!
b01001111 #
#182745
1!
#182750
0!
b01010000 #
#182755
1!
#182760
0!
b01010001 #
#182765
1!
#182770
0!
b01010010 #
#182775
1!
#182780
0!
b01010011 #
#182785
1!
#182790
0!
b01010100 #
#182795
1!
#182800
0!
b01010101 #
#182805
1!
#182810
0!
b01010110 #
#182815
1!
#182820
0!
b01010111 #
#182825
1!
#182830
0!
b01011000 #
#182835
1!
#182840
0!
b01011001 #
#182845
1!
#182850
0!
b01011010 #
#182855
1!
#182860
0!
b01011011 #
#182865
1!
#182870
0!
b01011100 #
#182875
1!
#182880
0!
b01011101 #
#182885
1!
#182890
0!
b01011110 #
#182895
1!
#182900
0!
b01011111 #
#182905
1!
#182910
0!
b01100000 #
#182915
1!
#182920
0!
b01100001 #
#182925
1!
#182930
0!
b01100010 #
#182935
1!
#182940
0!
b01100011 #
#182945
1!
#182950
0!
b01100100 #
#182955
1!
#182960
0!
b01100101 #
#182965
1!
#182970
0!
b01100110 #
#182975
1!
#182980
0!
b01100111 #
#182985
1!
#182990
0!
b01101000 #
#182995
1!
#183000
0!
b01101001 #
#183005
1!
#183010
0!
b01101010 #
#183015
1!
#183020
0!
b01101011 #
#183025
1!
#183030
0!
b01101100 #
#183035
1!
#183040
0!
b01101101 #
#183045
1!
#183050
0!
b01101110 #
#183055
1!
#183060
0!
b01101111 #
#183065
1!
#183070
0!
b01110000 #
#183075
1!
#183080
0!
b01110001 #
#183085
1!
#183090
0!
b01110010 #
#183095
1!
#183100
0!
b01110011 #
#183105
1!
#183110
0!
b01110100 #
#183115
1!
#183120
0!
b01110101 #
#183125
1!
0)
#183130
0!
b01110110 #
#183135
1!
#183140
0!
b01110111 #
#183145
1!
#183150
0!
b01111000 #
#183155
1!
#183160
0!
b01111001 #
#183165
1!
#183170
0!
b01111010 #
#183175
1!
#183180
0!
b01111011 #
#183185
1!
#183190
0!
b01111100 #
#183195
1!
#183200
0!
b01111101 #
#183205
1!
#183210
0!
b01111110 #
#183215
1!
#183220
0!
b01111111 #
#183225
1!
#183230
0!
b10000000 #
#183235
1!
#183240
0!
b10000001 #
#183245
1!
#183250
0!
b10000010 #
#183255
1!
#183260
0!
b10000011 #
#183265
1!
#183270
0!
b10000100 #
#183275
1!
#183280
0!
b10000101 #
#183285
1!
#183290
0!
b10000110 #
#183295
1!
#183300
0!
b10000111 #
#183305
1!
#183310
0!
b10001000 #
#183315
1!
#183320
0!
b10001001 #
#183325
1!
#183330
0!
b10001010 #
#183335
1!
#183340
0!
b10001011 #
#183345
1!
#183350
0!
b10001100 #
#183355
1!
#183360
0!
b10001101 #
#183365
1!
#183370
0!
b10001110 #
#183375
1!
#183380
0!
b10001111 #
#183385
1!
#183390
0!
b10010000 #
#183395
1!
#183400
0!
b10010001 #
#183405
1!
#183410
0!
b10010010 #
#183415
1!
#183420
0!
b10010011 #
#183425
1!
#183430
0!
b10010100 #
#183435
1!
#183440
0!
b10010101 #
#183445
1!
#183450
0!
b10010110 #
#183455
1!
#183460
0!
b10010111 #
#183465
1!
#183470
0!
b10011000 #
#183475
1!
#183480
0!
b10011001 #
#183485
1!
#183490
0!
b10011010 #
#183495
1!
#183500
0!
b10011011 #
#183505
1!
#183510
0!
b10011100 #
#183515
1!
#183520
0!
b10011101 #
#183525
1!
#183530
0!
b10011110 #
#183535
1!
#183540
0!
b10011111 #
#183545
1!
#183550
0!
b10100000 #
#183555
1!
#183560
0!
b10100001 #
#183565
1!
#183570
0!
b10100010 #
#183575
1!
#183580
0!
b10100011 #
#183585
1!
#183590
0!
b10100100 #
#183595
1!
#183600
0!
b10100101 #
#183605
1!
#183610
0!
b10100110 #
#183615
1!
#183620
0!
b10100111 #
#183625
1!
#183630
0!
b10101000 #
#183635
1!
#183640
0!
b10101001 #
#183645
1!
#183650
0!
b10101010 #
#183655
1!
#183660
0!
b10101011 #
#183665
1!
#183670
0!
b10101100 #
#183675
1!
#183680
0!
b10101101 #
#183685
1!
#183690
0!
b10101110 #
#183695
1!
#183700
0!
b10101111 #
#183705
1!
#183710
0!
b10110000 #
#183715
1!
#183720
0!
b10110001 #
#183725
1!
#183730
0!
b10110010 #
#183735
1!
#183740
0!
b10110011 #
#183745
1!
#183750
0!
b10110100 #
0*
#183755
1!
#183760
0!
b10110101 #
#183765
1!
#183770
0!
b10110110 #
#183775
1!
#183780
0!
b10110111 #
#183785
1!
#183790
0!
b10111000 #
#183795
1!
#183800
0!
b10111001 #
#183805
1!
#183810
0!
b10111010 #
#183815
1!
#183820
0!
b10111011 #
#183825
1!
#183830
0!
b10111100 #
#183835
1!
#183840
0!
b10111101 #
#183845
1!
#183850
0!
b10111110 #
#183855
1!
#183860
0!
b10111111 #
#183865
1!
#183870
0!
b11000000 #
#183875
1!
#183880
0!
b11000001 #
#183885
1!
#183890
0!
b11000010 #
#183895
1!
#183900
0!
b11000011 #
#183905
1!
#183910
0!
b11000100 #
#183915
1!
#183920
0!
b11000101 #
#183925
1!
#183930
0!
b11000110 #
#183935
1!
#183940
0!
b11000111 #
#183945
1!
#183950
0!
b11001000 #
#183955
1!
#183960
0!
b11001001 #
#183965
1!
#183970
0!
b11001010 #
#183975
1!
#183980
0!
b11001011 #
#183985
1!
#183990
0!
b11001100 #
#183995
1!
#184000
0!
b11001101 #
#184005
1!
#184010
0!
b11001110 #
#184015
1!
#184020
0!
b11001111 #
#184025
1!
#184030
0!
b11010000 #
#184035
1!
#184040
0!
b11010001 #
#184045
1!
#184050
0!
b11010010 #
#184055
1!
#184060
0!
b11010011 #
#184065
1!
#184070
0!
b11010100 #
#184075
1!
#184080
0!
b11010101 #
#184085
1!
#184090
0!
b11010110 #
#184095
1!
#184100
0!
b11010111 #
#184105
1!
#184110
0!
b11011000 #
#184115
1!
#184120
0!
b11011001 #
#184125
1!
#184130
0!
b11011010 #
#184135
1!
#184140
0!
b11011011 #
#184145
1!
#184150
0!
b11011100 #
#184155
1!
#184160
0!
b11011101 #
#184165
1!
#184170
0!
b11011110 #
#184175
1!
#184180
0!
b11011111 #
#184185
1!
#184190
0!
b11100000 #
#184195
1!
#184200
0!
b11100001 #
#184205
1!
#184210
0!
b11100010 #
#184215
1!
#184220
0!
b11100011 #
#184225
1!
#184230
0!
b11100100 #
#184235
1!
#184240
0!
b11100101 #
#184245
1!
#184250
0!
b11100110 #
#184255
1!
#184260
0!
b11100111 #
#184265
1!
#184270
0!
b11101000 #
#184275
1!
#184280
0!
b11101001 #
#184285
1!
#184290
0!
b11101010 #
#184295
1!
#184300
0!
b11101011 #
#184305
1!
#184310
0!
b11101100 #
#184315
1!
#184320
0!
b11101101 #
#184325
1!
#184330
0!
b11101110 #
#184335
1!
#184340
0!
b11101111 #
#184345
1!
#184350
0!
b11110000 #
#184355
1!
#184360
0!
b11110001 #
#184365
1!
#184370
0!
b11110010 #
#184375
1!
1)
#184380
0!
b11110011 #
#184385
1!
#184390
0!
b11110100 #
#184395
1!
#184400
0!
b11110101 #
#184405
1!
#184410
0!
b11110110 #
#184415
1!
#184420
0!
b11110111 #
#184425
1!
#184430
0!
b11111000 #
#184435
1!
#184440
0!
b11111001 #
#184445
1!
#184450
0!
b11111010 #
#184455
1!
#184460
0!
b11111011 #
#184465
1!
#184470
0!
b11111100 #
#184475
1!
#184480
0!
b11111101 #
#184485
1!
#184490
0!
b11111110 #
#184495
1!
#184500
0!
b11111111 #
#184505
1!
#184510
0!
b00000000 #
#184515
1!
#184520
0!
b00000001 #
#184525
1!
#184530
0!
b00000010 #
#184535
1!
#184540
0!
b00000011 #
#184545
1!
#184550
0!
b00000100 #
#184555
1!
#184560
0!
b00000101 #
#184565
1!
#184570
0!
b00000110 #
#184575
1!
#184580
0!
b00000111 #
#184585
1!
#184590
0!
b00001000 #
#184595
1!
#184600
0!
b00001001 #
#184605
1!
#184610
0!
b00001010 #
#184615
1!
#184620
0!
b00001011 #
#184625
1!
#184630
0!
b00001100 #
#184635
1!
#184640
0!
b00001101 #
#184645
1!
#184650
0!
b00001110 #
#184655
1!
#184660
0!
b00001111 #
#184665
1!
#184670
0!
b00010000 #
#184675
1!
#184680
0!
b00010001 #
#184685
1!
#184690
0!
b00010010 #
#184695
1!
#184700
0!
b00010011 #
#184705
1!
#184710
0!
b00010100 #
#184715
1!
#184720
0!
b00010101 #
#184725
1!
#184730
0!
b00010110 #
#184735
1!
#184740
0!
b00010111 #
#184745
1!
#184750
0!
b00011000 #
#184755
1!
#184760
0!
b00011001 #
#184765
1!
#184770
0!
b00011010 #
#184775
1!
#184780
0!
b00011011 #
#184785
1!
#184790
0!
b00011100 #
#184795
1!
#184800
0!
b00011101 #
#184805
1!
#184810
0!
b00011110 #
#184815
1!
#184820
0!
b00011111 #
#184825
1!
#184830
0!
b00100000 #
#184835
1!
#184840
0!
b00100001 #
#184845
1!
#184850
0!
b00100010 #
#184855
1!
#184860
0!
b00100011 #
#184865
1!
#184870
0!
b00100100 #
#184875
1!
#184880
0!
b00100101 #
#184885
1!
#184890
0!
b00100110 #
#184895
1!
#184900
0!
b00100111 #
#184905
1!
#184910
0!
b00101000 #
#184915
1!
#184920
0!
b00101001 #
#184925
1!
#184930
0!
b00101010 #
#184935
1!
#184940
0!
b00101011 #
#184945
1!
#184950
0!
b00101100 #
#184955
1!
#184960
0!
b00101101 #
#184965
1!
#184970
0!
b00101110 #
#184975
1!
#184980
0!
b00101111 #
#184985
1!
#184990
0!
b00110000 #
#184995
1!
#185000
0!
b00110001 #
#185005
1!
#185010
0!
b00110010 #
#185015
1!
#185020
0!
b00110011 #
#185025
1!
#185030
0!
b00110100 #
#185035
1!
#185040
0!
b00110101 #
#185045
1!
#185050
0!
b00110110 #
#185055
1!
#185060
0!
b00110111 #
#185065
1!
#185070
0!
b00111000 #
#185075
1!
#185080
0!
b00111001 #
#185085
1!
#185090
0!
b00111010 #
#185095
1!
#185100
0!
b00111011 #
#185105
1!
#185110
0!
b00111100 #
#185115
1!
#185120
0!
b00111101 #
#185125
1!
#185130
0!
b00111110 #
#185135
1!
#185140
0!
b00111111 #
#185145
1!
#185150
0!
b01000000 #
#185155
1!
#185160
0!
b01000001 #
#185165
1!
#185170
0!
b01000010 #
#185175
1!
#185180
0!
b01000011 #
#185185
1!
#185190
0!
b01000100 #
#185195
1!
#185200
0!
b01000101 #
#185205
1!
#185210
0!
b01000110 #
#185215
1!
#185220
0!
b01000111 #
#185225
1!
#185230
0!
b01001000 #
#185235
1!
#185240
0!
b01001001 #
#185245
1!
#185250
0!
b01001010 #
#185255
1!
#185260
0!
b01001011 #
#185265
1!
#185270
0!
b01001100 #
#185275
1!
#185280
0!
b01001101 #
#185285
1!
#185290
0!
b01001110 #
#185295
1!
#185300
0!
b01001111 #
#185305
1!
#185310
0!
b01010000 #
#185315
1!
#185320
0!
b01010001 #
#185325
1!
#185330
0!
b01010010 #
#185335
1!
#185340
0!
b01010011 #
#185345
1!
#185350
0!
b01010100 #
#185355
1!
#185360
0!
b01010101 #
#185365
1!
#185370
0!
b01010110 #
#185375
1!
#185380
0!
b01010111 #
#185385
1!
#185390
0!
b01011000 #
#185395
1!
#185400
0!
b01011001 #
#185405
1!
#185410
0!
b01011010 #
#185415
1!
#185420
0!
b01011011 #
#185425
1!
#185430
0!
b01011100 #
#185435
1!
#185440
0!
b01011101 #
#185445
1!
#185450
0!
b01011110 #
#185455
1!
#185460
0!
b01011111 #
#185465
1!
#185470
0!
b01100000 #
#185475
1!
#185480
0!
b01100001 #
#185485
1!
#185490
0!
b01100010 #
#185495
1!
#185500
0!
b01100011 #
#185505
1!
#185510
0!
b01100100 #
#185515
1!
#185520
0!
b01100101 #
#185525
1!
#185530
0!
b01100110 #
#185535
1!
#185540
0!
b01100111 #
#185545
1!
#185550
0!
b01101000 #
#185555
1!
#185560
0!
b01101001 #
#185565
1!
#185570
0!
b01101010 #
#185575
1!
#185580
0!
b01101011 #
#185585
1!
#185590
0!
b01101100 #
#185595
1!
#185600
0!
b01101101 #
#185605
1!
#185610
0!
b01101110 #
#185615
1!
#185620
0!
b01101111 #
#185625
1!
0)
#185630
0!
b01110000 #
#185635
1!
#185640
0!
b01110001 #
#185645
1!
#185650
0!
b01110010 #
#185655
1!
#185660
0!
b01110011 #
#185665
1!
#185670
0!
b01110100 #
#185675
1!
#185680
0!
b01110101 #
#185685
1!
#185690
0!
b01110110 #
#185695
1!
#185700
0!
b01110111 #
#185705
1!
#185710
0!
b01111000 #
#185715
1!
#185720
0!
b01111001 #
#185725
1!
#185730
0!
b01111010 #
#185735
1!
#185740
0!
b01111011 #
#185745
1!
#185750
0!
b01111100 #
#185755
1!
#185760
0!
b01111101 #
#185765
1!
#185770
0!
b01111110 #
#185775
1!
#185780
0!
b01111111 #
#185785
1!
#185790
0!
b10000000 #
#185795
1!
#185800
0!
b10000001 #
#185805
1!
#185810
0!
b10000010 #
#185815
1!
#185820
0!
b10000011 #
#185825
1!
#185830
0!
b10000100 #
#185835
1!
#185840
0!
b10000101 #
#185845
1!
#185850
0!
b10000110 #
#185855
1!
#185860
0!
b10000111 #
#185865
1!
#185870
0!
b10001000 #
#185875
1!
#185880
0!
b10001001 #
#185885
1!
#185890
0!
b10001010 #
#185895
1!
#185900
0!
b10001011 #
#185905
1!
#185910
0!
b10001100 #
#185915
1!
#185920
0!
b10001101 #
#185925
1!
#185930
0!
b10001110 #
#185935
1!
#185940
0!
b10001111 #
#185945
1!
#185950
0!
b10010000 #
#185955
1!
#185960
0!
b10010001 #
#185965
1!
#185970
0!
b10010010 #
#185975
1!
#185980
0!
b10010011 #
#185985
1!
#185990
0!
b10010100 #
#185995
1!
#186000
0!
b10010101 #
#186005
1!
#186010
0!
b10010110 #
#186015
1!
#186020
0!
b10010111 #
#186025
1!
#186030
0!
b10011000 #
#186035
1!
#186040
0!
b10011001 #
#186045
1!
#186050
0!
b10011010 #
#186055
1!
#186060
0!
b10011011 #
#186065
1!
#186070
0!
b10011100 #
#186075
1!
#186080
0!
b10011101 #
#186085
1!
#186090
0!
b10011110 #
#186095
1!
#186100
0!
b10011111 #
#186105
1!
#186110
0!
b10100000 #
#186115
1!
#186120
0!
b10100001 #
#186125
1!
#186130
0!
b10100010 #
#186135
1!
#186140
0!
b10100011 #
#186145
1!
#186150
0!
b10100100 #
#186155
1!
#186160
0!
b10100101 #
#186165
1!
#186170
0!
b10100110 #
#186175
1!
#186180
0!
b10100111 #
#186185
1!
#186190
0!
b10101000 #
#186195
1!
#186200
0!
b10101001 #
#186205
1!
#186210
0!
b10101010 #
#186215
1!
#186220
0!
b10101011 #
#186225
1!
#186230
0!
b10101100 #
#186235
1!
#186240
0!
b10101101 #
#186245
1!
#186250
0!
b10101110 #
1*
#186255
1!
#186260
0!
b10101111 #
#186265
1!
#186270
0!
b10110000 #
#186275
1!
#186280
0!
b10110001 #
#186285
1!
#186290
0!
b10110010 #
#186295
1!
#186300
0!
b10110011 #
#186305
1!
#186310
0!
b10110100 #
#186315
1!
#186320
0!
b10110101 #
#186325
1!
#186330
0!
b10110110 #
#186335
1!
#186340
0!
b10110111 #
#186345
1!
#186350
0!
b10111000 #
#186355
1!
#186360
0!
b10111001 #
#186365
1!
#186370
0!
b10111010 #
#186375
1!
#186380
0!
b10111011 #
#186385
1!
#186390
0!
b10111100 #
#186395
1!
#186400
0!
b10111101 #
#186405
1!
#186410
0!
b10111110 #
#186415
1!
#186420
0!
b10111111 #
#186425
1!
#186430
0!
b11000000 #
#186435
1!
#186440
0!
b11000001 #
#186445
1!
#186450
0!
b11000010 #
#186455
1!
#186460
0!
b11000011 #
#186465
1!
#186470
0!
b11000100 #
#186475
1!
#186480
0!
b11000101 #
#186485
1!
#186490
0!
b11000110 #
#186495
1!
#186500
0!
b11000111 #
#186505
1!
#186510
0!
b11001000 #
#186515
1!
#186520
0!
b11001001 #
#186525
1!
#186530
0!
b11001010 #
#186535
1!
#186540
0!
b11001011 #
#186545
1!
#186550
0!
b11001100 #
#186555
1!
#186560
0!
b11001101 #
#186565
1!
#186570
0!
b11001110 #
#186575
1!
#186580
0!
b11001111 #
#186585
1!
#186590
0!
b11010000 #
#186595
1!
#186600
0!
b11010001 #
#186605
1!
#186610
0!
b11010010 #
#186615
1!
#186620
0!
b11010011 #
#186625
1!
#186630
0!
b11010100 #
#186635
1!
#186640
0!
b11010101 #
#186645
1!
#186650
0!
b11010110 #
#186655
1!
#186660
0!
b11010111 #
#186665
1!
#186670
0!
b11011000 #
#186675
1!
#186680
0!
b11011001 #
#186685
1!
#186690
0!
b11011010 #
#186695
1!
#186700
0!
b11011011 #
#186705
1!
#186710
0!
b11011100 #
#186715
1!
#186720
0!
b11011101 #
#186725
1!
#186730
0!
b11011110 #
#186735
1!
#186740
0!
b11011111 #
#186745
1!
#186750
0!
b11100000 #
#186755
1!
#186760
0!
b11100001 #
#186765
1!
#186770
0!
b11100010 #
#186775
1!
#186780
0!
b11100011 #
#186785
1!
#186790
0!
b11100100 #
#186795
1!
#186800
0!
b11100101 #
#186805
1!
#186810
0!
b11100110 #
#186815
1!
#186820
0!
b11100111 #
#186825
1!
#186830
0!
b11101000 #
#186835
1!
#186840
0!
b11101001 #
#186845
1!
#186850
0!
b11101010 #
#186855
1!
#186860
0!
b11101011 #
#186865
1!
#186870
0!
b11101100 #
#186875
1!
1)
#186880
0!
b11101101 #
#186885
1!
#186890
0!
b11101110 #
#186895
1!
#186900
0!
b11101111 #
#186905
1!
#186910
0!
b11110000 #
#186915
1!
#186920
0!
b11110001 #
#186925
1!
#186930
0!
b11110010 #
#186935
1!
#186940
0!
b11110011 #
#186945
1!
#186950
0!
b11110100 #
#186955
1!
#186960
0!
b11110101 #
#186965
1!
#186970
0!
b11110110 #
#186975
1!
#186980
0!
b11110111 #
#186985
1!
#186990
0!
b11111000 #
#186995
1!
#187000
0!
b11111001 #
#187005
1!
#187010
0!
b11111010 #
#187015
1!
#187020
0!
b11111011 #
#187025
1!
#187030
0!
b11111100 #
#187035
1!
#187040
0!
b11111101 #
#187045
1!
#187050
0!
b11111110 #
#187055
1!
#187060
0!
b11111111 #
#187065
1!
#187070
0!
b00000000 #
#187075
1!
#187080
0!
b00000001 #
#187085
1!
#187090
0!
b00000010 #
#187095
1!
#187100
0!
b00000011 #
#187105
1!
#187110
0!
b00000100 #
#187115
1!
#187120
0!
b00000101 #
#187125
1!
#187130
0!
b00000110 #
#187135
1!
#187140
0!
b00000111 #
#187145
1!
#187150
0!
b00001000 #
#187155
1!
#187160
0!
b00001001 #
#187165
1!
#187170
0!
b00001010 #
#187175
1!
#187180
0!
b00001011 #
#187185
1!
#187190
0!
b00001100 #
#187195
1!
#187200
0!
b00001101 #
#187205
1!
#187210
0!
b00001110 #
#187215
1!
#187220
0!
b00001111 #
#187225
1!
#187230
0!
b00010000 #
#187235
1!
#187240
0!
b00010001 #
#187245
1!
#187250
0!
b00010010 #
#187255
1!
#187260
0!
b00010011 #
#187265
1!
#187270
0!
b00010100 #
#187275
1!
#187280
0!
b00010101 #
#187285
1!
#187290
0!
b00010110 #
#187295
1!
#187300
0!
b00010111 #
#187305
1!
#187310
0!
b00011000 #
#187315
1!
#187320
0!
b00011001 #
#187325
1!
#187330
0!
b00011010 #
#187335
1!
#187340
0!
b00011011 #
#187345
1!
#187350
0!
b00011100 #
#187355
1!
#187360
0!
b00011101 #
#187365
1!
#187370
0!
b00011110 #
#187375
1!
#187380
0!
b00011111 #
#187385
1!
#187390
0!
b00100000 #
#187395
1!
#187400
0!
b00100001 #
#187405
1!
#187410
0!
b00100010 #
#187415
1!
#187420
0!
b00100011 #
#187425
1!
#187430
0!
b00100100 #
#187435
1!
#187440
0!
b00100101 #
#187445
1!
#187450
0!
b00100110 #
#187455
1!
#187460
0!
b00100111 #
#187465
1!
#187470
0!
b00101000 #
#187475
1!
#187480
0!
b00101001 #
#187485
1!
#187490
0!
b00101010 #
#187495
1!
#187500
0!
b00101011 #
#187505
1!
#187510
0!
b00101100 #
#187515
1!
#187520
0!
b00101101 #
#187525
1!
#187530
0!
b00101110 #
#187535
1!
#187540
0!
b00101111 #
#187545
1!
#187550
0!
b00110000 #
#187555
1!
#187560
0!
b00110001 #
#187565
1!
#187570
0!
b00110010 #
#187575
1!
#187580
0!
b00110011 #
#187585
1!
#187590
0!
b00110100 #
#187595
1!
#187600
0!
b00110101 #
#187605
1!
#187610
0!
b00110110 #
#187615
1!
#187620
0!
b00110111 #
#187625
1!
#187630
0!
b00111000 #
#187635
1!
#187640
0!
b00111001 #
#187645
1!
#187650
0!
b00111010 #
#187655
1!
#187660
0!
b00111011 #
#187665
1!
#187670
0!
b00111100 #
#187675
1!
#187680
0!
b00111101 #
#187685
1!
#187690
0!
b00111110 #
#187695
1!
#187700
0!
b00111111 #
#187705
1!
#187710
0!
b01000000 #
#187715
1!
#187720
0!
b01000001 #
#187725
1!
#187730
0!
b01000010 #
#187735
1!
#187740
0!
b01000011 #
#187745
1!
#187750
0!
b01000100 #
#187755
1!
#187760
0!
b01000101 #
#187765
1!
#187770
0!
b01000110 #
#187775
1!
#187780
0!
b01000111 #
#187785
1!
#187790
0!
b01001000 #
#187795
1!
#187800
0!
b01001001 #
#187805
1!
#187810
0!
b01001010 #
#187815
1!
#187820
0!
b01001011 #
#187825
1!
#187830
0!
b01001100 #
#187835
1!
#187840
0!
b01001101 #
#187845
1!
#187850
0!
b01001110 #
#187855
1!
#187860
0!
b01001111 #
#187865
1!
#187870
0!
b01010000 #
#187875
1!
#187880
0!
b01010001 #
#187885
1!
#187890
0!
b01010010 #
#187895
1!
#187900
0!
b01010011 #
#187905
1!
#187910
0!
b01010100 #
#187915
1!
#187920
0!
b01010101 #
#187925
1!
#187930
0!
b01010110 #
#187935
1!
#187940
0!
b01010111 #
#187945
1!
#187950
0!
b01011000 #
#187955
1!
#187960
0!
b01011001 #
#187965
1!
#187970
0!
b01011010 #
#187975
1!
#187980
0!
b01011011 #
#187985
1!
#187990
0!
b01011100 #
#187995
1!
#188000
0!
b01011101 #
#188005
1!
#188010
0!
b01011110 #
#188015
1!
#188020
0!
b01011111 #
#188025
1!
#188030
0!
b01100000 #
#188035
1!
#188040
0!
b01100001 #
#188045
1!
#188050
0!
b01100010 #
#188055
1!
#188060
0!
b01100011 #
#188065
1!
#188070
0!
b01100100 #
#188075
1!
#188080
0!
b01100101 #
#188085
1!
#188090
0!
b01100110 #
#188095
1!
#188100
0!
b01100111 #
#188105
1!
#188110
0!
b01101000 #
#188115
1!
#188120
0!
b01101001 #
#188125
1!
0)
#188130
0!
b01101010 #
#188135
1!
#188140
0!
b01101011 #
#188145
1!
#188150
0!
b01101100 #
#188155
1!
#188160
0!
b01101101 #
#188165
1!
#188170
0!
b01101110 #
#188175
1!
#188180
0!
b01101111 #
#188185
1!
#188190
0!
b01110000 #
#188195
1!
#188200
0!
b01110001 #
#188205
1!
#188210
0!
b01110010 #
#188215
1!
#188220
0!
b01110011 #
#188225
1!
#188230
0!
b01110100 #
#188235
1!
#188240
0!
b01110101 #
#188245
1!
#188250
0!
b01110110 #
#188255
1!
#188260
0!
b01110111 #
#188265
1!
#188270
0!
b01111000 #
#188275
1!
#188280
0!
b01111001 #
#188285
1!
#188290
0!
b01111010 #
#188295
1!
#188300
0!
b01111011 #
#188305
1!
#188310
0!
b01111100 #
#188315
1!
#188320
0!
b01111101 #
#188325
1!
#188330
0!
b01111110 #
#188335
1!
#188340
0!
b01111111 #
#188345
1!
#188350
0!
b10000000 #
#188355
1!
#188360
0!
b10000001 #
#188365
1!
#188370
0!
b10000010 #
#188375
1!
#188380
0!
b10000011 #
#188385
1!
#188390
0!
b10000100 #
#188395
1!
#188400
0!
b10000101 #
#188405
1!
#188410
0!
b10000110 #
#188415
1!
#188420
0!
b10000111 #
#188425
1!
#188430
0!
b10001000 #
#188435
1!
#188440
0!
b10001001 #
#188445
1!
#188450
0!
b10001010 #
#188455
1!
#188460
0!
b10001011 #
#188465
1!
#188470
0!
b10001100 #
#188475
1!
#188480
0!
b10001101 #
#188485
1!
#188490
0!
b10001110 #
#188495
1!
#188500
0!
b10001111 #
#188505
1!
#188510
0!
b10010000 #
#188515
1!
#188520
0!
b10010001 #
#188525
1!
#188530
0!
b10010010 #
#188535
1!
#188540
0!
b10010011 #
#188545
1!
#188550
0!
b10010100 #
#188555
1!
#188560
0!
b10010101 #
#188565
1!
#188570
0!
b10010110 #
#188575
1!
#188580
0!
b10010111 #
#188585
1!
#188590
0!
b10011000 #
#188595
1!
#188600
0!
b10011001 #
#188605
1!
#188610
0!
b10011010 #
#188615
1!
#188620
0!
b10011011 #
#188625
1!
#188630
0!
b10011100 #
#188635
1!
#188640
0!
b10011101 #
#188645
1!
#188650
0!
b10011110 #
#188655
1!
#188660
0!
b10011111 #
#188665
1!
#188670
0!
b10100000 #
#188675
1!
#188680
0!
b10100001 #
#188685
1!
#188690
0!
b10100010 #
#188695
1!
#188700
0!
b10100011 #
#188705
1!
#188710
0!
b10100100 #
#188715
1!
#188720
0!
b10100101 #
#188725
1!
#188730
0!
b10100110 #
#188735
1!
#188740
0!
b10100111 #
#188745
1!
#188750
0!
b10101000 #
0*
#188755
1!
#188760
0!
b10101001 #
#188765
1!
#188770
0!
b10101010 #
#188775
1!
#188780
0!
b10101011 #
#188785
1!
#188790
0!
b10101100 #
#188795
1!
#188800
0!
b10101101 #
#188805
1!
#188810
0!
b10101110 #
#188815
1!
#188820
0!
b10101111 #
#188825
1!
#188830
0!
b10110000 #
#188835
1!
#188840
0!
b10110001 #
#188845
1!
#188850
0!
b10110010 #
#188855
1!
#188860
0!
b10110011 #
#188865
1!
#188870
0!
b10110100 #
#188875
1!
#188880
0!
b10110101 #
#188885
1!
#188890
0!
b10110110 #
#188895
1!
#188900
0!
b10110111 #
#188905
1!
#188910
0!
b10111000 #
#188915
1!
#188920
0!
b10111001 #
#188925
1!
#188930
0!
b10111010 #
#188935
1!
#188940
0!
b10111011 #
#188945
1!
#188950
0!
b10111100 #
#188955
1!
#188960
0!
b10111101 #
#188965
1!
#188970
0!
b10111110 #
#188975
1!
#188980
0!
b10111111 #
#188985
1!
#188990
0!
b11000000 #
#188995
1!
#189000
0!
b11000001 #
#189005
1!
#189010
0!
b11000010 #
#189015
1!
#189020
0!
b11000011 #
#189025
1!
#189030
0!
b11000100 #
#189035
1!
#189040
0!
b11000101 #
#189045
1!
#189050
0!
b11000110 #
#189055
1!
#189060
0!
b11000111 #
#189065
1!
#189070
0!
b11001000 #
#189075
1!
#189080
0!
b11001001 #
#189085
1!
#189090
0!
b11001010 #
#189095
1!
#189100
0!
b11001011 #
#189105
1!
#189110
0!
b11001100 #
#189115
1!
#189120
0!
b11001101 #
#189125
1!
#189130
0!
b11001110 #
#189135
1!
#189140
0!
b11001111 #
#189145
1!
#189150
0!
b11010000 #
#189155
1!
#189160
0!
b11010001 #
#189165
1!
#189170
0!
b11010010 #
#189175
1!
#189180
0!
b11010011 #
#189185
1!
#189190
0!
b11010100 #
#189195
1!
#189200
0!
b11010101 #
#189205
1!
#189210
0!
b11010110 #
#189215
1!
#189220
0!
b11010111 #
#189225
1!
#189230
0!
b11011000 #
#189235
1!
#189240
0!
b11011001 #
#189245
1!
#189250
0!
b11011010 #
#189255
1!
#189260
0!
b11011011 #
#189265
1!
#189270
0!
b11011100 #
#189275
1!
#189280
0!
b11011101 #
#189285
1!
#189290
0!
b11011110 #
#189295
1!
#189300
0!
b11011111 #
#189305
1!
#189310
0!
b11100000 #
#189315
1!
#189320
0!
b11100001 #
#189325
1!
#189330
0!
b11100010 #
#189335
1!
#189340
0!
b11100011 #
#189345
1!
#189350
0!
b11100100 #
#189355
1!
#189360
0!
b11100101 #
#189365
1!
#189370
0!
b11100110 #
#189375
1!
1)
#189380
0!
b11100111 #
#189385
1!
#189390
0!
b11101000 #
#189395
1!
#189400
0!
b11101001 #
#189405
1!
#189410
0!
b11101010 #
#189415
1!
#189420
0!
b11101011 #
#189425
1!
#189430
0!
b11101100 #
#189435
1!
#189440
0!
b11101101 #
#189445
1!
#189450
0!
b11101110 #
#189455
1!
#189460
0!
b11101111 #
#189465
1!
#189470
0!
b11110000 #
#189475
1!
#189480
0!
b11110001 #
#189485
1!
#189490
0!
b11110010 #
#189495
1!
#189500
0!
b11110011 #
#189505
1!
#189510
0!
b11110100 #
#189515
1!
#189520
0!
b11110101 #
#189525
1!
#189530
0!
b11110110 #
#189535
1!
#189540
0!
b11110111 #
#189545
1!
#189550
0!
b11111000 #
#189555
1!
#189560
0!
b11111001 #
#189565
1!
#189570
0!
b11111010 #
#189575
1!
#189580
0!
b11111011 #
#189585
1!
#189590
0!
b11111100 #
#189595
1!
#189600
0!
b11111101 #
#189605
1!
#189610
0!
b11111110 #
#189615
1!
#189620
0!
b11111111 #
#189625
1!
#189630
0!
b00000000 #
#189635
1!
#189640
0!
b00000001 #
#189645
1!
#189650
0!
b00000010 #
#189655
1!
#189660
0!
b00000011 #
#189665
1!
#189670
0!
b00000100 #
#189675
1!
#189680
0!
b00000101 #
#189685
1!
#189690
0!
b00000110 #
#189695
1!
#189700
0!
b00000111 #
#189705
1!
#189710
0!
b00001000 #
#189715
1!
#189720
0!
b00001001 #
#189725
1!
#189730
0!
b00001010 #
#189735
1!
#189740
0!
b00001011 #
#189745
1!
#189750
0!
b00001100 #
#189755
1!
#189760
0!
b00001101 #
#189765
1!
#189770
0!
b00001110 #
#189775
1!
#189780
0!
b00001111 #
#189785
1!
#189790
0!
b00010000 #
#189795
1!
#189800
0!
b00010001 #
#189805
1!
#189810
0!
b00010010 #
#189815
1!
#189820
0!
b00010011 #
#189825
1!
#189830
0!
b00010100 #
#189835
1!
#189840
0!
b00010101 #
#189845
1!
#189850
0!
b00010110 #
#189855
1!
#189860
0!
b00010111 #
#189865
1!
#189870
0!
b00011000 #
#189875
1!
#189880
0!
b00011001 #
#189885
1!
#189890
0!
b00011010 #
#189895
1!
#189900
0!
b00011011 #
#189905
1!
#189910
0!
b00011100 #
#189915
1!
#189920
0!
b00011101 #
#189925
1!
#189930
0!
b00011110 #
#189935
1!
#189940
0!
b00011111 #
#189945
1!
#189950
0!
b00100000 #
#189955
1!
#189960
0!
b00100001 #
#189965
1!
#189970
0!
b00100010 #
#189975
1!
#189980
0!
b00100011 #
#189985
1!
#189990
0!
b00100100 #
#189995
1!
#190000
0!
b00100101 #
#190005
1!
#190010
0!
b00100110 #
#190015
1!
#190020
0!
b00100111 #
#190025
1!
#190030
0!
b00101000 #
#190035
1!
#190040
0!
b00101001 #
#190045
1!
#190050
0!
b00101010 #
#190055
1!
#190060
0!
b00101011 #
#190065
1!
#190070
0!
b00101100 #
#190075
1!
#190080
0!
b00101101 #
#190085
1!
#190090
0!
b00101110 #
#190095
1!
#190100
0!
b00101111 #
#190105
1!
#190110
0!
b00110000 #
#190115
1!
#190120
0!
b00110001 #
#190125
1!
#190130
0!
b00110010 #
#190135
1!
#190140
0!
b00110011 #
#190145
1!
#190150
0!
b00110100 #
#190155
1!
#190160
0!
b00110101 #
#190165
1!
#190170
0!
b00110110 #
#190175
1!
#190180
0!
b00110111 #
#190185
1!
#190190
0!
b00111000 #
#190195
1!
#190200
0!
b00111001 #
#190205
1!
#190210
0!
b00111010 #
#190215
1!
#190220
0!
b00111011 #
#190225
1!
#190230
0!
b00111100 #
#190235
1!
#190240
0!
b00111101 #
#190245
1!
#190250
0!
b00111110 #
#190255
1!
#190260
0!
b00111111 #
#190265
1!
#190270
0!
b01000000 #
#190275
1!
#190280
0!
b01000001 #
#190285
1!
#190290
0!
b01000010 #
#190295
1!
#190300
0!
b01000011 #
#190305
1!
#190310
0!
b01000100 #
#190315
1!
#190320
0!
b01000101 #
#190325
1!
#190330
0!
b01000110 #
#190335
1!
#190340
0!
b01000111 #
#190345
1!
#190350
0!
b01001000 #
#190355
1!
#190360
0!
b01001001 #
#190365
1!
#190370
0!
b01001010 #
#190375
1!
#190380
0!
b01001011 #
#190385
1!
#190390
0!
b01001100 #
#190395
1!
#190400
0!
b01001101 #
#190405
1!
#190410
0!
b01001110 #
#190415
1!
#190420
0!
b01001111 #
#190425
1!
#190430
0!
b01010000 #
#190435
1!
#190440
0!
b01010001 #
#190445
1!
#190450
0!
b01010010 #
#190455
1!
#190460
0!
b01010011 #
#190465
1!
#190470
0!
b01010100 #
#190475
1!
#190480
0!
b01010101 #
#190485
1!
#190490
0!
b01010110 #
#190495
1!
#190500
0!
b01010111 #
#190505
1!
#190510
0!
b01011000 #
#190515
1!
#190520
0!
b01011001 #
#190525
1!
#190530
0!
b01011010 #
#190535
1!
#190540
0!
b01011011 #
#190545
1!
#190550
0!
b01011100 #
#190555
1!
#190560
0!
b01011101 #
#190565
1!
#190570
0!
b01011110 #
#190575
1!
#190580
0!
b01011111 #
#190585
1!
#190590
0!
b01100000 #
#190595
1!
#190600
0!
b01100001 #
#190605
1!
#190610
0!
b01100010 #
#190615
1!
#190620
0!
b01100011 #
#190625
1!
0)
#190630
0!
b01100100 #
#190635
1!
#190640
0!
b01100101 #
#190645
1!
#190650
0!
b01100110 #
#190655
1!
#190660
0!
b01100111 #
#190665
1!
#190670
0!
b01101000 #
#190675
1!
#190680
0!
b01101001 #
#190685
1!
#190690
0!
b01101010 #
#190695
1!
#190700
0!
b01101011 #
#190705
1!
#190710
0!
b01101100 #
#190715
1!
#190720
0!
b01101101 #
#190725
1!
#190730
0!
b01101110 #
#190735
1!
#190740
0!
b01101111 #
#190745
1!
#190750
0!
b01110000 #
#190755
1!
#190760
0!
b01110001 #
#190765
1!
#190770
0!
b01110010 #
#190775
1!
#190780
0!
b01110011 #
#190785
1!
#190790
0!
b01110100 #
#190795
1!
#190800
0!
b01110101 #
#190805
1!
#190810
0!
b01110110 #
#190815
1!
#190820
0!
b01110111 #
#190825
1!
#190830
0!
b01111000 #
#190835
1!
#190840
0!
b01111001 #
#190845
1!
#190850
0!
b01111010 #
#190855
1!
#190860
0!
b01111011 #
#190865
1!
#190870
0!
b01111100 #
#190875
1!
#190880
0!
b01111101 #
#190885
1!
#190890
0!
b01111110 #
#190895
1!
#190900
0!
b01111111 #
#190905
1!
#190910
0!
b10000000 #
#190915
1!
#190920
0!
b10000001 #
#190925
1!
#190930
0!
b10000010 #
#190935
1!
#190940
0!
b10000011 #
#190945
1!
#190950
0!
b10000100 #
#190955
1!
#190960
0!
b10000101 #
#190965
1!
#190970
0!
b10000110 #
#190975
1!
#190980
0!
b10000111 #
#190985
1!
#190990
0!
b10001000 #
#190995
1!
#191000
0!
b10001001 #
#191005
1!
#191010
0!
b10001010 #
#191015
1!
#191020
0!
b10001011 #
#191025
1!
#191030
0!
b10001100 #
#191035
1!
#191040
0!
b10001101 #
#191045
1!
#191050
0!
b10001110 #
#191055
1!
#191060
0!
b10001111 #
#191065
1!
#191070
0!
b10010000 #
#191075
1!
#191080
0!
b10010001 #
#191085
1!
#191090
0!
b10010010 #
#191095
1!
#191100
0!
b10010011 #
#191105
1!
#191110
0!
b10010100 #
#191115
1!
#191120
0!
b10010101 #
#191125
1!
#191130
0!
b10010110 #
#191135
1!
#191140
0!
b10010111 #
#191145
1!
#191150
0!
b10011000 #
#191155
1!
#191160
0!
b10011001 #
#191165
1!
#191170
0!
b10011010 #
#191175
1!
#191180
0!
b10011011 #
#191185
1!
#191190
0!
b10011100 #
#191195
1!
#191200
0!
b10011101 #
#191205
1!
#191210
0!
b10011110 #
#191215
1!
#191220
0!
b10011111 #
#191225
1!
#191230
0!
b10100000 #
#191235
1!
#191240
0!
b10100001 #
#191245
1!
#191250
0!
b10100010 #
1*
#191255
1!
#191260
0!
b10100011 #
#191265
1!
#191270
0!
b10100100 #
#191275
1!
#191280
0!
b10100101 #
#191285
1!
#191290
0!
b10100110 #
#191295
1!
#191300
0!
b10100111 #
#191305
1!
#191310
0!
b10101000 #
#191315
1!
#191320
0!
b10101001 #
#191325
1!
#191330
0!
b10101010 #
#191335
1!
#191340
0!
b10101011 #
#191345
1!
#191350
0!
b10101100 #
#191355
1!
#191360
0!
b10101101 #
#191365
1!
#191370
0!
b10101110 #
#191375
1!
#191380
0!
b10101111 #
#191385
1!
#191390
0!
b10110000 #
#191395
1!
#191400
0!
b10110001 #
#191405
1!
#191410
0!
b10110010 #
#191415
1!
#191420
0!
b10110011 #
#191425
1!
#191430
0!
b10110100 #
#191435
1!
#191440
0!
b10110101 #
#191445
1!
#191450
0!
b10110110 #
#191455
1!
#191460
0!
b10110111 #
#191465
1!
#191470
0!
b10111000 #
#191475
1!
#191480
0!
b10111001 #
#191485
1!
#191490
0!
b10111010 #
#191495
1!
#191500
0!
b10111011 #
#191505
1!
#191510
0!
b10111100 #
#191515
1!
#191520
0!
b10111101 #
#191525
1!
#191530
0!
b10111110 #
#191535
1!
#191540
0!
b10111111 #
#191545
1!
#191550
0!
b11000000 #
#191555
1!
#191560
0!
b11000001 #
#191565
1!
#191570
0!
b11000010 #
#191575
1!
#191580
0!
b11000011 #
#191585
1!
#191590
0!
b11000100 #
#191595
1!
#191600
0!
b11000101 #
#191605
1!
#191610
0!
b11000110 #
#191615
1!
#191620
0!
b11000111 #
#191625
1!
#191630
0!
b11001000 #
#191635
1!
#191640
0!
b11001001 #
#191645
1!
#191650
0!
b11001010 #
#191655
1!
#191660
0!
b11001011 #
#191665
1!
#191670
0!
b11001100 #
#191675
1!
#191680
0!
b11001101 #
#191685
1!
#191690
0!
b11001110 #
#191695
1!
#191700
0!
b11001111 #
#191705
1!
#191710
0!
b11010000 #
#191715
1!
#191720
0!
b11010001 #
#191725
1!
#191730
0!
b11010010 #
#191735
1!
#191740
0!
b11010011 #
#191745
1!
#191750
0!
b11010100 #
#191755
1!
#191760
0!
b11010101 #
#191765
1!
#191770
0!
b11010110 #
#191775
1!
#191780
0!
b11010111 #
#191785
1!
#191790
0!
b11011000 #
#191795
1!
#191800
0!
b11011001 #
#191805
1!
#191810
0!
b11011010 #
#191815
1!
#191820
0!
b11011011 #
#191825
1!
#191830
0!
b11011100 #
#191835
1!
#191840
0!
b11011101 #
#191845
1!
#191850
0!
b11011110 #
#191855
1!
#191860
0!
b11011111 #
#191865
1!
#191870
0!
b11100000 #
#191875
1!
1)
#191880
0!
b11100001 #
#191885
1!
#191890
0!
b11100010 #
#191895
1!
#191900
0!
b11100011 #
#191905
1!
#191910
0!
b11100100 #
#191915
1!
#191920
0!
b11100101 #
#191925
1!
#191930
0!
b11100110 #
#191935
1!
#191940
0!
b11100111 #
#191945
1!
#191950
0!
b11101000 #
#191955
1!
#191960
0!
b11101001 #
#191965
1!
#191970
0!
b11101010 #
#191975
1!
#191980
0!
b11101011 #
#191985
1!
#191990
0!
b11101100 #
#191995
1!
#192000
0!
b11101101 #
#192005
1!
#192010
0!
b11101110 #
#192015
1!
#192020
0!
b11101111 #
#192025
1!
#192030
0!
b11110000 #
#192035
1!
#192040
0!
b11110001 #
#192045
1!
#192050
0!
b11110010 #
#192055
1!
#192060
0!
b11110011 #
#192065
1!
#192070
0!
b11110100 #
#192075
1!
#192080
0!
b11110101 #
#192085
1!
#192090
0!
b11110110 #
#192095
1!
#192100
0!
b11110111 #
#192105
1!
#192110
0!
b11111000 #
#192115
1!
#192120
0!
b11111001 #
#192125
1!
#192130
0!
b11111010 #
#192135
1!
#192140
0!
b11111011 #
#192145
1!
#192150
0!
b11111100 #
#192155
1!
#192160
0!
b11111101 #
#192165
1!
#192170
0!
b11111110 #
#192175
1!
#192180
0!
b11111111 #
#192185
1!
#192190
0!
b00000000 #
#192195
1!
#192200
0!
b00000001 #
#192205
1!
#192210
0!
b00000010 #
#192215
1!
#192220
0!
b00000011 #
#192225
1!
#192230
0!
b00000100 #
#192235
1!
#192240
0!
b00000101 #
#192245
1!
#192250
0!
b00000110 #
#192255
1!
#192260
0!
b00000111 #
#192265
1!
#192270
0!
b00001000 #
#192275
1!
#192280
0!
b00001001 #
#192285
1!
#192290
0!
b00001010 #
#192295
1!
#192300
0!
b00001011 #
#192305
1!
#192310
0!
b00001100 #
#192315
1!
#192320
0!
b00001101 #
#192325
1!
#192330
0!
b00001110 #
#192335
1!
#192340
0!
b00001111 #
#192345
1!
#192350
0!
b00010000 #
#192355
1!
#192360
0!
b00010001 #
#192365
1!
#192370
0!
b00010010 #
#192375
1!
#192380
0!
b00010011 #
#192385
1!
#192390
0!
b00010100 #
#192395
1!
#192400
0!
b00010101 #
#192405
1!
#192410
0!
b00010110 #
#192415
1!
#192420
0!
b00010111 #
#192425
1!
#192430
0!
b00011000 #
#192435
1!
#192440
0!
b00011001 #
#192445
1!
#192450
0!
b00011010 #
#192455
1!
#192460
0!
b00011011 #
#192465
1!
#192470
0!
b00011100 #
#192475
1!
#192480
0!
b00011101 #
#192485
1!
#192490
0!
b00011110 #
#192495
1!
#192500
0!
b00011111 #
#192505
1!
#192510
0!
b00100000 #
#192515
1!
#192520
0!
b00100001 #
#192525
1!
#192530
0!
b00100010 #
#192535
1!
#192540
0!
b00100011 #
#192545
1!
#192550
0!
b00100100 #
#192555
1!
#192560
0!
b00100101 #
#192565
1!
#192570
0!
b00100110 #
#192575
1!
#192580
0!
b00100111 #
#192585
1!
#192590
0!
b00101000 #
#192595
1!
#192600
0!
b00101001 #
#192605
1!
#192610
0!
b00101010 #
#192615
1!
#192620
0!
b00101011 #
#192625
1!
#192630
0!
b00101100 #
#192635
1!
#192640
0!
b00101101 #
#192645
1!
#192650
0!
b00101110 #
#192655
1!
#192660
0!
b00101111 #
#192665
1!
#192670
0!
b00110000 #
#192675
1!
#192680
0!
b00110001 #
#192685
1!
#192690
0!
b00110010 #
#192695
1!
#192700
0!
b00110011 #
#192705
1!
#192710
0!
b00110100 #
#192715
1!
#192720
0!
b00110101 #
#192725
1!
#192730
0!
b00110110 #
#192735
1!
#192740
0!
b00110111 #
#192745
1!
#192750
0!
b00111000 #
#192755
1!
#192760
0!
b00111001 #
#192765
1!
#192770
0!
b00111010 #
#192775
1!
#192780
0!
b00111011 #
#192785
1!
#192790
0!
b00111100 #
#192795
1!
#192800
0!
b00111101 #
#192805
1!
#192810
0!
b00111110 #
#192815
1!
#192820
0!
b00111111 #
#192825
1!
#192830
0!
b01000000 #
#192835
1!
#192840
0!
b01000001 #
#192845
1!
#192850
0!
b01000010 #
#192855
1!
#192860
0!
b01000011 #
#192865
1!
#192870
0!
b01000100 #
#192875
1!
#192880
0!
b01000101 #
#192885
1!
#192890
0!
b01000110 #
#192895
1!
#192900
0!
b01000111 #
#192905
1!
#192910
0!
b01001000 #
#192915
1!
#192920
0!
b01001001 #
#192925
1!
#192930
0!
b01001010 #
#192935
1!
#192940
0!
b01001011 #
#192945
1!
#192950
0!
b01001100 #
#192955
1!
#192960
0!
b01001101 #
#192965
1!
#192970
0!
b01001110 #
#192975
1!
#192980
0!
b01001111 #
#192985
1!
#192990
0!
b01010000 #
#192995
1!
#193000
0!
b01010001 #
#193005
1!
#193010
0!
b01010010 #
#193015
1!
#193020
0!
b01010011 #
#193025
1!
#193030
0!
b01010100 #
#193035
1!
#193040
0!
b01010101 #
#193045
1!
#193050
0!
b01010110 #
#193055
1!
#193060
0!
b01010111 #
#193065
1!
#193070
0!
b01011000 #
#193075
1!
#193080
0!
b01011001 #
#193085
1!
#193090
0!
b01011010 #
#193095
1!
#193100
0!
b01011011 #
#193105
1!
#193110
0!
b01011100 #
#193115
1!
#193120
0!
b01011101 #
#193125
1!
0)
#193130
0!
b01011110 #
#193135
1!
#193140
0!
b01011111 #
#193145
1!
#193150
0!
b01100000 #
#193155
1!
#193160
0!
b01100001 #
#193165
1!
#193170
0!
b01100010 #
#193175
1!
#193180
0!
b01100011 #
#193185
1!
#193190
0!
b01100100 #
#193195
1!
#193200
0!
b01100101 #
#193205
1!
#193210
0!
b01100110 #
#193215
1!
#193220
0!
b01100111 #
#193225
1!
#193230
0!
b01101000 #
#193235
1!
#193240
0!
b01101001 #
#193245
1!
#193250
0!
b01101010 #
#193255
1!
#193260
0!
b01101011 #
#193265
1!
#193270
0!
b01101100 #
#193275
1!
#193280
0!
b01101101 #
#193285
1!
#193290
0!
b01101110 #
#193295
1!
#193300
0!
b01101111 #
#193305
1!
#193310
0!
b01110000 #
#193315
1!
#193320
0!
b01110001 #
#193325
1!
#193330
0!
b01110010 #
#193335
1!
#193340
0!
b01110011 #
#193345
1!
#193350
0!
b01110100 #
#193355
1!
#193360
0!
b01110101 #
#193365
1!
#193370
0!
b01110110 #
#193375
1!
#193380
0!
b01110111 #
#193385
1!
#193390
0!
b01111000 #
#193395
1!
#193400
0!
b01111001 #
#193405
1!
#193410
0!
b01111010 #
#193415
1!
#193420
0!
b01111011 #
#193425
1!
#193430
0!
b01111100 #
#193435
1!
#193440
0!
b01111101 #
#193445
1!
#193450
0!
b01111110 #
#193455
1!
#193460
0!
b01111111 #
#193465
1!
#193470
0!
b10000000 #
#193475
1!
#193480
0!
b10000001 #
#193485
1!
#193490
0!
b10000010 #
#193495
1!
#193500
0!
b10000011 #
#193505
1!
#193510
0!
b10000100 #
#193515
1!
#193520
0!
b10000101 #
#193525
1!
#193530
0!
b10000110 #
#193535
1!
#193540
0!
b10000111 #
#193545
1!
#193550
0!
b10001000 #
#193555
1!
#193560
0!
b10001001 #
#193565
1!
#193570
0!
b10001010 #
#193575
1!
#193580
0!
b10001011 #
#193585
1!
#193590
0!
b10001100 #
#193595
1!
#193600
0!
b10001101 #
#193605
1!
#193610
0!
b10001110 #
#193615
1!
#193620
0!
b10001111 #
#193625
1!
#193630
0!
b10010000 #
#193635
1!
#193640
0!
b10010001 #
#193645
1!
#193650
0!
b10010010 #
#193655
1!
#193660
0!
b10010011 #
#193665
1!
#193670
0!
b10010100 #
#193675
1!
#193680
0!
b10010101 #
#193685
1!
#193690
0!
b10010110 #
#193695
1!
#193700
0!
b10010111 #
#193705
1!
#193710
0!
b10011000 #
#193715
1!
#193720
0!
b10011001 #
#193725
1!
#193730
0!
b10011010 #
#193735
1!
#193740
0!
b10011011 #
#193745
1!
#193750
0!
b10011100 #
0*
#193755
1!
#193760
0!
b10011101 #
#193765
1!
#193770
0!
b10011110 #
#193775
1!
#193780
0!
b10011111 #
#193785
1!
#193790
0!
b10100000 #
#193795
1!
#193800
0!
b10100001 #
#193805
1!
#193810
0!
b10100010 #
#193815
1!
#193820
0!
b10100011 #
#193825
1!
#193830
0!
b10100100 #
#193835
1!
#193840
0!
b10100101 #
#193845
1!
#193850
0!
b10100110 #
#193855
1!
#193860
0!
b10100111 #
#193865
1!
#193870
0!
b10101000 #
#193875
1!
#193880
0!
b10101001 #
#193885
1!
#193890
0!
b10101010 #
#193895
1!
#193900
0!
b10101011 #
#193905
1!
#193910
0!
b10101100 #
#193915
1!
#193920
0!
b10101101 #
#193925
1!
#193930
0!
b10101110 #
#193935
1!
#193940
0!
b10101111 #
#193945
1!
#193950
0!
b10110000 #
#193955
1!
#193960
0!
b10110001 #
#193965
1!
#193970
0!
b10110010 #
#193975
1!
#193980
0!
b10110011 #
#193985
1!
#193990
0!
b10110100 #
#193995
1!
#194000
0!
b10110101 #
#194005
1!
#194010
0!
b10110110 #
#194015
1!
#194020
0!
b10110111 #
#194025
1!
#194030
0!
b10111000 #
#194035
1!
#194040
0!
b10111001 #
#194045
1!
#194050
0!
b10111010 #
#194055
1!
#194060
0!
b10111011 #
#194065
1!
#194070
0!
b10111100 #
#194075
1!
#194080
0!
b10111101 #
#194085
1!
#194090
0!
b10111110 #
#194095
1!
#194100
0!
b10111111 #
#194105
1!
#194110
0!
b11000000 #
#194115
1!
#194120
0!
b11000001 #
#194125
1!
#194130
0!
b11000010 #
#194135
1!
#194140
0!
b11000011 #
#194145
1!
#194150
0!
b11000100 #
#194155
1!
#194160
0!
b11000101 #
#194165
1!
#194170
0!
b11000110 #
#194175
1!
#194180
0!
b11000111 #
#194185
1!
#194190
0!
b11001000 #
#194195
1!
#194200
0!
b11001001 #
#194205
1!
#194210
0!
b11001010 #
#194215
1!
#194220
0!
b11001011 #
#194225
1!
#194230
0!
b11001100 #
#194235
1!
#194240
0!
b11001101 #
#194245
1!
#194250
0!
b11001110 #
#194255
1!
#194260
0!
b11001111 #
#194265
1!
#194270
0!
b11010000 #
#194275
1!
#194280
0!
b11010001 #
#194285
1!
#194290
0!
b11010010 #
#194295
1!
#194300
0!
b11010011 #
#194305
1!
#194310
0!
b11010100 #
#194315
1!
#194320
0!
b11010101 #
#194325
1!
#194330
0!
b11010110 #
#194335
1!
#194340
0!
b11010111 #
#194345
1!
#194350
0!
b11011000 #
#194355
1!
#194360
0!
b11011001 #
#194365
1!
#194370
0!
b11011010 #
#194375
1!
1)
#194380
0!
b11011011 #
#194385
1!
#194390
0!
b11011100 #
#194395
1!
#194400
0!
b11011101 #
#194405
1!
#194410
0!
b11011110 #
#194415
1!
#194420
0!
b11011111 #
#194425
1!
#194430
0!
b11100000 #
#194435
1!
#194440
0!
b11100001 #
#194445
1!
#194450
0!
b11100010 #
#194455
1!
#194460
0!
b11100011 #
#194465
1!
#194470
0!
b11100100 #
#194475
1!
#194480
0!
b11100101 #
#194485
1!
#194490
0!
b11100110 #
#194495
1!
#194500
0!
b11100111 #
#194505
1!
#194510
0!
b11101000 #
#194515
1!
#194520
0!
b11101001 #
#194525
1!
#194530
0!
b11101010 #
#194535
1!
#194540
0!
b11101011 #
#194545
1!
#194550
0!
b11101100 #
#194555
1!
#194560
0!
b11101101 #
#194565
1!
#194570
0!
b11101110 #
#194575
1!
#194580
0!
b11101111 #
#194585
1!
#194590
0!
b11110000 #
#194595
1!
#194600
0!
b11110001 #
#194605
1!
#194610
0!
b11110010 #
#194615
1!
#194620
0!
b11110011 #
#194625
1!
#194630
0!
b11110100 #
#194635
1!
#194640
0!
b11110101 #
#194645
1!
#194650
0!
b11110110 #
#194655
1!
#194660
0!
b11110111 #
#194665
1!
#194670
0!
b11111000 #
#194675
1!
#194680
0!
b11111001 #
#194685
1!
#194690
0!
b11111010 #
#194695
1!
#194700
0!
b11111011 #
#194705
1!
#194710
0!
b11111100 #
#194715
1!
#194720
0!
b11111101 #
#194725
1!
#194730
0!
b11111110 #
#194735
1!
#194740
0!
b11111111 #
#194745
1!
#194750
0!
b00000000 #
#194755
1!
#194760
0!
b00000001 #
#194765
1!
#194770
0!
b00000010 #
#194775
1!
#194780
0!
b00000011 #
#194785
1!
#194790
0!
b00000100 #
#194795
1!
#194800
0!
b00000101 #
#194805
1!
#194810
0!
b00000110 #
#194815
1!
#194820
0!
b00000111 #
#194825
1!
#194830
0!
b00001000 #
#194835
1!
#194840
0!
b00001001 #
#194845
1!
#194850
0!
b00001010 #
#194855
1!
#194860
0!
b00001011 #
#194865
1!
#194870
0!
b00001100 #
#194875
1!
#194880
0!
b00001101 #
#194885
1!
#194890
0!
b00001110 #
#194895
1!
#194900
0!
b00001111 #
#194905
1!
#194910
0!
b00010000 #
#194915
1!
#194920
0!
b00010001 #
#194925
1!
#194930
0!
b00010010 #
#194935
1!
#194940
0!
b00010011 #
#194945
1!
#194950
0!
b00010100 #
#194955
1!
#194960
0!
b00010101 #
#194965
1!
#194970
0!
b00010110 #
#194975
1!
#194980
0!
b00010111 #
#194985
1!
#194990
0!
b00011000 #
#194995
1!
#195000
0!
b00011001 #
#195005
1!
#195010
0!
b00011010 #
#195015
1!
#195020
0!
b00011011 #
#195025
1!
#195030
0!
b00011100 #
#195035
1!
#195040
0!
b00011101 #
#195045
1!
#195050
0!
b00011110 #
#195055
1!
#195060
0!
b00011111 #
#195065
1!
#195070
0!
b00100000 #
#195075
1!
#195080
0!
b00100001 #
#195085
1!
#195090
0!
b00100010 #
#195095
1!
#195100
0!
b00100011 #
#195105
1!
#195110
0!
b00100100 #
#195115
1!
#195120
0!
b00100101 #
#195125
1!
#195130
0!
b00100110 #
#195135
1!
#195140
0!
b00100111 #
#195145
1!
#195150
0!
b00101000 #
#195155
1!
#195160
0!
b00101001 #
#195165
1!
#195170
0!
b00101010 #
#195175
1!
#195180
0!
b00101011 #
#195185
1!
#195190
0!
b00101100 #
#195195
1!
#195200
0!
b00101101 #
#195205
1!
#195210
0!
b00101110 #
#195215
1!
#195220
0!
b00101111 #
#195225
1!
#195230
0!
b00110000 #
#195235
1!
#195240
0!
b00110001 #
#195245
1!
#195250
0!
b00110010 #
#195255
1!
#195260
0!
b00110011 #
#195265
1!
#195270
0!
b00110100 #
#195275
1!
#195280
0!
b00110101 #
#195285
1!
#195290
0!
b00110110 #
#195295
1!
#195300
0!
b00110111 #
#195305
1!
#195310
0!
b00111000 #
#195315
1!
#195320
0!
b00111001 #
#195325
1!
#195330
0!
b00111010 #
#195335
1!
#195340
0!
b00111011 #
#195345
1!
#195350
0!
b00111100 #
#195355
1!
#195360
0!
b00111101 #
#195365
1!
#195370
0!
b00111110 #
#195375
1!
#195380
0!
b00111111 #
#195385
1!
#195390
0!
b01000000 #
#195395
1!
#195400
0!
b01000001 #
#195405
1!
#195410
0!
b01000010 #
#195415
1!
#195420
0!
b01000011 #
#195425
1!
#195430
0!
b01000100 #
#195435
1!
#195440
0!
b01000101 #
#195445
1!
#195450
0!
b01000110 #
#195455
1!
#195460
0!
b01000111 #
#195465
1!
#195470
0!
b01001000 #
#195475
1!
#195480
0!
b01001001 #
#195485
1!
#195490
0!
b01001010 #
#195495
1!
#195500
0!
b01001011 #
#195505
1!
#195510
0!
b01001100 #
#195515
1!
#195520
0!
b01001101 #
#195525
1!
#195530
0!
b01001110 #
#195535
1!
#195540
0!
b01001111 #
#195545
1!
#195550
0!
b01010000 #
#195555
1!
#195560
0!
b01010001 #
#195565
1!
#195570
0!
b01010010 #
#195575
1!
#195580
0!
b01010011 #
#195585
1!
#195590
0!
b01010100 #
#195595
1!
#195600
0!
b01010101 #
#195605
1!
#195610
0!
b01010110 #
#195615
1!
#195620
0!
b01010111 #
#195625
1!
0)
#195630
0!
b01011000 #
#195635
1!
#195640
0!
b01011001 #
#195645
1!
#195650
0!
b01011010 #
#195655
1!
#195660
0!
b01011011 #
#195665
1!
#195670
0!
b01011100 #
#195675
1!
#195680
0!
b01011101 #
#195685
1!
#195690
0!
b01011110 #
#195695
1!
#195700
0!
b01011111 #
#195705
1!
#195710
0!
b01100000 #
#195715
1!
#195720
0!
b01100001 #
#195725
1!
#195730
0!
b01100010 #
#195735
1!
#195740
0!
b01100011 #
#195745
1!
#195750
0!
b01100100 #
#195755
1!
#195760
0!
b01100101 #
#195765
1!
#195770
0!
b01100110 #
#195775
1!
#195780
0!
b01100111 #
#195785
1!
#195790
0!
b01101000 #
#195795
1!
#195800
0!
b01101001 #
#195805
1!
#195810
0!
b01101010 #
#195815
1!
#195820
0!
b01101011 #
#195825
1!
#195830
0!
b01101100 #
#195835
1!
#195840
0!
b01101101 #
#195845
1!
#195850
0!
b01101110 #
#195855
1!
#195860
0!
b01101111 #
#195865
1!
#195870
0!
b01110000 #
#195875
1!
#195880
0!
b01110001 #
#195885
1!
#195890
0!
b01110010 #
#195895
1!
#195900
0!
b01110011 #
#195905
1!
#195910
0!
b01110100 #
#195915
1!
#195920
0!
b01110101 #
#195925
1!
#195930
0!
b01110110 #
#195935
1!
#195940
0!
b01110111 #
#195945
1!
#195950
0!
b01111000 #
#195955
1!
#195960
0!
b01111001 #
#195965
1!
#195970
0!
b01111010 #
#195975
1!
#195980
0!
b01111011 #
#195985
1!
#195990
0!
b01111100 #
#195995
1!
#196000
0!
b01111101 #
#196005
1!
#196010
0!
b01111110 #
#196015
1!
#196020
0!
b01111111 #
#196025
1!
#196030
0!
b10000000 #
#196035
1!
#196040
0!
b10000001 #
#196045
1!
#196050
0!
b10000010 #
#196055
1!
#196060
0!
b10000011 #
#196065
1!
#196070
0!
b10000100 #
#196075
1!
#196080
0!
b10000101 #
#196085
1!
#196090
0!
b10000110 #
#196095
1!
#196100
0!
b10000111 #
#196105
1!
#196110
0!
b10001000 #
#196115
1!
#196120
0!
b10001001 #
#196125
1!
#196130
0!
b10001010 #
#196135
1!
#196140
0!
b10001011 #
#196145
1!
#196150
0!
b10001100 #
#196155
1!
#196160
0!
b10001101 #
#196165
1!
#196170
0!
b10001110 #
#196175
1!
#196180
0!
b10001111 #
#196185
1!
#196190
0!
b10010000 #
#196195
1!
#196200
0!
b10010001 #
#196205
1!
#196210
0!
b10010010 #
#196215
1!
#196220
0!
b10010011 #
#196225
1!
#196230
0!
b10010100 #
#196235
1!
#196240
0!
b10010101 #
#196245
1!
#196250
0!
b10010110 #
0*
#196255
1!
#196260
0!
b10010111 #
#196265
1!
#196270
0!
b10011000 #
#196275
1!
#196280
0!
b10011001 #
#196285
1!
#196290
0!
b10011010 #
#196295
1!
#196300
0!
b10011011 #
#196305
1!
#196310
0!
b10011100 #
#196315
1!
#196320
0!
b10011101 #
#196325
1!
#196330
0!
b10011110 #
#196335
1!
#196340
0!
b10011111 #
#196345
1!
#196350
0!
b10100000 #
#196355
1!
#196360
0!
b10100001 #
#196365
1!
#196370
0!
b10100010 #
#196375
1!
#196380
0!
b10100011 #
#196385
1!
#196390
0!
b10100100 #
#196395
1!
#196400
0!
b10100101 #
#196405
1!
#196410
0!
b10100110 #
#196415
1!
#196420
0!
b10100111 #
#196425
1!
#196430
0!
b10101000 #
#196435
1!
#196440
0!
b10101001 #
#196445
1!
#196450
0!
b10101010 #
#196455
1!
#196460
0!
b10101011 #
#196465
1!
#196470
0!
b10101100 #
#196475
1!
#196480
0!
b10101101 #
#196485
1!
#196490
0!
b10101110 #
#196495
1!
#196500
0!
b10101111 #
#196505
1!
#196510
0!
b10110000 #
#196515
1!
#196520
0!
b10110001 #
#196525
1!
#196530
0!
b10110010 #
#196535
1!
#196540
0!
b10110011 #
#196545
1!
#196550
0!
b10110100 #
#196555
1!
#196560
0!
b10110101 #
#196565
1!
#196570
0!
b10110110 #
#196575
1!
#196580
0!
b10110111 #
#196585
1!
#196590
0!
b10111000 #
#196595
1!
#196600
0!
b10111001 #
#196605
1!
#196610
0!
b10111010 #
#196615
1!
#196620
0!
b10111011 #
#196625
1!
#196630
0!
b10111100 #
#196635
1!
#196640
0!
b10111101 #
#196645
1!
#196650
0!
b10111110 #
#196655
1!
#196660
0!
b10111111 #
#196665
1!
#196670
0!
b11000000 #
#196675
1!
#196680
0!
b11000001 #
#196685
1!
#196690
0!
b11000010 #
#196695
1!
#196700
0!
b11000011 #
#196705
1!
#196710
0!
b11000100 #
#196715
1!
#196720
0!
b11000101 #
#196725
1!
#196730
0!
b11000110 #
#196735
1!
#196740
0!
b11000111 #
#196745
1!
#196750
0!
b11001000 #
#196755
1!
#196760
0!
b11001001 #
#196765
1!
#196770
0!
b11001010 #
#196775
1!
#196780
0!
b11001011 #
#196785
1!
#196790
0!
b11001100 #
#196795
1!
#196800
0!
b11001101 #
#196805
1!
#196810
0!
b11001110 #
#196815
1!
#196820
0!
b11001111 #
#196825
1!
#196830
0!
b11010000 #
#196835
1!
#196840
0!
b11010001 #
#196845
1!
#196850
0!
b11010010 #
#196855
1!
#196860
0!
b11010011 #
#196865
1!
#196870
0!
b11010100 #
#196875
1!
1)
#196880
0!
b11010101 #
#196885
1!
#196890
0!
b11010110 #
#196895
1!
#196900
0!
b11010111 #
#196905
1!
#196910
0!
b11011000 #
#196915
1!
#196920
0!
b11011001 #
#196925
1!
#196930
0!
b11011010 #
#196935
1!
#196940
0!
b11011011 #
#196945
1!
#196950
0!
b11011100 #
#196955
1!
#196960
0!
b11011101 #
#196965
1!
#196970
0!
b11011110 #
#196975
1!
#196980
0!
b11011111 #
#196985
1!
#196990
0!
b11100000 #
#196995
1!
#197000
0!
b11100001 #
#197005
1!
#197010
0!
b11100010 #
#197015
1!
#197020
0!
b11100011 #
#197025
1!
#197030
0!
b11100100 #
#197035
1!
#197040
0!
b11100101 #
#197045
1!
#197050
0!
b11100110 #
#197055
1!
#197060
0!
b11100111 #
#197065
1!
#197070
0!
b11101000 #
#197075
1!
#197080
0!
b11101001 #
#197085
1!
#197090
0!
b11101010 #
#197095
1!
#197100
0!
b11101011 #
#197105
1!
#197110
0!
b11101100 #
#197115
1!
#197120
0!
b11101101 #
#197125
1!
#197130
0!
b11101110 #
#197135
1!
#197140
0!
b11101111 #
#197145
1!
#197150
0!
b11110000 #
#197155
1!
#197160
0!
b11110001 #
#197165
1!
#197170
0!
b11110010 #
#197175
1!
#197180
0!
b11110011 #
#197185
1!
#197190
0!
b11110100 #
#197195
1!
#197200
0!
b11110101 #
#197205
1!
#197210
0!
b11110110 #
#197215
1!
#197220
0!
b11110111 #
#197225
1!
#197230
0!
b11111000 #
#197235
1!
#197240
0!
b11111001 #
#197245
1!
#197250
0!
b11111010 #
#197255
1!
#197260
0!
b11111011 #
#197265
1!
#197270
0!
b11111100 #
#197275
1!
#197280
0!
b11111101 #
#197285
1!
#197290
0!
b11111110 #
#197295
1!
#197300
0!
b11111111 #
#197305
1!
#197310
0!
b00000000 #
#197315
1!
#197320
0!
b00000001 #
#197325
1!
#197330
0!
b00000010 #
#197335
1!
#197340
0!
b00000011 #
#197345
1!
#197350
0!
b00000100 #
#197355
1!
#197360
0!
b00000101 #
#197365
1!
#197370
0!
b00000110 #
#197375
1!
#197380
0!
b00000111 #
#197385
1!
#197390
0!
b00001000 #
#197395
1!
#197400
0!
b00001001 #
#197405
1!
#197410
0!
b00001010 #
#197415
1!
#197420
0!
b00001011 #
#197425
1!
#197430
0!
b00001100 #
#197435
1!
#197440
0!
b00001101 #
#197445
1!
#197450
0!
b00001110 #
#197455
1!
#197460
0!
b00001111 #
#197465
1!
#197470
0!
b00010000 #
#197475
1!
#197480
0!
b00010001 #
#197485
1!
#197490
0!
b00010010 #
#197495
1!
#197500
0!
b00010011 #
#197505
1!
#197510
0!
b00010100 #
#197515
1!
#197520
0!
b00010101 #
#197525
1!
#197530
0!
b00010110 #
#197535
1!
#197540
0!
b00010111 #
#197545
1!
#197550
0!
b00011000 #
#197555
1!
#197560
0!
b00011001 #
#197565
1!
#197570
0!
b00011010 #
#197575
1!
#197580
0!
b00011011 #
#197585
1!
#197590
0!
b00011100 #
#197595
1!
#197600
0!
b00011101 #
#197605
1!
#197610
0!
b00011110 #
#197615
1!
#197620
0!
b00011111 #
#197625
1!
#197630
0!
b00100000 #
#197635
1!
#197640
0!
b00100001 #
#197645
1!
#197650
0!
b00100010 #
#197655
1!
#197660
0!
b00100011 #
#197665
1!
#197670
0!
b00100100 #
#197675
1!
#197680
0!
b00100101 #
#197685
1!
#197690
0!
b00100110 #
#197695
1!
#197700
0!
b00100111 #
#197705
1!
#197710
0!
b00101000 #
#197715
1!
#197720
0!
b00101001 #
#197725
1!
#197730
0!
b00101010 #
#197735
1!
#197740
0!
b00101011 #
#197745
1!
#197750
0!
b00101100 #
#197755
1!
#197760
0!
b00101101 #
#197765
1!
#197770
0!
b00101110 #
#197775
1!
#197780
0!
b00101111 #
#197785
1!
#197790
0!
b00110000 #
#197795
1!
#197800
0!
b00110001 #
#197805
1!
#197810
0!
b00110010 #
#197815
1!
#197820
0!
b00110011 #
#197825
1!
#197830
0!
b00110100 #
#197835
1!
#197840
0!
b00110101 #
#197845
1!
#197850
0!
b00110110 #
#197855
1!
#197860
0!
b00110111 #
#197865
1!
#197870
0!
b00111000 #
#197875
1!
#197880
0!
b00111001 #
#197885
1!
#197890
0!
b00111010 #
#197895
1!
#197900
0!
b00111011 #
#197905
1!
#197910
0!
b00111100 #
#197915
1!
#197920
0!
b00111101 #
#197925
1!
#197930
0!
b00111110 #
#197935
1!
#197940
0!
b00111111 #
#197945
1!
#197950
0!
b01000000 #
#197955
1!
#197960
0!
b01000001 #
#197965
1!
#197970
0!
b01000010 #
#197975
1!
#197980
0!
b01000011 #
#197985
1!
#197990
0!
b01000100 #
#197995
1!
#198000
0!
b01000101 #
#198005
1!
#198010
0!
b01000110 #
#198015
1!
#198020
0!
b01000111 #
#198025
1!
#198030
0!
b01001000 #
#198035
1!
#198040
0!
b01001001 #
#198045
1!
#198050
0!
b01001010 #
#198055
1!
#198060
0!
b01001011 #
#198065
1!
#198070
0!
b01001100 #
#198075
1!
#198080
0!
b01001101 #
#198085
1!
#198090
0!
b01001110 #
#198095
1!
#198100
0!
b01001111 #
#198105
1!
#198110
0!
b01010000 #
#198115
1!
#198120
0!
b01010001 #
#198125
1!
0)
#198130
0!
b01010010 #
#198135
1!
#198140
0!
b01010011 #
#198145
1!
#198150
0!
b01010100 #
#198155
1!
#198160
0!
b01010101 #
#198165
1!
#198170
0!
b01010110 #
#198175
1!
#198180
0!
b01010111 #
#198185
1!
#198190
0!
b01011000 #
#198195
1!
#198200
0!
b01011001 #
#198205
1!
#198210
0!
b01011010 #
#198215
1!
#198220
0!
b01011011 #
#198225
1!
#198230
0!
b01011100 #
#198235
1!
#198240
0!
b01011101 #
#198245
1!
#198250
0!
b01011110 #
#198255
1!
#198260
0!
b01011111 #
#198265
1!
#198270
0!
b01100000 #
#198275
1!
#198280
0!
b01100001 #
#198285
1!
#198290
0!
b01100010 #
#198295
1!
#198300
0!
b01100011 #
#198305
1!
#198310
0!
b01100100 #
#198315
1!
#198320
0!
b01100101 #
#198325
1!
#198330
0!
b01100110 #
#198335
1!
#198340
0!
b01100111 #
#198345
1!
#198350
0!
b01101000 #
#198355
1!
#198360
0!
b01101001 #
#198365
1!
#198370
0!
b01101010 #
#198375
1!
#198380
0!
b01101011 #
#198385
1!
#198390
0!
b01101100 #
#198395
1!
#198400
0!
b01101101 #
#198405
1!
#198410
0!
b01101110 #
#198415
1!
#198420
0!
b01101111 #
#198425
1!
#198430
0!
b01110000 #
#198435
1!
#198440
0!
b01110001 #
#198445
1!
#198450
0!
b01110010 #
#198455
1!
#198460
0!
b01110011 #
#198465
1!
#198470
0!
b01110100 #
#198475
1!
#198480
0!
b01110101 #
#198485
1!
#198490
0!
b01110110 #
#198495
1!
#198500
0!
b01110111 #
#198505
1!
#198510
0!
b01111000 #
#198515
1!
#198520
0!
b01111001 #
#198525
1!
#198530
0!
b01111010 #
#198535
1!
#198540
0!
b01111011 #
#198545
1!
#198550
0!
b01111100 #
#198555
1!
#198560
0!
b01111101 #
#198565
1!
#198570
0!
b01111110 #
#198575
1!
#198580
0!
b01111111 #
#198585
1!
#198590
0!
b10000000 #
#198595
1!
#198600
0!
b10000001 #
#198605
1!
#198610
0!
b10000010 #
#198615
1!
#198620
0!
b10000011 #
#198625
1!
#198630
0!
b10000100 #
#198635
1!
#198640
0!
b10000101 #
#198645
1!
#198650
0!
b10000110 #
#198655
1!
#198660
0!
b10000111 #
#198665
1!
#198670
0!
b10001000 #
#198675
1!
#198680
0!
b10001001 #
#198685
1!
#198690
0!
b10001010 #
#198695
1!
#198700
0!
b10001011 #
#198705
1!
#198710
0!
b10001100 #
#198715
1!
#198720
0!
b10001101 #
#198725
1!
#198730
0!
b10001110 #
#198735
1!
#198740
0!
b10001111 #
#198745
1!
#198750
0!
b10010000 #
0*
#198755
1!
#198760
0!
b10010001 #
#198765
1!
#198770
0!
b10010010 #
#198775
1!
#198780
0!
b10010011 #
#198785
1!
#198790
0!
b10010100 #
#198795
1!
#198800
0!
b10010101 #
#198805
1!
#198810
0!
b10010110 #
#198815
1!
#198820
0!
b10010111 #
#198825
1!
#198830
0!
b10011000 #
#198835
1!
#198840
0!
b10011001 #
#198845
1!
#198850
0!
b10011010 #
#198855
1!
#198860
0!
b10011011 #
#198865
1!
#198870
0!
b10011100 #
#198875
1!
#198880
0!
b10011101 #
#198885
1!
#198890
0!
b10011110 #
#198895
1!
#198900
0!
b10011111 #
#198905
1!
#198910
0!
b10100000 #
#198915
1!
#198920
0!
b10100001 #
#198925
1!
#198930
0!
b10100010 #
#198935
1!
#198940
0!
b10100011 #
#198945
1!
#198950
0!
b10100100 #
#198955
1!
#198960
0!
b10100101 #
#198965
1!
#198970
0!
b10100110 #
#198975
1!
#198980
0!
b10100111 #
#198985
1!
#198990
0!
b10101000 #
#198995
1!
#199000
0!
b10101001 #
#199005
1!
#199010
0!
b10101010 #
#199015
1!
#199020
0!
b10101011 #
#199025
1!
#199030
0!
b10101100 #
#199035
1!
#199040
0!
b10101101 #
#199045
1!
#199050
0!
b10101110 #
#199055
1!
#199060
0!
b10101111 #
#199065
1!
#199070
0!
b10110000 #
#199075
1!
#199080
0!
b10110001 #
#199085
1!
#199090
0!
b10110010 #
#199095
1!
#199100
0!
b10110011 #
#199105
1!
#199110
0!
b10110100 #
#199115
1!
#199120
0!
b10110101 #
#199125
1!
#199130
0!
b10110110 #
#199135
1!
#199140
0!
b10110111 #
#199145
1!
#199150
0!
b10111000 #
#199155
1!
#199160
0!
b10111001 #
#199165
1!
#199170
0!
b10111010 #
#199175
1!
#199180
0!
b10111011 #
#199185
1!
#199190
0!
b10111100 #
#199195
1!
#199200
0!
b10111101 #
#199205
1!
#199210
0!
b10111110 #
#199215
1!
#199220
0!
b10111111 #
#199225
1!
#199230
0!
b11000000 #
#199235
1!
#199240
0!
b11000001 #
#199245
1!
#199250
0!
b11000010 #
#199255
1!
#199260
0!
b11000011 #
#199265
1!
#199270
0!
b11000100 #
#199275
1!
#199280
0!
b11000101 #
#199285
1!
#199290
0!
b11000110 #
#199295
1!
#199300
0!
b11000111 #
#199305
1!
#199310
0!
b11001000 #
#199315
1!
#199320
0!
b11001001 #
#199325
1!
#199330
0!
b11001010 #
#199335
1!
#199340
0!
b11001011 #
#199345
1!
#199350
0!
b11001100 #
#199355
1!
#199360
0!
b11001101 #
#199365
1!
#199370
0!
b11001110 #
#199375
1!
1)
#199380
0!
b11001111 #
#199385
1!
#199390
0!
b11010000 #
#199395
1!
#199400
0!
b11010001 #
#199405
1!
#199410
0!
b11010010 #
#199415
1!
#199420
0!
b11010011 #
#199425
1!
#199430
0!
b11010100 #
#199435
1!
#199440
0!
b11010101 #
#199445
1!
#199450
0!
b11010110 #
#199455
1!
#199460
0!
b11010111 #
#199465
1!
#199470
0!
b11011000 #
#199475
1!
#199480
0!
b11011001 #
#199485
1!
#199490
0!
b11011010 #
#199495
1!
#199500
0!
b11011011 #
#199505
1!
#199510
0!
b11011100 #
#199515
1!
#199520
0!
b11011101 #
#199525
1!
#199530
0!
b11011110 #
#199535
1!
#199540
0!
b11011111 #
#199545
1!
#199550
0!
b11100000 #
#199555
1!
#199560
0!
b11100001 #
#199565
1!
#199570
0!
b11100010 #
#199575
1!
#199580
0!
b11100011 #
#199585
1!
#199590
0!
b11100100 #
#199595
1!
#199600
0!
b11100101 #
#199605
1!
#199610
0!
b11100110 #
#199615
1!
#199620
0!
b11100111 #
#199625
1!
#199630
0!
b11101000 #
#199635
1!
#199640
0!
b11101001 #
#199645
1!
#199650
0!
b11101010 #
#199655
1!
#199660
0!
b11101011 #
#199665
1!
#199670
0!
b11101100 #
#199675
1!
#199680
0!
b11101101 #
#199685
1!
#199690
0!
b11101110 #
#199695
1!
#199700
0!
b11101111 #
#199705
1!
#199710
0!
b11110000 #
#199715
1!
#199720
0!
b11110001 #
#199725
1!
#199730
0!
b11110010 #
#199735
1!
#199740
0!
b11110011 #
#199745
1!
#199750
0!
b11110100 #
#199755
1!
#199760
0!
b11110101 #
#199765
1!
#199770
0!
b11110110 #
#199775
1!
#199780
0!
b11110111 #
#199785
1!
#199790
0!
b11111000 #
#199795
1!
#199800
0!
b11111001 #
#199805
1!
#199810
0!
b11111010 #
#199815
1!
#199820
0!
b11111011 #
#199825
1!
#199830
0!
b11111100 #
#199835
1!
#199840
0!
b11111101 #
#199845
1!
#199850
0!
b11111110 #
#199855
1!
#199860
0!
b11111111 #
#199865
1!
#199870
0!
b00000000 #
#199875
1!
#199880
0!
b00000001 #
#199885
1!
#199890
0!
b00000010 #
#199895
1!
#199900
0!
b00000011 #
#199905
1!
#199910
0!
b00000100 #
#199915
1!
#199920
0!
b00000101 #
#199925
1!
#199930
0!
b00000110 #
#199935
1!
#199940
0!
b00000111 #
#199945
1!
#199950
0!
b00001000 #
#199955
1!
#199960
0!
b00001001 #
#199965
1!
#199970
0!
b00001010 #
#199975
1!
#199980
0!
b00001011 #
#199985
1!
#199990
0!
b00001100 #
#199995
1!
#200000
0!
1*
